timestamp,open,high,low,close,volume,quote_volume
2026-01-07T08:00:00+00:00,92879.14,92961.53,91600,92087.21,2601.79745,239581112.2934698
2026-01-07T12:00:00+00:00,92087.21,92299.4,91024,91349.96,3623.32777,332108178.1590524
2026-01-07T16:00:00+00:00,91349.95,91790,90675.52,91186.07,2653.80915,242047959.5615218
2026-01-07T20:00:00+00:00,91186.07,91489.6,90778.32,91364.16,1680.76712,153223434.1402932
2026-01-08T00:00:00+00:00,91364.16,91687.99,90616.36,90813.4,1794.84191,163576940.8863592
2026-01-08T04:00:00+00:00,90813.4,91188,89641.84,90548.02,3107.77644,280939164.4536061
2026-01-08T08:00:00+00:00,90548.02,90917.22,89777.25,90226.77,2431.28077,219513289.1329446
2026-01-08T12:00:00+00:00,90226.77,90847.52,89311,90781.57,4384.25882,394726196.3372755
2026-01-08T16:00:00+00:00,90781.57,91469,90312.89,90937.41,2656.5893,241747417.330853
2026-01-08T20:00:00+00:00,90937.42,91493,90568.11,91099.99,1758.04393,160119493.0663498
2026-01-09T00:00:00+00:00,91100,91632.1,90850,91220.23,1573.86844,143539695.1363659
2026-01-09T04:00:00+00:00,91220.24,91236.72,90738.34,90741.84,1493.55612,135891241.0887249
2026-01-09T08:00:00+00:00,90741.85,90843.77,89694.66,90463.11,2586.72373,233764925.1711699
2026-01-09T12:00:00+00:00,90463.12,92082.55,89850,91176.47,5694.3606,517909140.4216024
2026-01-09T16:00:00+00:00,91176.48,91783.32,90190,90332.15,2962.09045,269968099.0347066
2026-01-09T20:00:00+00:00,90332.14,90732.01,90113.87,90641.28,1279.68005,115834079.3344785
2026-01-10T00:00:00+00:00,90641.27,90782.23,90527.99,90626.14,528.98968,47953156.108902
2026-01-10T04:00:00+00:00,90626.15,90682.7,90408.23,90678.5,491.62648,44519778.6610781
2026-01-10T08:00:00+00:00,90678.5,90832,90618.28,90723.86,647.39632,58733899.4249501
2026-01-10T12:00:00+00:00,90723.87,90788.78,90538.46,90665.75,414.48163,37576099.8211168
2026-01-10T16:00:00+00:00,90665.76,90746,90504.55,90626.54,530.14761,48045037.4675609
2026-01-10T20:00:00+00:00,90626.54,90659.03,90404,90504.7,491.4755,44493403.9966902
2026-01-11T00:00:00+00:00,90504.7,90737.95,90451.1,90733.5,463.88039,42051077.8909056
2026-01-11T04:00:00+00:00,90733.49,90850,90585.34,90710.79,546.84342,49620691.8973478
2026-01-11T08:00:00+00:00,90710.8,90816,90610.27,90754.99,694.37617,63005915.2324175
2026-01-11T12:00:00+00:00,90754.99,91191.5,90708.25,90875.79,1144.02813,104038227.4027365
2026-01-11T16:00:00+00:00,90875.79,91283.89,90673.3,90690.8,961.40735,87473936.3307343
2026-01-11T20:00:00+00:00,90690.81,91041.79,90236,91013.65,1666.60048,151056015.1778082
2026-01-12T00:00:00+00:00,91013.66,92519.95,90700.29,91808.12,3786.46912,347253069.6496484
2026-01-12T04:00:00+00:00,91808.12,92290.81,91381.36,91408.09,1706.23351,156828888.7569121
2026-01-12T08:00:00+00:00,91408.09,91630.13,90370,90620.96,2761.14204,250751817.4697381
2026-01-12T12:00:00+00:00,90620.95,91665,90128.44,91665,2904.06995,263929473.5737071
2026-01-12T16:00:00+00:00,91664.99,92332,91000.53,91861.27,3629.97324,333268940.8490825
2026-01-12T20:00:00+00:00,91861.27,92046.23,90938.2,91296.2,1400.19482,127932671.9702182
2026-01-13T00:00:00+00:00,91296.2,91546.08,91042.66,91408.91,1312.52459,119841692.4564612
2026-01-13T04:00:00+00:00,91408.9,92275.38,91350.71,91942,2568.59009,236174198.0768592
2026-01-13T08:00:00+00:00,91941.99,92672.11,91924.27,92000.74,2545.21662,234776011.9427941
2026-01-13T12:00:00+00:00,92000.73,93450,91787.61,93449.99,4336.89557,401086823.4086086
2026-01-13T16:00:00+00:00,93449.99,94231.82,93078.31,94226.84,4752.59807,444758231.025622
2026-01-13T20:00:00+00:00,94226.85,96495,94062,95414,7505.68988,713133844.2073587
2026-01-14T00:00:00+00:00,95413.99,95722.01,95116.03,95720.99,2381.89992,227239900.7223417
2026-01-14T04:00:00+00:00,95720.99,95799.22,94559.28,95205.1,2873.6342,273149042.5766023
2026-01-14T08:00:00+00:00,95205.11,95315.15,94737.95,94792.99,1756.03488,166885522.1556041
2026-01-14T12:00:00+00:00,94793,97084.68,94680.67,96764.57,6031.62524,580345459.9314647
2026-01-14T16:00:00+00:00,96764.57,97777,96246.56,97267.42,6680.63165,649361297.855257
2026-01-14T20:00:00+00:00,97267.42,97924.49,96772.02,96951.78,3128.06839,304554598.4073449
2026-01-15T00:00:00+00:00,96951.78,97000,95777,95985.1,2821.68199,272054276.5747434
2026-01-15T04:00:00+00:00,95985.11,96760.15,95952.89,96630.48,2056.29256,198178492.146447
2026-01-15T08:00:00+00:00,96630.47,97193.34,96289.98,96581.08,2793.34386,270237014.4926607
2026-01-15T12:00:00+00:00,96581.07,97165.03,95435.91,96737.04,4818.18164,463879280.8432028
2026-01-15T16:00:00+00:00,96737.04,97163,95183.13,95516.01,7868.89039,758114914.4935715
2026-01-15T20:00:00+00:00,95516.01,95871,95134.48,95604.8,1367.42325,130544204.2931082
2026-01-16T00:00:00+00:00,95604.81,95855.12,95321.58,95354.69,1207.1411,115378279.7006572
2026-01-16T04:00:00+00:00,95354.69,95816.83,95133.03,95653.16,2294.926,219083322.7890941
2026-01-16T08:00:00+00:00,95653.16,95871.47,95261.43,95429.09,1614.38797,154250645.183386
2026-01-16T12:00:00+00:00,95429.09,95809.08,94293.46,94585.98,3014.1328,286570081.0735824
2026-01-16T16:00:00+00:00,94585.99,95215.74,94508,95002.09,1854.59442,175975525.5332734
2026-01-16T20:00:00+00:00,95002.09,95600,94682,95550.94,1182.53231,112761553.7972583
2026-01-17T00:00:00+00:00,95550.94,95578.2,95200,95372.95,520.98136,49695618.6579246
2026-01-17T04:00:00+00:00,95372.94,95373.64,95041.7,95101.67,558.53587,53193870.7371647
2026-01-17T08:00:00+00:00,95101.67,95323.86,95021.67,95323.86,614.83515,58543264.6839111
2026-01-17T12:00:00+00:00,95323.85,95639.45,95198.81,95573.64,1450.99515,138504947.1210961
2026-01-17T16:00:00+00:00,95573.65,95576.14,95212.25,95291.38,636.49063,60710385.0233725
2026-01-17T20:00:00+00:00,95291.37,95412.86,95050,95147.77,498.96321,47513855.4484389
2026-01-18T00:00:00+00:00,95147.77,95250,94876.33,95200.29,721.03445,68534005.3790473
2026-01-18T04:00:00+00:00,95200.29,95260,95028.27,95028.27,705.29271,67090007.5607823
2026-01-18T08:00:00+00:00,95028.27,95295.39,95021.44,95168.06,960.00602,91353052.4395281
2026-01-18T12:00:00+00:00,95168.06,95376.24,94910,95119.28,1177.17902,111962283.8024563
2026-01-18T16:00:00+00:00,95119.27,95521.71,95073.02,95380.99,921.46243,87865233.9668337
2026-01-18T20:00:00+00:00,95380.99,95531.12,93615.4,93673.14,2410.20356,227969160.1190641
2026-01-19T00:00:00+00:00,93673.14,93673.14,91910.2,92690.09,6141.54249,569182623.9156358
2026-01-19T04:00:00+00:00,92690.08,92861.41,92385.07,92841.62,1712.23708,158602697.5472185
2026-01-19T08:00:00+00:00,92841.62,93368.44,92702.56,93191.96,1908.98628,177660733.405242
2026-01-19T12:00:00+00:00,93191.96,93226.44,92700,93068.62,1798.82427,167274782.3435379
2026-01-19T16:00:00+00:00,93068.62,93420,92930,93105.85,1153.18382,107439280.6556886
2026-01-19T20:00:00+00:00,93105.85,93342.36,92158.48,92631,1580.75353,146610218.1817242
2026-01-20T00:00:00+00:00,92630.99,92870,92264.7,92434.92,1260.14088,116657929.2894801
2026-01-20T04:00:00+00:00,92434.93,92470.37,90771.78,91177.98,4648.13308,424720877.6339111
2026-01-20T08:00:00+00:00,91177.99,91442.88,90693,91218.99,2254.1302,205329533.2313666
2026-01-20T12:00:00+00:00,91218.99,91371.11,89859.06,90684.95,5038.30665,456669956.357148
2026-01-20T16:00:00+00:00,90684.95,90974.49,89292.48,89725.76,4114.75823,369945918.6934964
2026-01-20T20:00:00+00:00,89725.77,89854.2,87895.98,88427.66,4691.85706,416352453.3887761
2026-01-21T00:00:00+00:00,88427.66,89598.8,88250,89432.33,2980.55061,265236836.1142676
2026-01-21T04:00:00+00:00,89432.33,90120.44,89093.28,89213.95,2049.62852,183603104.5062017
2026-01-21T08:00:00+00:00,89213.96,89493.46,88700,88789.99,2010.929,179332525.5243247
2026-01-21T12:00:00+00:00,88789.99,90574,88196.72,90288.04,4684.20136,418220303.6746183
2026-01-21T16:00:00+00:00,90288.04,90450,87263.53,90355.56,6425.20187,569364367.9891859
2026-01-21T20:00:00+00:00,90355.56,90377,89344.98,89454.73,2466.99236,221950977.5511051
2026-01-22T00:00:00+00:00,89454.73,90359.99,89454.72,89899.51,1561.80923,140523160.2829743
2026-01-22T04:00:00+00:00,89899.51,90215.79,89802,89818.79,1213.67268,109225185.68313
2026-01-22T08:00:00+00:00,89818.79,90150,89760,89941.26,1125.90639,101314930.1144683
2026-01-22T12:00:00+00:00,89941.26,90340,88515.37,89000.01,3512.25665,313969200.3952485
2026-01-22T16:00:00+00:00,89000,89924.46,88676.95,89777.9,2304.40726,205774601.1633822
2026-01-22T20:00:00+00:00,89777.89,89946.13,89140.13,89559.67,1107.45271,99103545.7167853
2026-01-23T00:00:00+00:00,89559.68,89979.97,89450.48,89924.78,1144.14106,102694677.2356154
2026-01-23T04:00:00+00:00,89924.78,90088.94,89400,89549.45,1729.71757,155175753.319069
2026-01-23T08:00:00+00:00,89549.45,89632.18,88860.44,89202.48,1992.68771,177711327.2180448
2026-01-23T12:00:00+00:00,89202.47,89865.53,88578.36,89761.61,2836.93325,253071200.3215104
2026-01-23T16:00:00+00:00,89761.61,91224.99,89489,89982.79,4430.77605,400289384.5526843
2026-01-23T20:00:00+00:00,89982.79,90156.06,89200.68,89600.26,1784.23355,159829923.0319191
2026-01-24T00:00:00+00:00,89600.26,89957.39,89424.39,89770.02,760.9766,68253051.2964822
2026-01-24T04:00:00+00:00,89770.03,89853.38,89572.81,89620.1,954.94709,85657544.750093
2026-01-24T08:00:00+00:00,89620.11,89686.43,89577.97,89595.4,513.59579,46029985.1733966
2026-01-24T12:00:00+00:00,89595.41,89595.41,89171.75,89275.77,1016.91516,90964710.8890066
2026-01-24T16:00:00+00:00,89275.77,89461.4,89162.08,89331.36,560.08706,50024095.7147351
2026-01-24T20:00:00+00:00,89331.36,89489.84,89215.59,89225.34,420.04567,37534758.2681677
2026-01-25T00:00:00+00:00,89225.34,89319.13,88838.72,88960.35,949.82753,84609577.7783958
2026-01-25T04:00:00+00:00,88960.36,89090.13,88635.84,88659.99,1365.03813,121300375.6268614
2026-01-25T08:00:00+00:00,88659.99,88760,88136,88570.17,1276.76207,112976354.3860253
2026-01-25T12:00:00+00:00,88570.17,88971.89,88340.75,88446.5,1271.25718,112761097.715065
2026-01-25T16:00:00+00:00,88446.51,88448.85,86194.85,86495.16,6164.82689,538608130.7562971
2026-01-25T20:00:00+00:00,86495.17,87013.79,86074.72,86670.36,3398.50839,293978153.5789364
2026-01-26T00:00:00+00:00,86670.36,87973.11,86509.63,87282.05,4005.56746,350123125.1282487
2026-01-26T04:00:00+00:00,87282.04,88074.48,87244.27,88000.64,3558.66159,312484747.2534555
2026-01-26T08:00:00+00:00,88000.64,88424.45,87600.69,87855,1820.3712,160098631.2345044
2026-01-26T12:00:00+00:00,87855.01,88860,87325.03,87641.41,4437.30175,390623196.4156781
2026-01-26T16:00:00+00:00,87641.41,88537.95,87035.51,88013.19,2334.22752,204958111.6012256
2026-01-26T20:00:00+00:00,88013.19,88659.09,87542.05,88347.08,1610.38501,141847947.3561025
2026-01-27T00:00:00+00:00,88347.08,88898,88194.82,88788,1649.23753,146115546.388287
2026-01-27T04:00:00+00:00,88787.99,89010,88278.03,88320.41,1448.31937,128262293.6450252
2026-01-27T08:00:00+00:00,88320.41,88397.85,87743.52,87992.74,1462.63908,128741689.5772967
2026-01-27T12:00:00+00:00,87992.74,88474.23,87578.67,88047.46,2499.9435,219898114.5257576
2026-01-27T16:00:00+00:00,88047.46,88819.89,87304.33,88408.77,3647.91175,321389992.0709454
2026-01-27T20:00:00+00:00,88408.78,89523.16,88373.49,89250,2417.35302,215619217.3821913
2026-01-28T00:00:00+00:00,89249.99,89497.96,88985,89126.67,1094.38637,97673536.0569012
2026-01-28T04:00:00+00:00,89126.68,89400,88840,89134.35,1349.92307,120297987.1417755
2026-01-28T08:00:00+00:00,89134.35,90156.72,88833.65,90080,2787.07391,249307731.5313905
2026-01-28T12:00:00+00:00,90079.99,90488,88904.61,89479.66,4428.88675,398176089.5722893
2026-01-28T16:00:00+00:00,89479.66,90600,89006.36,89402.58,3310.08413,296806111.9054422
2026-01-28T20:00:00+00:00,89402.57,89896,88878.01,89299.99,1361.83079,121658384.6436731
2026-01-29T00:00:00+00:00,89300,89348,87704,88053.71,2923.10988,258458116.2063293
2026-01-29T04:00:00+00:00,88053.71,88430.05,87901.23,88352.97,1476.91111,130352487.2188047
2026-01-29T08:00:00+00:00,88352.96,88500,87750.01,87846.5,2299.04104,202350368.0748139
2026-01-29T12:00:00+00:00,87846.5,88182.29,84366.56,84934.02,10107.55386,868554873.9865234
2026-01-29T16:00:00+00:00,84934.02,85638.3,83383.33,84012.11,10787.89043,911383998.6871414
2026-01-29T20:00:00+00:00,84012.11,84737.69,83824.9,84650.16,2836.87569,239281743.7363908
2026-01-30T00:00:00+00:00,84650.16,84735.75,81118,82676.43,12245.12313,1009027615.836988
2026-01-30T04:00:00+00:00,82676.42,83332.2,82056.08,82816.98,4789.41822,396711858.0460145
2026-01-30T08:00:00+00:00,82816.98,83314.85,82160,83151.36,3255.07609,269004440.0688526
2026-01-30T12:00:00+00:00,83151.36,83797.99,82382.01,82883.94,4751.88055,394682897.0529472
2026-01-30T16:00:00+00:00,82882.84,84621.16,81871.37,84242.99,6116.25601,509866885.2613238
2026-01-30T20:00:00+00:00,84243,84523.11,83539.2,84260.49,4038.09393,339330370.2157059
2026-01-31T00:00:00+00:00,84260.5,84270.02,83815.02,84022.69,1727.33956,145238921.8162055
2026-01-31T04:00:00+00:00,84022.7,84146.22,83404.67,83546.81,1349.94572,113129394.9034143
2026-01-31T08:00:00+00:00,83546.82,83629.08,82560.75,83020,2408.78889,200082196.5366967
2026-01-31T12:00:00+00:00,83020,83140,80825.76,81302.15,6811.82932,556391001.7888056
2026-01-31T16:00:00+00:00,81302.16,82200,75719.9,77750.01,22029.61555,1737008005.1952649
2026-01-31T20:00:00+00:00,77750.01,79240,77092.34,78741.09,5164.37229,403414573.3826571
2026-02-01T00:00:00+00:00,78741.1,79424,78284,78868.28,4258.38184,335705316.0150468
2026-02-01T04:00:00+00:00,78868.29,79119.3,77967.69,78343,2563.1542,201446289.0075807
2026-02-01T08:00:00+00:00,78343,79220.72,78148.1,78743.56,2450.30839,192733533.1896487
2026-02-01T12:00:00+00:00,78743.57,78768.68,76761.98,77593.4,4807.63006,373985194.7110624
2026-02-01T16:00:00+00:00,77593.4,78443.1,77000.01,77174.78,2883.53084,223871713.2638358
2026-02-01T20:00:00+00:00,77174.77,77779.63,75700,76968.21,8432.47635,647178510.8602122
2026-02-02T00:00:00+00:00,76968.22,78231.26,74604,76292.98,11449.76567,871702405.1897113
2026-02-02T04:00:00+00:00,76292.98,76958,74911.14,76660.79,9568.39849,726240942.8691734
2026-02-02T08:00:00+00:00,76660.78,77970.62,76628.28,77759.99,5651.50758,437537180.679424
2026-02-02T12:00:00+00:00,77760,79360,77564.62,78850.06,7522.81805,589203781.7803552
2026-02-02T16:00:00+00:00,78850.06,79288.28,78283.27,78341.5,5462.07718,430453810.7566943
2026-02-02T20:00:00+00:00,78341.5,78962.78,77888,78738.61,2619.02319,205614323.1859714
2026-02-03T00:00:00+00:00,78738.6,79186.81,77644.09,78753.32,4012.52848,315222030.4406513
2026-02-03T04:00:00+00:00,78753.32,78999.99,77950,78794.67,2886.84787,226835689.1736536
2026-02-03T08:00:00+00:00,78794.67,79084.29,77950,78079.5,2794.97467,219219491.2244865
2026-02-03T12:00:00+00:00,78079.5,78458.89,77055.54,78132.33,5543.61818,431840559.0602594
2026-02-03T16:00:00+00:00,78132.34,78134.53,72945.5,74935,18839.6377,1410579491.7584775
2026-02-03T20:00:00+00:00,74935,76960,74586.54,75770.21,5042.50199,383205746.9172636
2026-02-04T00:00:00+00:00,75770.21,76971.52,75467.22,76698.17,3573.68321,272738590.7676544
2026-02-04T04:00:00+00:00,76698.17,76830.69,76105.3,76514.3,2837.0505,217015006.3229754
2026-02-04T08:00:00+00:00,76514.3,76607.69,75666,76017.25,2912.66082,221824460.4727163
2026-02-04T12:00:00+00:00,76017.25,76260.85,73794.11,74136.36,8952.94529,671748276.9658481
2026-02-04T16:00:00+00:00,74136.48,74249.83,72169,73923.29,13944.22381,1020412779.4708772
2026-02-04T20:00:00+00:00,73923.3,74144,71888,73165.83,6154.79637,449095517.539075
2026-02-05T00:00:00+00:00,73165.84,73341.18,71152.78,71223.25,8356.43633,602690598.1643588
2026-02-05T04:00:00+00:00,71223.25,71622.82,70140,70756.85,13229.00492,937889720.2388573
2026-02-05T08:00:00+00:00,70756.86,71978.58,69922,70318.35,9382.74194,665219725.6740667
2026-02-05T12:00:00+00:00,70318.35,70872.04,66720.15,67489.07,25214.85527,1731421994.6907675
2026-02-05T16:00:00+00:00,67489.08,68681.81,65200,65265.65,21297.2321,1421929542.3438581
2026-02-05T20:00:00+00:00,65265.66,65700,62345,62909.86,28818.55843,1839594013.1687852
2026-02-06T00:00:00+00:00,62909.87,66010,60000,64168.33,28980.40325,1825125065.7150643
2026-02-06T04:00:00+00:00,64168.33,66826.5,63914.62,64856,13204.36329,862429162.554502
2026-02-06T08:00:00+00:00,64856,66755.13,64500,66631.32,9652.84585,633520566.3146395
2026-02-06T12:00:00+00:00,66631.32,69192,66114.49,68626,17606.82465,1191688651.3854424
2026-02-06T16:00:00+00:00,68625.99,71500,68428.19,70731.46,17283.69927,1210438927.9306434
2026-02-06T20:00:00+00:00,70731.45,71751.33,69837.35,70580.26,5811.079,410854296.7112138
2026-02-07T00:00:00+00:00,70580.26,70928.75,69718,70918.99,4687.77364,329436668.6384284
2026-02-07T04:00:00+00:00,70918.99,71690.07,67300,68087.14,13271.32166,918746524.7167246
2026-02-07T08:00:00+00:00,68087.13,68790,67582.48,67972.65,8689.01558,592443428.2597489
2026-02-07T12:00:00+00:00,67972.65,69999.99,67901.89,69151.5,9290.84055,641961528.7883201
2026-02-07T16:00:00+00:00,69151.5,69898,68531.5,69373.61,6393.31777,442987187.8249819
2026-02-07T20:00:00+00:00,69373.61,69728.83,68787.34,69289.38,1923.21116,133408540.8409485
2026-02-08T00:00:00+00:00,69289.37,69696.57,68888,69099.99,2026.40929,140326686.7608756
2026-02-08T04:00:00+00:00,69100,69719.07,68952.01,69710.69,2878.17149,199578554.510112
2026-02-08T08:00:00+00:00,69710.69,71220,69514.15,70999.98,5309.31519,373686854.8141382
2026-02-08T12:00:00+00:00,70999.99,71554.95,70707.39,71188.99,3659.2176,260509753.907124
2026-02-08T16:00:00+00:00,71188.99,71538.05,70251.33,71422.97,2720.17356,193021003.0587266
2026-02-08T20:00:00+00:00,71422.96,72271.41,70000,70330.38,4827.24455,342880905.6018657
2026-02-09T00:00:00+00:00,70330.38,71453.53,70068.18,71307.56,4021.31441,284095679.0574778
2026-02-09T04:00:00+00:00,71307.56,71359.37,70311.7,70422.59,2930.6054,207409154.6026833
2026-02-09T08:00:00+00:00,70422.59,70608.83,68420.58,68928.72,6108.89766,423568798.5962026
2026-02-09T12:00:00+00:00,68928.71,69884.82,68308,69563.37,6863.78788,474511739.6133422
2026-02-09T16:00:00+00:00,69563.37,71075.31,69100,70957.01,6239.20348,438773832.1992439
2026-02-09T20:00:00+00:00,70957.01,71126,69823.52,70138,2988.91959,210600335.3520278
2026-02-10T00:00:00+00:00,70138,70527.59,69208.61,69511.83,2469.62773,172704357.7800935
2026-02-10T04:00:00+00:00,69511.83,69906.5,68682,68919.66,3133.48778,216937941.2596458
2026-02-10T08:00:00+00:00,68919.66,69417.7,68459.89,68535.01,3589.46371,247678394.22295
2026-02-10T12:00:00+00:00,68535.02,69591.2,67800,69293.37,5843.11364,402003350.4572621
2026-02-10T16:00:00+00:00,69293.37,69993.65,68604.63,69062.01,3997.49855,277163373.0796055
2026-02-10T20:00:00+00:00,69062,69136.91,68362,68841.29,1340.57931,92136206.5603684
2026-02-11T00:00:00+00:00,68841.28,69292.88,68011.11,68187.99,1918.23444,131863432.1500322
2026-02-11T04:00:00+00:00,68188,68325,66557.99,67032.72,5175.02607,348037184.1806555
2026-02-11T08:00:00+00:00,67032.71,67134.42,66369.49,67053.03,3914.08731,261553860.0473432
2026-02-11T12:00:00+00:00,67053.03,68834.34,65756,66519.73,9148.58414,613687854.3077133
2026-02-11T16:00:00+00:00,66519.72,67860.44,65876,67586.67,5004.8715,334532505.5857009
2026-02-11T20:00:00+00:00,67586.66,68369.77,66787.7,67082.52,3557.44256,240839111.2726695
2026-02-12T00:00:00+00:00,67082.52,68047.48,67055.53,67580.99,2100.97039,141942869.0133056
2026-02-12T04:00:00+00:00,67581,67682.69,66670.45,67217.72,2710.60187,182063344.2349478
2026-02-12T08:00:00+00:00,67217.71,68299,66891.6,68076.01,3668.0563,248201740.517306
2026-02-12T12:00:00+00:00,68076.01,68410.52,67014.98,67134.74,4824.24216,326864449.8737072
2026-02-12T16:00:00+00:00,67134.74,67232.04,65118,65788.36,7933.48282,523134993.5762197
2026-02-12T20:00:00+00:00,65788.36,66488.9,65215.06,66272.17,3034.38929,199954748.1187203
2026-02-13T00:00:00+00:00,66272.17,66814,65872.46,66553.08,2583.39216,171471784.549514
2026-02-13T04:00:00+00:00,66553.09,66671.62,66002.98,66208.96,2428.41994,161035736.4843336
2026-02-13T08:00:00+00:00,66208.96,67226.66,66191.52,67171.42,2201.58479,147042475.89495
2026-02-13T12:00:00+00:00,67171.41,69309.8,66867.47,68692.12,6886.55091,467661512.2144619
2026-02-13T16:00:00+00:00,68692.12,69482.97,68540.83,68938.91,4320.62247,298437083.2887491
2026-02-13T20:00:00+00:00,68938.91,69079.4,68683.32,68853.96,1823.97928,125637429.8980462
2026-02-14T00:00:00+00:00,68853.97,69137.5,68768.56,68981.99,1291.93003,89092971.3982967
2026-02-14T04:00:00+00:00,68982,69343,68730.13,69219.26,2188.37379,150914517.3726029
2026-02-14T08:00:00+00:00,69219.27,70560.01,69218.71,70505.74,3530.97709,246699739.2294898
2026-02-14T12:00:00+00:00,70505.74,70533.67,69064.6,69778.28,7103.62124,494341009.808903
2026-02-14T16:00:00+00:00,69778.28,69930.9,69283.02,69873.99,2295.28058,159968386.1711496
2026-02-14T20:00:00+00:00,69873.99,70250.46,69668.05,69822.95,1704.6012,119242690.3795844
2026-02-15T00:00:00+00:00,69822.94,69990.02,69251.5,69954.5,1764.94129,122855046.9713238
2026-02-15T04:00:00+00:00,69954.5,70926.42,69459.35,70828.42,4747.14422,333948500.1118941
2026-02-15T08:00:00+00:00,70828.43,70983,70182.31,70295.22,2073.25418,146147024.8214023
2026-02-15T12:00:00+00:00,70295.22,70418.48,68772.2,69099.99,3852.56524,267188458.526804
2026-02-15T16:00:00+00:00,69100,69100,68000,68286.63,8139.52235,557355357.8491315
2026-02-15T20:00:00+00:00,68286.64,69078.49,68120,68832.58,1712.6248,117600183.8562588
2026-02-16T00:00:00+00:00,68832.59,69065.5,68143.22,68424.82,1757.09824,120437657.0829231
2026-02-16T04:00:00+00:00,68424.82,68900,68228.76,68587.9,1421.8609,97488651.3228872
2026-02-16T08:00:00+00:00,68587.89,69060.77,68338.9,68812.83,1609.09509,110671876.4698025
2026-02-16T12:00:00+00:00,68812.84,70126.67,67294.11,67539.52,6563.57157,450264428.9153964
2026-02-16T16:00:00+00:00,67539.53,68245.34,67513.94,67913.43,2266.56859,153859865.3738279
2026-02-16T20:00:00+00:00,67913.44,68978.88,67827.11,68892.43,1897.57095,130075439.08876
2026-02-17T00:00:00+00:00,68892.43,69241.5,68387.2,68474.9,1970.0963,135593412.0375882
2026-02-17T04:00:00+00:00,68474.9,68707.49,67892,68388.12,1507.90265,103003352.4639145
2026-02-17T08:00:00+00:00,68388.12,68479.17,67690,67854.6,1702.22977,115739259.1299135
2026-02-17T12:00:00+00:00,67854.6,68360.5,66621.06,67392.05,5962.49538,401928066.2643107
2026-02-17T16:00:00+00:00,67392.06,68235.39,66881.08,67793.32,4203.96684,284459179.7063412
2026-02-17T20:00:00+00:00,67793.32,67928.08,67394,67503.52,1142.37827,77264381.6927439
2026-02-18T00:00:00+00:00,67503.52,67705.65,66892.03,67629.11,1226.88759,82553427.777355
2026-02-18T04:00:00+00:00,67629.1,68219.81,67500.1,68106.44,1433.81961,97273973.5580948
2026-02-18T08:00:00+00:00,68106.44,68476.22,67076.9,67369.75,1922.15458,130457995.8237113
2026-02-18T12:00:00+00:00,67369.75,68347.72,66717.3,67694.01,4330.13695,292091020.6579329
2026-02-18T16:00:00+00:00,67694.01,67706.94,65870,66177.14,4311.92393,287693234.23302
2026-02-18T20:00:00+00:00,66177.15,66550,66053.6,66461,2267.51573,150423872.6020096
2026-02-19T00:00:00+00:00,66461,66997.07,66345,66980.91,1337.23292,89215477.4247236
2026-02-19T04:00:00+00:00,66980.91,67320,66679.76,67206.45,1593.15988,106782407.8013098
2026-02-19T08:00:00+00:00,67206.45,67206.45,66478.02,66496.02,1879.33579,125701951.6413813
2026-02-19T12:00:00+00:00,66496.03,66755.39,65631.83,66398,4451.59374,294777171.2589781
2026-02-19T16:00:00+00:00,66398.01,67198.1,65899.25,67050,3411.99791,227326562.8891269
2026-02-19T20:00:00+00:00,67050,67168.86,66652.34,67003.73,1868.94964,125060001.7666329
2026-02-20T00:00:00+00:00,67003.73,67488.67,66949.41,67366.25,1472.92111,99110593.9634002
2026-02-20T04:00:00+00:00,67366.25,68006,67115.38,67825.91,2411.4783,163260352.8293299
2026-02-20T08:00:00+00:00,67825.91,68318.39,67280.6,67318.41,3414.63472,231878790.4103248
2026-02-20T12:00:00+00:00,67318.41,68083.98,66280.2,67582.95,16088.45139,1076569222.8511875
2026-02-20T16:00:00+00:00,67582.95,68000,66952.11,67646.03,9574.1468,645056109.1630122
2026-02-20T20:00:00+00:00,67646.03,68233.99,67520.3,68020.01,2390.23859,162204081.3505927
2026-02-21T00:00:00+00:00,68020,68099.54,67534.69,67667.77,1582.09541,107364098.1290507
2026-02-21T04:00:00+00:00,67667.77,67924.39,67593.99,67856.01,716.23217,48558986.6761004
2026-02-21T08:00:00+00:00,67856.01,68314.54,67807.3,68092.45,1384.49772,94339705.7247532
2026-02-21T12:00:00+00:00,68092.45,68698.7,67915,68615,1818.30536,124341927.9955416
2026-02-21T16:00:00+00:00,68615.01,68658.5,68101.78,68543.51,1410.16439,96460314.9543123
2026-02-21T20:00:00+00:00,68543.51,68605.63,67900,67975.93,1121.54626,76527045.3674407
2026-02-22T00:00:00+00:00,67975.93,68222.16,67809.78,68041.43,1114.48202,75773591.3648503
2026-02-22T04:00:00+00:00,68041.42,68178.79,67881.81,68005.3,923.792,62843242.0925301
2026-02-22T08:00:00+00:00,68005.3,68245,67912.02,68219.97,733.14137,49907325.461369
2026-02-22T12:00:00+00:00,68219.97,68232.4,67303.5,67684.14,2531.23331,171259766.2074006
2026-02-22T16:00:00+00:00,67684.15,67718.13,67190,67428.32,1575.66204,106232820.2557924
2026-02-22T20:00:00+00:00,67428.32,67751.44,67350,67643.4,1296.8241,87596590.1954712
2026-02-23T00:00:00+00:00,67643.39,67684.86,64290.71,64934.17,11022.665,719316556.6220675
2026-02-23T04:00:00+00:00,64934.18,66015.22,64685.64,65958.94,4119.82727,269087200.2735727
2026-02-23T08:00:00+00:00,65958.94,66600,65565.78,66207.23,3194.00092,211089133.5742879
2026-02-23T12:00:00+00:00,66207.23,66511.51,65529.73,65660.1,3796.34009,250678780.5066995
2026-02-23T16:00:00+00:00,65660.1,65724.28,64048.71,64295.1,7179.94577,465035277.9538296
2026-02-23T20:00:00+00:00,64295.11,65035.98,63888.79,64656.02,3763.13018,242951707.1910594
2026-02-24T00:00:00+00:00,64656.01,65026.75,63342.9,63595.51,4752.76382,304582065.380726
2026-02-24T04:00:00+00:00,63595.51,63628.52,62700.8,63192.96,4939.8898,311930854.8533944
2026-02-24T08:00:00+00:00,63192.79,63444.66,62908.92,63227.1,2234.59315,141250227.984066
2026-02-24T12:00:00+00:00,63227.11,64031.76,62510.28,63973.97,5539.65443,349781798.6652192
2026-02-24T16:00:00+00:00,63973.98,64743.11,63689.54,64435.03,3972.72259,255228016.8838635
2026-02-24T20:00:00+00:00,64435.03,64591.99,63820.5,64058.15,1663.21243,106739195.952666
2026-02-25T00:00:00+00:00,64058.15,66310,63913.27,65391.73,5187.17213,340689638.6677377
2026-02-25T04:00:00+00:00,65391.74,65650,64755.26,65028.3,2632.47033,171502919.9654499
2026-02-25T08:00:00+00:00,65028.3,65692.62,64955.79,65430.04,1997.89784,130658074.8614692
2026-02-25T12:00:00+00:00,65430.04,67578,65324.62,67412.33,7879.83719,524713731.2505769
2026-02-25T16:00:00+00:00,67412.32,69550,67404,69038.26,8300.46334,569565261.2716299
2026-02-25T20:00:00+00:00,69038.26,69988.83,67600,67988.04,4752.15176,326960076.8275714
2026-02-26T00:00:00+00:00,67988.04,68700,67727.52,68216.86,2995.4703,204243504.1205341
2026-02-26T04:00:00+00:00,68216.87,68860,67817.87,67825.04,2533.15622,172982723.1773975
2026-02-26T08:00:00+00:00,67825.05,68722.64,67792,68051.31,3268.6173,223131053.3997064
2026-02-26T12:00:00+00:00,68051.3,68303.83,66761.16,67382,5206.19537,352032201.0536893
2026-02-26T16:00:00+00:00,67382,67903.12,66500,67589.22,5230.45057,350888815.7228144
2026-02-26T20:00:00+00:00,67589.21,67831.11,67150.14,67485.18,1503.88816,101496368.0904191
2026-02-27T00:00:00+00:00,67485.19,67712.16,66885,67600.84,2159.8345,145292524.4184491
2026-02-27T04:00:00+00:00,67600.84,68216.8,67459.3,67690.6,3025.27268,204988053.0972459
2026-02-27T08:00:00+00:00,67690.6,68149.93,65960.01,66126.99,4904.69534,329331029.4633696
2026-02-27T12:00:00+00:00,66126.99,66344.9,65649.34,66095.4,5494.9383,362645055.2392672
2026-02-27T16:00:00+00:00,66095.4,66121.03,65113.72,65392.18,3875.92624,253965829.4380545
2026-02-27T20:00:00+00:00,65392.18,65953.2,64914.46,65872.1,1767.91718,115811331.9055865
2026-02-28T00:00:00+00:00,65872.09,66025.52,65721.13,65797.42,1045.74408,68899635.5585721
2026-02-28T04:00:00+00:00,65797.42,65818.44,63030,63826,5914.91449,379525323.4205195
2026-02-28T08:00:00+00:00,63825.99,64307.44,63372.1,63844.2,4734.32265,302198131.4846222
2026-02-28T12:00:00+00:00,63844.2,65360.51,63827.2,64841.18,4286.48357,276667056.3467563
2026-02-28T16:00:00+00:00,64841.17,66666.65,64681.81,66362.01,2999.13046,196852498.7497526
2026-02-28T20:00:00+00:00,66362.01,67760,66190.61,66973.26,3568.12124,238721762.7013438
2026-03-01T00:00:00+00:00,66973.26,68199.99,66042.72,67502.16,4690.36208,315933147.6882638
2026-03-01T04:00:00+00:00,67502.16,67612.14,66749.35,67141.39,3167.39554,212669357.206773
2026-03-01T08:00:00+00:00,67141.4,67292.3,66215.71,66468.03,3250.92047,216568852.6606207
2026-03-01T12:00:00+00:00,66468.04,67360.57,66132.27,66842.42,3640.03253,243482209.4634985
2026-03-01T16:00:00+00:00,66842.42,67112.37,65699.98,65962.17,3900.17922,258474615.1805036
2026-03-01T20:00:00+00:00,65962.16,66491.43,65056,65776.47,4552.96875,298655560.7065405
2026-03-02T00:00:00+00:00,65776.48,67079,65761.04,66820.03,2940.58836,195460980.0822989
2026-03-02T04:00:00+00:00,66820.03,66995.64,65542.6,66007.52,3610.46533,239534194.9197499
2026-03-02T08:00:00+00:00,66007.8,66720.84,65654.54,66359.68,4361.76571,288860625.9464562
2026-03-02T12:00:00+00:00,66359.67,69617.74,65259.21,69130.2,10831.61306,729583263.7070437
2026-03-02T16:00:00+00:00,69130.2,70096,68576.18,68966.53,6828.10762,473251950.1776373
2026-03-02T20:00:00+00:00,68966.52,69539.77,68584.9,68830.06,3437.84423,237887827.0127313
2026-03-03T00:00:00+00:00,68830.06,69258.08,68210.71,68377.94,2362.09713,162194743.8125237
2026-03-03T04:00:00+00:00,68377.94,68617.42,67800,68172.8,3337.11294,227365622.9491671
2026-03-03T08:00:00+00:00,68172.79,68311.83,66340.14,67026.61,6082.75912,407750552.8538524
2026-03-03T12:00:00+00:00,67026.6,67973.2,66158,67725.81,5443.2888,365374591.7864637
2026-03-03T16:00:00+00:00,67725.82,68999,67473.09,68435,5484.70019,374668661.1202111
2026-03-03T20:00:00+00:00,68435,68860,67832.3,68338,2262.28362,154494497.4208002
2026-03-04T00:00:00+00:00,68338.01,68909.34,67400,67732.2,3814.8635,260143413.7925685
2026-03-04T04:00:00+00:00,67732.19,69668,67467.6,69493.13,5088.84069,348079968.9780357
2026-03-04T08:00:00+00:00,69493.14,71893,69098.91,71111.4,12146.09777,860248372.6127144
2026-03-04T12:00:00+00:00,71111.4,73479.75,70588,73396.88,11378.24344,819140291.8671455
2026-03-04T16:00:00+00:00,73396.87,74050,72541.69,73611.1,8665.00622,635919281.7995369
2026-03-04T20:00:00+00:00,73611.67,73716,72313.04,72666.77,3826.02448,279333118.5824596
2026-03-05T00:00:00+00:00,72666.77,73306.82,72336.76,72497.89,3122.96483,227063662.7139999
2026-03-05T04:00:00+00:00,72497.89,73081.08,71759.95,72055.5,4346.02458,314663609.3223868
2026-03-05T08:00:00+00:00,72055.5,73558.15,71757.17,72915.79,6262.38044,455517410.8352307
2026-03-05T12:00:00+00:00,72915.8,73063.38,71168.65,71652.77,5607.55823,404671506.8312567
2026-03-05T16:00:00+00:00,71652.77,71654.65,70645.47,70918.07,4306.65518,306013987.5005776
2026-03-05T20:00:00+00:00,70918.08,71572.3,70777,70890.72,2944.92927,209584513.1843824
2026-03-06T00:00:00+00:00,70891.02,71419.98,70344.03,71080.38,3031.93266,215330427.3255905
2026-03-06T04:00:00+00:00,71080.37,71192.76,70143.19,71056.44,3088.31108,218031219.9120896
2026-03-06T08:00:00+00:00,71056.44,71067.58,70184.01,70212.95,2441.15545,172353281.1319259
2026-03-06T12:00:00+00:00,70212.94,70341.76,68176.47,68504.71,8554.35815,592660463.1762095
2026-03-06T16:00:00+00:00,68504.71,68795.44,67744.78,68131.79,3324.41432,226978112.7889519
2026-03-06T20:00:00+00:00,68131.79,68440.92,67777,68114.02,2189.71556,149247694.5401206
2026-03-07T00:00:00+00:00,68114.02,68551.04,68060.6,68095.5,1736.7267,118500991.5996628
2026-03-07T04:00:00+00:00,68095.5,68147.73,67446.41,67842.67,2373.66763,161076990.8964815
2026-03-07T08:00:00+00:00,67842.67,68232.27,67720.98,68010.01,1490.07738,101284844.6943565
2026-03-07T12:00:00+00:00,68010,68085.41,67609.44,67877.45,1728.39414,117439050.8952563
2026-03-07T16:00:00+00:00,67877.45,67935.01,66915.26,67080.34,3059.42816,206469684.4869647
2026-03-07T20:00:00+00:00,67080.33,67483.05,67068.01,67262.91,2331.24914,156958299.280327
2026-03-08T00:00:00+00:00,67262.91,67481.96,66833.58,67000.26,2883.43952,193604407.914392
2026-03-08T04:00:00+00:00,67000.26,67465.11,66547.15,67319.91,2866.09804,192314275.5770752
2026-03-08T08:00:00+00:00,67319.9,68200,67156.93,67515,3303.40428,223403298.9789097
2026-03-08T12:00:00+00:00,67515,67650.94,66761.68,67218.23,4464.48396,299754730.8224838
2026-03-08T16:00:00+00:00,67218.23,67485.24,66745.54,67337.42,2550.26884,170987954.6338146
2026-03-08T20:00:00+00:00,67337.41,67609.08,65618.49,65971.2,5525.94437,367457492.3887793
2026-03-09T00:00:00+00:00,65971.2,67668.64,65821.97,67205.05,5224.01016,347784581.6434104
2026-03-09T04:00:00+00:00,67205.06,68069.29,66853.48,67555.13,3826.34806,258129347.7514894
2026-03-09T08:00:00+00:00,67555.13,68460.09,67344.45,67764.98,4105.57826,278379482.6512458
2026-03-09T12:00:00+00:00,67764.99,69480,67759.57,68863.66,7802.97956,537339607.9050617
2026-03-09T16:00:00+00:00,68863.67,69516.65,68179.12,68991.93,5039.37719,346548555.5265658
2026-03-09T20:00:00+00:00,68991.93,69145.28,68384.69,68432.16,2898.42807,199440475.9719071
2026-03-10T00:00:00+00:00,68432.16,70578.29,68391.41,69429.85,5314.5727,369613710.457061
2026-03-10T04:00:00+00:00,69429.85,70546.74,69429.85,70406.01,4907.28195,343839408.7553136
2026-03-10T08:00:00+00:00,70406.01,71300,70369,70580.94,6270.5173,444063485.7480411
2026-03-10T12:00:00+00:00,70580.95,71777,69266.06,71346.16,7000.10748,494238684.2102584
2026-03-10T16:00:00+00:00,71346.17,71700,69739,70043.63,5504.97942,388867513.7329833
2026-03-10T20:00:00+00:00,70043.63,70417.3,69452.42,69948.63,3605.11841,251902818.5368631
2026-03-11T00:00:00+00:00,69948.64,70173.25,69488.7,69551.91,4402.46797,307602594.0660655
2026-03-11T04:00:00+00:00,69551.91,70281.87,69420,69648.29,3080.54464,214905414.7021261
2026-03-11T08:00:00+00:00,69648.28,69786.32,69150.28,69173,3538.73168,246139697.3379169
2026-03-11T12:00:00+00:00,69172.99,71091.18,68977.91,70227.91,7789.43505,546631398.5251175
2026-03-11T16:00:00+00:00,70227.92,71321,70161.78,70641.82,5738.49617,405798492.0419871
2026-03-11T20:00:00+00:00,70641.81,70950,70125.83,70191.86,2699.59991,190222999.5609547
2026-03-12T00:00:00+00:00,70191.86,70353.87,69226.52,69446.61,2576.17397,179851991.824294
2026-03-12T04:00:00+00:00,69446.61,69865.98,69205.91,69826.19,2721.97342,189174496.6294747
2026-03-12T08:00:00+00:00,69826.19,70800,69580,70427.91,4649.38407,325969012.1752063
2026-03-12T12:00:00+00:00,70427.9,70660.69,69355.34,70334.88,6097.47646,427454481.5631987
2026-03-12T16:00:00+00:00,70334.89,70569.15,69770.85,70432.32,3616.058,253926548.3153758
2026-03-12T20:00:00+00:00,70432.33,70734.25,70013.17,70541.34,2336.09458,164368694.0025567
2026-03-13T00:00:00+00:00,70541.34,72000,70386.01,71405.75,5755.69452,410956837.454275
2026-03-13T04:00:00+00:00,71405.76,71672.76,71180.19,71612.22,4181.63698,298646868.2792795
2026-03-13T08:00:00+00:00,71612.23,72575.98,71385.28,72228.82,5105.1507,367920577.2565952
2026-03-13T12:00:00+00:00,72228.81,73913.74,71736.34,71831.46,12303.83944,897214013.6131018
2026-03-13T16:00:00+00:00,71831.46,72249.99,70841.23,71189.95,5469.31306,391164040.7280568
2026-03-13T20:00:00+00:00,71189.96,71491.03,70559.02,70930,3180.98208,225866188.9648388
2026-03-14T00:00:00+00:00,70930.01,71185.23,70481.7,71081.3,3513.45361,248931541.4962061
2026-03-14T04:00:00+00:00,71081.31,71307.92,70317,70596.68,2929.58232,207603173.343642
2026-03-14T08:00:00+00:00,70596.68,70784.38,70389.08,70751.42,2494.95824,176124209.0166935
2026-03-14T12:00:00+00:00,70751.42,70941.17,70501,70580.09,2537.57782,179480109.2769924
2026-03-14T16:00:00+00:00,70580.09,70740.34,70500,70700,686.93095,48522650.0212293
2026-03-14T20:00:00+00:00,70699.99,71253.17,70650.09,71211.95,854.74443,60646947.7915136
2026-03-15T00:00:00+00:00,71211.95,71634.08,70858.82,71363.14,2591.56425,184672005.8293693
2026-03-15T04:00:00+00:00,71363.13,71800.68,71330.66,71453.59,2377.69395,170159927.4942838
2026-03-15T08:00:00+00:00,71453.59,71940.49,71453.59,71839.42,2170.1455,155736370.8253817
2026-03-15T12:00:00+00:00,71839.41,71839.42,71263.99,71481.24,2095.3494,149835974.0920559
2026-03-15T16:00:00+00:00,71481.24,71989.93,71320.08,71549.94,1241.1248,88810069.5680162
2026-03-15T20:00:00+00:00,71549.94,73199,71433.75,72815.24,3561.42914,258120607.4345445
2026-03-16T00:00:00+00:00,72815.25,74330.34,72270.41,73573.32,5313.15699,389442556.8632091
2026-03-16T04:00:00+00:00,73573.31,74451.03,73385.18,73456.68,5517.22506,407380420.4308948
2026-03-16T08:00:00+00:00,73456.69,73838.76,72888.8,73552.77,3812.93394,279823403.9050624
2026-03-16T12:00:00+00:00,73552.78,74509.52,72990.52,73274.76,5744.41989,423921783.6371036
2026-03-16T16:00:00+00:00,73274.75,74418.6,73160.66,73963,4131.80846,305341632.0129753
2026-03-16T20:00:00+00:00,73963,74909.08,73863.2,74884.67,3889.98585,289949714.7156184
2026-03-17T00:00:00+00:00,74884.67,76000,74268.73,74463.98,6925.21053,520737829.6052472
2026-03-17T04:00:00+00:00,74463.98,74712.89,73784,74249.32,4918.92532,365111500.757466
2026-03-17T08:00:00+00:00,74249.32,74452.97,73560.98,74033.11,3022.84272,223632439.1780496
2026-03-17T12:00:00+00:00,74033.1,74893.94,73399.19,73914.39,4507.55719,333551863.3973936
2026-03-17T16:00:00+00:00,73914.4,74800,73855.24,74512.17,3050.04683,226963985.2101874
2026-03-17T20:00:00+00:00,74511.21,74799,73871.74,73909.36,2096.68377,155979113.1843294
2026-03-18T00:00:00+00:00,73909.37,74672.34,73535.36,74446.14,2220.38681,164555203.6264512
2026-03-18T04:00:00+00:00,74446.14,74486.3,73700.01,73883.8,2292.66886,169807068.8092198
2026-03-18T08:00:00+00:00,73883.8,74281.33,72800,72952.85,3439.26859,253148596.0004272
2026-03-18T12:00:00+00:00,72952.85,72981.79,70857.21,71467.82,8373.20589,601714224.5052995
2026-03-18T16:00:00+00:00,71467.82,72000.5,70933.85,71072.38,4336.24884,309643431.8476661
2026-03-18T20:00:00+00:00,71072.38,71451.22,70500,71246.54,2731.10194,194081314.1886786
2026-03-19T00:00:00+00:00,71246.55,71613.79,70902.37,71215.39,2427.94963,172774544.2239235
2026-03-19T04:00:00+00:00,71215.39,71215.39,69478.51,70191.17,4492.82933,315944786.6456659
2026-03-19T08:00:00+00:00,70191.16,70560.91,69900,69952.75,3434.1741,241159078.7405343
2026-03-19T12:00:00+00:00,69952.75,70179.53,68793.35,69412.51,6707.39933,465586723.6564802
2026-03-19T16:00:00+00:00,69412.52,70596.42,69122.03,70271.99,3251.17683,226961442.6221202
2026-03-19T20:00:00+00:00,70272,70695.6,69718.23,69930,2051.28897,144147373.9716883
2026-03-20T00:00:00+00:00,69930.01,70809.43,69837.1,70729.92,2423.03588,170470366.1277585
2026-03-20T04:00:00+00:00,70729.93,70969.71,70160.06,70854.66,2609.94577,184334559.9433715
2026-03-20T08:00:00+00:00,70854.66,71367,70218.68,70478.71,3112.13588,220272458.9680237
2026-03-20T12:00:00+00:00,70478.71,70685.63,69480,69860.09,4715.91571,330065910.1811959
2026-03-20T16:00:00+00:00,69860.09,70190.18,69388,70177.86,3079.98123,215057270.8474679
2026-03-20T20:00:00+00:00,70177.85,70923.75,69754.71,70510.73,2180.15298,153612274.6208529
2026-03-21T00:00:00+00:00,70510.73,70826,70431.67,70657.35,1194.32406,84344171.5646874
2026-03-21T04:00:00+00:00,70657.35,70879.76,70617.05,70727.33,2717.2463,192249048.5909771
2026-03-21T08:00:00+00:00,70727.33,70753.79,70492.02,70652.72,2045.34328,144443626.420017
2026-03-21T12:00:00+00:00,70652.73,71100.94,70453.09,70630.02,1644.14012,116387097.3759431
2026-03-21T16:00:00+00:00,70630.02,70652.64,70210,70396,1221.39503,86001896.5572043
2026-03-21T20:00:00+00:00,70396.01,70516.82,68571.42,68918.12,4574.71871,319268041.5175951
2026-03-22T00:00:00+00:00,68918.12,69588.79,68228.5,69339.99,4148.48971,286023208.297121
2026-03-22T04:00:00+00:00,69340,69526.85,68892.93,68919.38,1759.92655,121824081.245537
2026-03-22T08:00:00+00:00,68919.37,68990.67,68110.55,68217.95,2582.06971,177221143.1675777
2026-03-22T12:00:00+00:00,68217.94,69005.71,68199.04,68847.96,1809.03421,124289500.1734879
2026-03-22T16:00:00+00:00,68847.97,68885.53,68145.01,68199.93,1323.42339,90732472.0592532
2026-03-22T20:00:00+00:00,68199.93,68498.4,67360.66,67859,3220.84325,218836070.3767206
2026-03-23T00:00:00+00:00,67859,68585.12,67445.18,68074.6,2495.61558,169735020.8351517
2026-03-23T04:00:00+00:00,68074.6,68915.4,67502.48,68333.16,4814.40128,328900802.4212869
2026-03-23T08:00:00+00:00,68333.16,71499,67916.14,70122.15,9165.95784,642361770.3196703
2026-03-23T12:00:00+00:00,70122.15,71817.09,69671.95,70131.48,7343.07463,520385074.1326068
2026-03-23T16:00:00+00:00,70131.48,71246.01,70131.47,70679.05,3251.32187,229876874.0452842
2026-03-23T20:00:00+00:00,70679.04,70998,70404.39,70906.45,1264.71999,89495627.4776942
2026-03-24T00:00:00+00:00,70906.45,71099.96,70278.46,70542.9,2279.09671,160935631.6164432
2026-03-24T04:00:00+00:00,70542.9,71400,70119.06,71291.7,3689.3445,260588642.620537
2026-03-24T08:00:00+00:00,71291.7,71368.61,70850.11,71157.77,2477.92852,176263461.563361
2026-03-24T12:00:00+00:00,71157.77,71177.66,69507.34,69873.04,5583.13531,391828567.5053976
2026-03-24T16:00:00+00:00,69873.04,70001.92,68923.07,69377.33,3539.49609,245607496.3202749
2026-03-24T20:00:00+00:00,69377.33,70832.54,69296.15,70556.74,3133.42131,220137429.5839508
2026-03-25T00:00:00+00:00,70556.74,71100.28,70408,70716.7,2504.53992,177106685.8680221
2026-03-25T04:00:00+00:00,70716.7,71345,70703.83,70926.88,2879.13545,204637157.5585717
2026-03-25T08:00:00+00:00,70926.88,72026.09,70800,71678.97,3287.51237,234941427.741308
2026-03-25T12:00:00+00:00,71678.97,71963.71,70530.47,70832.99,4210.48461,300372896.2376533
2026-03-25T16:00:00+00:00,70832.99,71752.88,70681.07,70883.31,2995.16787,212947004.0245557
2026-03-25T20:00:00+00:00,70883.32,71594.11,70646.34,71336.53,1842.66044,131012817.1093214
2026-03-26T00:00:00+00:00,71336.53,71436.82,70672.37,70921.47,2157.03878,153342543.9654964
2026-03-26T04:00:00+00:00,70921.47,70921.47,69805,70087.44,3434.08444,241304017.8176439
2026-03-26T08:00:00+00:00,70087.44,70144.44,69192.96,69276.01,3321.72857,231354961.6566932
2026-03-26T12:00:00+00:00,69276.01,69877.45,68632.4,69082.64,4699.85538,325826726.6389486
2026-03-26T16:00:00+00:00,69082.64,69162,68153,68534.36,4026.59411,276351472.5723735
2026-03-26T20:00:00+00:00,68534.37,69478.42,68436.74,68820.31,3181.1564,219520011.6886835
2026-03-27T00:00:00+00:00,68820.31,69179.05,68531.37,68767.51,2714.9612,186981164.4777899
2026-03-27T04:00:00+00:00,68767.5,68955.53,68304.14,68540.48,3934.07819,270046016.2930933
2026-03-27T08:00:00+00:00,68540.49,68635.07,66231.96,66702.78,7325.96218,492605332.7934349
2026-03-27T12:00:00+00:00,66702.78,66773.25,65730.17,66112.82,8273.04177,548448846.0640778
2026-03-27T16:00:00+00:00,66112.82,66290,65548.25,66040.66,3963.05735,261119694.8279085
2026-03-27T20:00:00+00:00,66040.65,66420.75,65817.44,66407.28,2392.59488,158117168.2536086
2026-03-28T00:00:00+00:00,66407.28,66520.46,65932.09,66240,2309.42704,152929844.2808535
2026-03-28T04:00:00+00:00,66240,66573.61,66110,66561.48,2351.82142,156090551.5598073
2026-03-28T08:00:00+00:00,66561.49,66570.09,66124.4,66319.47,1871.98665,124251772.8473964
2026-03-28T12:00:00+00:00,66319.46,67288.94,66240.87,67014.91,2726.87142,182281813.3345371
2026-03-28T16:00:00+00:00,67014.92,67096.77,66704,66916.52,1090.61096,72966661.8106615
2026-03-28T20:00:00+00:00,66916.52,67010,66283.38,66377.03,1111.68098,74155611.6138047
2026-03-29T00:00:00+00:00,66377.04,67130.5,66281.4,66912,1535.14396,102373233.3872243
2026-03-29T04:00:00+00:00,66912,66936.6,66556.78,66671,1351.87148,90195532.2176092
2026-03-29T08:00:00+00:00,66671,66988.01,66418,66816.28,1084.63055,72302750.0147926
2026-03-29T12:00:00+00:00,66816.29,66875.24,66334.37,66523,1436.58796,95664694.8631148
2026-03-29T16:00:00+00:00,66523.01,66665.05,66158.26,66348.62,994.8232,66075078.4632162
2026-03-29T20:00:00+00:00,66348.61,66793.83,65000,66010.93,3649.79869,240392228.6600299
2026-03-30T00:00:00+00:00,66010.93,67450,65800.59,67173.8,3701.61439,247191671.1023927
2026-03-30T04:00:00+00:00,67173.8,67800,67167.92,67624.39,2742.98319,185029306.6336459
2026-03-30T08:00:00+00:00,67624.39,68042.3,67360.41,67680.45,3383.09323,229042979.2704244
2026-03-30T12:00:00+00:00,67680.44,68169.65,67088.73,67629.4,4177.92296,282809083.7895337
2026-03-30T16:00:00+00:00,67629.4,67641.65,66233.13,66550.05,2673.9969,178892997.5286725
2026-03-30T20:00:00+00:00,66550.06,66994.17,66419.79,66797.37,1673.77908,111651652.567406
2026-03-31T00:00:00+00:00,66797.38,68408.37,66544.51,67704.74,2940.06225,199018605.4260682
2026-03-31T04:00:00+00:00,67704.74,67979.38,67103.32,67367.69,3894.57803,262832374.3255113
2026-03-31T08:00:00+00:00,67367.7,67496,65998.05,66685.69,4187.99082,278989809.6523961
2026-03-31T12:00:00+00:00,66685.69,67767.87,66427.53,66736.8,4137.18923,277390253.5224024
2026-03-31T16:00:00+00:00,66736.79,68589.49,66729.28,67838.8,4391.49464,297859870.2547039
2026-03-31T20:00:00+00:00,67838.79,68410.3,67831.7,68284.48,2554.09165,174077574.2737927
2026-04-01T00:00:00+00:00,68284.49,68378.64,67578.75,68170.67,3175.60054,215748833.0733383
2026-04-01T04:00:00+00:00,68170.67,69310,68005.33,68692,4308.24633,296094654.5360423
2026-04-01T08:00:00+00:00,68692,68851.35,68389.21,68712.52,3486.85039,239136956.3627735
2026-04-01T12:00:00+00:00,68712.52,68965,67918.83,68918.52,4091.84986,280144482.354049
2026-04-01T16:00:00+00:00,68918.52,69171.77,67939.28,68176.84,2610.209,178684853.5834617
2026-04-01T20:00:00+00:00,68176.84,68534,67964.48,68113.92,1347.43378,91898447.1648595
2026-04-02T00:00:00+00:00,68113.92,68653.38,66500,66576.25,4290.09553,288995533.2349349
2026-04-02T04:00:00+00:00,66576.25,66961.26,66217.07,66930.79,2994.81146,199368653.9611148
2026-04-02T08:00:00+00:00,66930.79,66930.79,66167.1,66220.28,2840.44212,188718889.2072709
2026-04-02T12:00:00+00:00,66220.28,67104.86,65712.12,66852.91,4983.19383,330939751.8650213
2026-04-02T16:00:00+00:00,66852.91,67430.99,66596.8,66975.99,3741.79932,250617642.9721046
2026-04-02T20:00:00+00:00,66976,67100,66731.08,66901.99,1353.1369,90582990.2866107
2026-04-03T00:00:00+00:00,66901.99,67000,66282,66579.97,2208.57089,147166004.5381127
2026-04-03T04:00:00+00:00,66579.98,67247.38,66416.68,67042.08,2873.22499,191742837.4383399
2026-04-03T08:00:00+00:00,67042.08,67288,66674.72,67017.44,1439.81595,96455388.4898632
2026-04-03T12:00:00+00:00,67017.43,67370.42,66508.1,66827.15,2358.77199,157678405.4086948
2026-04-03T16:00:00+00:00,66827.15,67069,66751.86,66885.74,1215.72021,81320066.1663402
2026-04-03T20:00:00+00:00,66885.73,66970.18,66826.13,66964.3,1333.02728,89172904.9364373
2026-04-04T00:00:00+00:00,66964.29,66968.28,66814,66832.18,803.20366,53709777.1474872
2026-04-04T04:00:00+00:00,66832.18,67052.99,66775.91,67014.96,1728.28038,115679107.1167595
2026-04-04T08:00:00+00:00,67014.95,67232.72,66918,67156.93,1347.31961,90331916.3362009
2026-04-04T12:00:00+00:00,67156.93,67562.93,67029.07,67383.66,1507.29551,101342732.0797559
2026-04-04T16:00:00+00:00,67383.66,67543.6,67265,67288.42,858.41299,57838808.2348501
2026-04-04T20:00:00+00:00,67288.42,67504.54,67186.62,67300.42,1129.00398,76029676.5081906
2026-04-05T00:00:00+00:00,67300.42,67307.28,66955.72,67145.98,1216.87122,81717728.8237249
2026-04-05T04:00:00+00:00,67145.98,67188.51,66611.66,66820.64,1903.42714,127283913.4686847
2026-04-05T08:00:00+00:00,66820.64,67150,66819.42,66999,1062.42874,71166044.534962
2026-04-05T12:00:00+00:00,66998.99,67856.16,66680.57,67306.64,2736.41551,183744679.5755868
2026-04-05T16:00:00+00:00,67306.65,67560.45,67173.4,67361.01,965.55771,65024925.1714581
2026-04-05T20:00:00+00:00,67361.01,69136.2,67332.66,69034.18,3848.7672,262724685.7490338
2026-04-06T00:00:00+00:00,69034.18,69588,68776.61,69123.69,4502.91561,311474454.3514123
2026-04-06T04:00:00+00:00,69123.69,69354.26,68806.53,69115.91,2814.82721,194475051.6871729
2026-04-06T08:00:00+00:00,69115.91,70283.32,69081.88,69614.91,3999.04132,278875174.8697994
2026-04-06T12:00:00+00:00,69614.91,69973.25,69163.86,69968.87,3409.36539,237075585.4555297
2026-04-06T16:00:00+00:00,69968.87,70351.46,69282.02,69739.53,3175.25769,221640295.1486856
2026-04-06T20:00:00+00:00,69739.52,69974.08,68300,68853.66,2380.20322,164479611.5835628
2026-04-07T00:00:00+00:00,68853.66,69128.2,68273.34,68779.21,2422.31591,166478723.2330586
2026-04-07T04:00:00+00:00,68779.2,68981.83,68443,68624.61,1823.63549,125215260.9081131
2026-04-07T08:00:00+00:00,68624.6,69247.9,68071.96,68345.75,2273.58534,156083719.1498947
2026-04-07T12:00:00+00:00,68345.75,68633.87,67732.01,68168.1,4041.29436,275416609.5555898
2026-04-07T16:00:00+00:00,68168.11,69098.44,68085.01,69011.29,3817.42066,261836481.4151918
2026-04-07T20:00:00+00:00,69011.29,72761,69011.29,71924.22,9372.24485,664607061.5808489
2026-04-08T00:00:00+00:00,71924.22,72110.65,71240.99,71287.39,3370.06511,241296783.5989242
2026-04-08T04:00:00+00:00,71287.39,71941.42,71287.38,71627.59,3297.9557,236396199.3557326
2026-04-08T08:00:00+00:00,71627.59,71955,71407.77,71675.12,2214.64952,158684384.7823453
2026-04-08T12:00:00+00:00,71675.12,72857,70707.23,71310,6816.03917,489044255.3954351
2026-04-08T16:00:00+00:00,71309.99,71963.94,71019,71318.48,2617.29334,187085759.9290974
2026-04-08T20:00:00+00:00,71318.47,71748,70901.89,71069.93,1486.68343,105976804.9905892
2026-04-09T00:00:00+00:00,71069.93,71198.8,70466,70992.39,2645.29554,187560713.6070664
2026-04-09T04:00:00+00:00,70992.37,71116,70689.38,70982.01,2261.38499,160484103.7311071
2026-04-09T08:00:00+00:00,70982.01,71575,70865.42,71150.17,1825.96774,130115156.6952565
2026-04-09T12:00:00+00:00,71150.17,72358,70522.77,72141.99,4001.11726,285752805.6821221
2026-04-09T16:00:00+00:00,72142,72550,71729.66,72096.32,4013.80807,289696860.0024857
2026-04-09T20:00:00+00:00,72096.33,73145,71585.25,71787.97,3410.84799,246714176.2912983
2026-04-10T00:00:00+00:00,71787.98,72387,71573.35,71868.67,2706.87605,194790067.9172284
2026-04-10T04:00:00+00:00,71868.67,72267.89,71428,71481.85,2293.26674,164865618.6196995
2026-04-10T08:00:00+00:00,71481.85,72261.93,71426.15,72127.59,1565.72366,112420183.1065955
2026-04-10T12:00:00+00:00,72127.59,73289.96,71899.51,72460.51,5093.36163,370037894.2516655
2026-04-10T16:00:00+00:00,72460.52,73264.76,72387.41,73236.11,2498.15366,182195125.2231499
2026-04-10T20:00:00+00:00,73236.11,73434,72700.6,72962.7,3215.25114,234886746.9373242
2026-04-11T00:00:00+00:00,72962.71,73094.89,72670,72866.63,1637.40665,119356836.0156417
2026-04-11T04:00:00+00:00,72866.62,72954.28,72612.16,72745.38,1432.18692,104178022.8655957
2026-04-11T08:00:00+00:00,72745.38,72915.95,72617.75,72907.05,905.10314,65876132.2264597
2026-04-11T12:00:00+00:00,72907.05,72982.4,72513.09,72858.17,1133.77392,82470629.0232852
2026-04-11T16:00:00+00:00,72858.18,73790,72812.94,73687.15,2377.30473,174320698.8014343
2026-04-11T20:00:00+00:00,73687.16,73689.97,72907.4,73043.16,1585.16838,116234794.7772536
2026-04-12T00:00:00+00:00,73043.16,73137.24,71310,71593.19,4092.12587,294609132.2714082
2026-04-12T04:00:00+00:00,71593.18,71781,71417.22,71665,1969.72049,141095647.3343879
2026-04-12T08:00:00+00:00,71664.99,71805.85,71357.76,71468.55,1780.81611,127536937.0735057
2026-04-12T12:00:00+00:00,71468.54,71500,70604.07,70892.03,2361.32179,167667726.8336194
2026-04-12T16:00:00+00:00,70892.04,71222.58,70821.05,71084.18,991.98626,70464388.2634608
2026-04-12T20:00:00+00:00,71084.18,71452,70505.88,70740.98,2276.49749,161452060.0402091
2026-04-13T00:00:00+00:00,70741.56,71271.78,70615.3,70976,1886.6472,134060690.087982
2026-04-13T04:00:00+00:00,70975.99,71144,70672.72,70813.88,2674.10149,189623214.3021345
2026-04-13T08:00:00+00:00,70813.88,70997.12,70566.99,70929.68,1023.04479,72407437.0839902
2026-04-13T12:00:00+00:00,70929.68,72464.28,70758.5,71866.59,5445.44909,390027473.7791191
2026-04-13T16:00:00+00:00,71866.59,73480,71679.8,73322.82,6766.75131,490711722.3320777
2026-04-13T20:00:00+00:00,73322,74900,73007.08,74417.99,6434.22237,476539780.5988624
2026-04-14T00:00:00+00:00,74418,74579.32,73954.86,74444.43,3586.04231,266464778.7447262
2026-04-14T04:00:00+00:00,74444.44,74924.64,74150.6,74546,3393.84035,252752729.3636301
2026-04-14T08:00:00+00:00,74545.99,74910,74307.35,74376.52,2697.70497,201137375.2722788
2026-04-14T12:00:00+00:00,74376.52,76038,74277.19,75317.07,9779.47075,735820628.1103465
2026-04-14T16:00:00+00:00,75317.06,75688,73795.47,74223.18,4920.10933,366726254.8205857
2026-04-14T20:00:00+00:00,74223.3,74434.33,73806.09,74131.55,2155.77685,159827223.2956526
2026-04-15T00:00:00+00:00,74131.55,74786.72,74126.32,74345.97,2142.74367,159569243.112278
2026-04-15T04:00:00+00:00,74345.98,74434.51,73514,73730.43,3073.4123,227312740.5620527
2026-04-15T08:00:00+00:00,73730.43,74256.44,73675.96,74201.78,1889.67298,139859664.3843035
2026-04-15T12:00:00+00:00,74201.78,74506.84,73580.85,73844.08,2744.86135,203453220.0384701
2026-04-15T16:00:00+00:00,73844.07,75281,73762.89,75002.6,2728.37363,203066774.8113109
2026-04-15T20:00:00+00:00,75002.6,75425,74512.06,74809.99,1845.97774,138186969.6286067
2026-04-16T00:00:00+00:00,74809.99,75267.85,74451.49,74888.21,1937.97594,145044520.5126545
2026-04-16T04:00:00+00:00,74888.21,75174.38,74636,74707.03,2185.42777,163816151.9609335
2026-04-16T08:00:00+00:00,74707.02,74901.5,74277.34,74574.79,2687.27336,200275229.2307376
2026-04-16T12:00:00+00:00,74574.8,75030.39,73309.85,74697.19,5210.02393,386606862.5531474
2026-04-16T16:00:00+00:00,74697.2,75410.71,73912.23,75342.99,3497.56,261186146.7774069
2026-04-16T20:00:00+00:00,75343,75534.76,74789.5,75154.29,1570.42677,117965212.7147315
2026-04-17T00:00:00+00:00,75154.28,75154.77,74529.4,74615.82,2160.86835,161648978.7847055
2026-04-17T04:00:00+00:00,74615.82,75089.51,74555.12,75074.77,1339.49148,100263083.8171961
2026-04-17T08:00:00+00:00,75074.76,76370.25,74993.24,75589.7,4979.26567,376496117.1087652
2026-04-17T12:00:00+00:00,75589.7,78052.49,75531.97,77785.02,11844.17586,913540763.4219641
2026-04-17T16:00:00+00:00,77785.03,78333,77000,77393.58,3865.48754,299979874.9933108
2026-04-17T20:00:00+00:00,77393.58,77611.68,76911,77072,1752.07804,135414390.7147283
2026-04-18T00:00:00+00:00,77072.01,77420.08,76962.67,77005.47,1127.42699,87033978.8392885
2026-04-18T04:00:00+00:00,77005.47,77278.58,76884.1,76997.8,1126.90915,86860094.1923708
2026-04-18T08:00:00+00:00,76997.79,77048,75763.76,76039.05,2670.18059,203914682.3603835
2026-04-18T12:00:00+00:00,76039.06,76363.75,75797.53,76167.34,1672.54902,127375724.5174403
2026-04-18T16:00:00+00:00,76167.33,76211.57,75445.16,75649.85,1564.20833,118557712.106799
2026-04-18T20:00:00+00:00,75649.86,75891.64,75599.64,75691.76,980.57048,74266375.9177252
2026-04-19T00:00:00+00:00,75691.76,75847.42,75357,75515.77,1006.37687,76088047.6073239
2026-04-19T04:00:00+00:00,75515.76,75782.63,74867.72,75252.34,1626.173,122490074.6387668
2026-04-19T08:00:00+00:00,75252.33,75641.99,74921.74,75604.11,1388.70023,104456315.6906051
2026-04-19T12:00:00+00:00,75604.11,76240.66,75401.44,75846.63,2918.88485,221358396.0519665
2026-04-19T16:00:00+00:00,75846.63,75853.26,74608,74965.47,2037.3962,152946595.3748627
2026-04-19T20:00:00+00:00,74965.46,74965.47,73762.9,73801.79,2392.29117,177575941.0772665
2026-04-20T00:00:00+00:00,73801.8,74746.93,73724.31,74634,2498.4367,185788933.2829729
2026-04-20T04:00:00+00:00,74634.01,75572,74095.18,74837.17,2480.55303,185383548.5351478
2026-04-20T08:00:00+00:00,74837.18,75404.63,74619.41,75192.71,1646.53372,123510536.0455823
2026-04-20T12:00:00+00:00,75192.72,75772.72,74702,75716.77,3717.10765,279843898.4427195
2026-04-20T16:00:00+00:00,75716.78,76486.67,75289.92,76296.96,4186.21296,318328819.9398238
2026-04-20T20:00:00+00:00,76296.97,76558.62,75617.6,75840.97,2464.56628,187648178.1248288
2026-04-21T00:00:00+00:00,75840.97,76263.4,75474.77,75710.3,1612.43915,122291902.7332562
2026-04-21T04:00:00+00:00,75710.31,76300,75600,76084.34,2226.77918,169263835.4812954
2026-04-21T08:00:00+00:00,76084.34,76927.57,76063.98,76452.94,2659.19547,203376219.1957889
2026-04-21T12:00:00+00:00,76452.94,76595.3,75430.62,75834.65,3598.9457,273375796.7574577
2026-04-21T16:00:00+00:00,75834.66,76190.72,74821.57,75023.43,2902.15339,219124196.0847464
2026-04-21T20:00:00+00:00,75023.43,76425.37,74967.58,76336.15,1913.05843,144686322.3057665
2026-04-22T00:00:00+00:00,76336.14,77733.11,76132.95,77521.48,3427.92326,264048583.148532
2026-04-22T04:00:00+00:00,77521.47,78452.18,77364.25,78012.79,4391.05885,342414280.1264261
2026-04-22T08:00:00+00:00,78012.78,78399,77941.59,78300,2316.44812,180943959.319677
2026-04-22T12:00:00+00:00,78300,79400,78114.04,79272.9,5465.82641,430572925.0283997
2026-04-22T16:00:00+00:00,79272.91,79472.82,78632.37,78846.62,2393.5344,188975040.5642711
2026-04-22T20:00:00+00:00,78846.62,78915.84,78155.83,78178.23,1742.72121,136777297.3590279
2026-04-23T00:00:00+00:00,78178.22,78574.44,77453.43,77746.46,3482.97564,271870892.9801951
2026-04-23T04:00:00+00:00,77746.47,78339.35,77675.8,78048.62,1711.42731,133531521.0875478
2026-04-23T08:00:00+00:00,78048.61,78175.52,77174.01,77704.62,3562.23716,276391715.5079063
2026-04-23T12:00:00+00:00,77704.61,78662.5,77379.92,78376.76,3163.89025,246605347.4041747
2026-04-23T16:00:00+00:00,78376.77,78509.82,76960,77727.26,3947.74807,306941247.4302752
2026-04-23T20:00:00+00:00,77727.25,78331,77637.5,78257.48,1102.51658,86008973.944147
2026-04-24T00:00:00+00:00,78257.48,78581.93,77555,77737.85,2050.74535,160231082.6171168
2026-04-24T04:00:00+00:00,77737.84,78057.65,77457,77644.6,2006.47598,155931979.6074518
2026-04-24T08:00:00+00:00,77644.59,78372.58,77402.01,78240.26,2919.1254,227238082.5755203
2026-04-24T12:00:00+00:00,78240.27,78479.37,77577.22,78038.62,2850.11432,222458983.3592187
2026-04-24T16:00:00+00:00,78038.63,78060.29,77363.63,77628.85,1634.32254,126923663.1982498
2026-04-24T20:00:00+00:00,77628.84,77757.14,77264.08,77437.13,1214.35956,94148773.2426391
2026-04-25T00:00:00+00:00,77437.13,77711.87,77309.92,77679.07,943.00804,73078937.558883
2026-04-25T04:00:00+00:00,77679.08,77691.23,77450,77501.19,894.01774,69335830.5481378
2026-04-25T08:00:00+00:00,77501.19,77885.35,77491.36,77682.3,753.19705,58535274.1483999
2026-04-25T12:00:00+00:00,77682.29,77752.54,77299.89,77330.26,1006.59668,78075468.195723
2026-04-25T16:00:00+00:00,77330.25,77454.31,77140.23,77330.01,1247.67486,96479134.7931994
2026-04-25T20:00:00+00:00,77330,77650,77311.05,77625,840.61983,65179359.1008104
2026-04-26T00:00:00+00:00,77625,77642.43,77326.51,77400.21,671.17692,52026700.9622633
2026-04-26T04:00:00+00:00,77400.21,78200,77383.46,78102.53,1405.76785,109590620.3664487
2026-04-26T08:00:00+00:00,78102.53,78210,77926.59,78101.44,721.69853,56328153.456191
2026-04-26T12:00:00+00:00,78101.43,78173.15,77770,78049,1130.54235,88163851.0047044
2026-04-26T16:00:00+00:00,78049,78500,77850,78221.16,1505.06004,117581165.3257789
2026-04-26T20:00:00+00:00,78221.17,78961,77843.75,78657.55,2529.31593,198301482.3694137
2026-04-27T00:00:00+00:00,78657.55,79485.66,78400.03,79105.49,3042.99628,240529569.829983
2026-04-27T04:00:00+00:00,79105.5,79160,77465.05,77606.6,3608.39615,281566071.3107824
2026-04-27T08:00:00+00:00,77606.59,77980,77553.23,77844.26,1607.93582,125083156.7256222
2026-04-27T12:00:00+00:00,77844.25,78265.34,76564.33,76793.09,3804.78309,294619821.8005163
2026-04-27T16:00:00+00:00,76793.1,76990.43,76459.64,76878.07,2644.9239,202958318.4563456
2026-04-27T20:00:00+00:00,76878.23,77450,76763.71,77371.32,1337.88894,103076611.9609428
2026-04-28T00:00:00+00:00,77371.32,77478,76672,76815.18,1448.26407,111629911.5968319
2026-04-28T04:00:00+00:00,76815.18,77154,76424.9,76879.28,2882.71195,221430324.2115158
2026-04-28T08:00:00+00:00,76879.28,77013.63,76130.1,76229,2842.73206,217812362.8739135
2026-04-28T12:00:00+00:00,76228.99,76421.94,75666.6,76066.38,3776.77215,287255204.8816382
2026-04-28T16:00:00+00:00,76066.37,76380.83,75881.28,76330.97,1381.80454,105203755.6146094
2026-04-28T20:00:00+00:00,76330.97,76481.3,76197.02,76342.77,878.43906,67081114.3765124
2026-04-29T00:00:00+00:00,76342.78,77127.62,76187.75,76994.78,1891.92924,144873826.9627742
2026-04-29T04:00:00+00:00,76994.77,77455.71,76880,77053.64,2974.5751,229410251.9043896
2026-04-29T08:00:00+00:00,77053.65,77904.93,76972.32,77590.03,2697.20554,208968866.540064
2026-04-29T12:00:00+00:00,77590.04,77596.39,75705.32,75924.25,5263.52444,404163485.0477835
2026-04-29T16:00:00+00:00,75924.24,76274.8,74937.52,75563.86,3962.49362,299373776.728234
2026-04-29T20:00:00+00:00,75563.87,76088.9,75497.43,75780,1490.20228,112945651.1622828
2026-04-30T00:00:00+00:00,75780,76473.26,75494.7,75928.1,1613.44526,122633694.630049
2026-04-30T04:00:00+00:00,75928.09,76179.91,75323.65,76161.67,1807.58096,136866891.6257408
2026-04-30T08:00:00+00:00,76161.67,76339.38,75876.29,76059.43,1712.03014,130255424.0546452
2026-04-30T12:00:00+00:00,76059.42,76669.14,76042.75,76473.6,3506.19966,267759179.977798
2026-04-30T16:00:00+00:00,76473.6,76514.8,76111,76412.8,930.96663,71072093.0694469
2026-04-30T20:00:00+00:00,76412.8,76568.9,76206.02,76346.57,811.59342,61997308.3314741
2026-05-01T00:00:00+00:00,76346.58,77453.74,76320.42,77131.08,2250.38749,172960115.0427243
2026-05-01T04:00:00+00:00,77131.08,77206.38,76653.6,77130.54,2352.39487,181246373.4387758
2026-05-01T08:00:00+00:00,77130.54,77600,77048,77463.98,1968.27324,152212519.583216
2026-05-01T12:00:00+00:00,77463.98,78914.12,77408.73,78445.89,6731.19551,527305467.4664376
2026-05-01T16:00:00+00:00,78445.88,78683.23,78131.02,78360,2194.42574,172026718.1286092
2026-05-01T20:00:00+00:00,78360.01,78422.81,77752,78231.13,1818.78817,142086642.2598013
2026-05-02T00:00:00+00:00,78231.13,78514.82,78166.48,78400,1196.13639,93718172.8523643
2026-05-02T04:00:00+00:00,78399.99,78448.99,78040,78220,1475.03871,115371450.5095799
2026-05-02T08:00:00+00:00,78220,78394,78094.43,78143.08,868.1323,67933926.4983365
2026-05-02T12:00:00+00:00,78143.09,78487.68,78108.41,78487.67,726.08154,56872977.9844811
2026-05-02T16:00:00+00:00,78487.67,78596.61,78310.54,78486,708.03792,55550536.2136347
2026-05-02T20:00:00+00:00,78486.23,79199.48,78418.32,78686.85,1177.44956,92791325.3910133
2026-05-03T00:00:00+00:00,78686.84,78754.55,78108.75,78203.08,1047.76325,82053926.0543718
2026-05-03T04:00:00+00:00,78203.07,78483.67,78084.08,78363.25,794.16967,62159747.2621949
2026-05-03T08:00:00+00:00,78363.24,78849.22,78354.53,78656.01,948.77514,74518710.796928
2026-05-03T12:00:00+00:00,78656.01,78878.77,78586.99,78668.36,1137.8563,89575916.3536687
2026-05-03T16:00:00+00:00,78668.36,78853.32,78558.65,78760.32,916.2637,72097288.5944381
2026-05-03T20:00:00+00:00,78760.32,79447,78484.42,78568.57,2580.96484,203888741.3900271
2026-05-04T00:00:00+00:00,78568.58,80458,78288.88,80316.31,5091.61332,405849652.3613749
2026-05-04T04:00:00+00:00,80316.3,80635.51,79500,79696.75,3632.41236,290970799.4058189
2026-05-04T08:00:00+00:00,79696.75,79930,78202,78793.67,5989.03806,472495368.8523955
2026-05-04T12:00:00+00:00,78793.67,80545.17,78500,80028.85,5918.14009,471086959.5040747
2026-05-04T16:00:00+00:00,80028.85,80776.99,79619.33,80053.31,3742.49503,300180394.6798754
2026-05-04T20:00:00+00:00,80053.31,80397.19,79744.91,79861.01,1669.26249,133591675.7078997
2026-05-05T00:00:00+00:00,79861.01,81083.98,79808.72,80893.08,2402.14099,193362338.3593288
2026-05-05T04:00:00+00:00,80893.08,81323.52,80725,80855.59,2974.59341,240873499.2330156
2026-05-05T08:00:00+00:00,80855.59,81095.48,80527.76,81014.05,2484.57226,200675636.2948736
2026-05-05T12:00:00+00:00,81014.05,81712.32,80932.54,81525.19,4561.19169,371228843.0006674
2026-05-05T16:00:00+00:00,81525.19,81680,81050.04,81606.35,1780.45876,144912031.9000956
2026-05-05T20:00:00+00:00,81606.35,81791.48,80790,80905.52,2744.22284,223266680.4429551
2026-05-06T00:00:00+00:00,80905.53,81760.84,80731.14,81581.69,3011.74344,244741070.8369929
2026-05-06T04:00:00+00:00,81581.7,81649.99,81060,81359.82,2300.70653,187249650.6160106
2026-05-06T08:00:00+00:00,81359.82,82850,81328.68,82522.89,5188.93186,426154900.1328115
2026-05-06T12:00:00+00:00,82522.88,82539.33,81136,81704.25,4508.6602,368798606.2968813
2026-05-06T16:00:00+00:00,81704.25,81907.51,81200,81464.87,2369.91746,193245510.0410719
2026-05-06T20:00:00+00:00,81464.86,81700,81000,81447.01,1418.81447,115460886.8374801
2026-05-07T00:00:00+00:00,81447.01,81490.03,80830.23,80834.91,2068.1731,167618852.3828372
2026-05-07T04:00:00+00:00,80834.92,81708.32,80725.09,81518.58,2038.83969,165615423.349839
2026-05-07T08:00:00+00:00,81518.57,81590,80572.4,80866.65,2364.09693,191593255.9650518
2026-05-07T12:00:00+00:00,80866.65,81180,79699.52,79890.63,4826.66306,387835749.7335032
2026-05-07T16:00:00+00:00,79890,80269.06,79500,80146.11,3315.14425,264879682.8932034
2026-05-07T20:00:00+00:00,80146.77,80371.23,79582.95,80006,1541.88635,123223417.7778993
2026-05-08T00:00:00+00:00,80006,80142.84,79181.48,79578.85,3093.73664,246521433.7820703
2026-05-08T04:00:00+00:00,79578.84,79778.95,79248.58,79682.4,2410.56518,191729371.9117839
2026-05-08T08:00:00+00:00,79682.4,80340.94,79666.05,80231.22,2348.19703,187887211.4459457
2026-05-08T12:00:00+00:00,80231.22,80500,79549.54,80142.14,3741.40163,299281685.9596143
2026-05-08T16:00:00+00:00,80142.13,80299.99,79738.75,80179.94,3047.90033,244074210.673118
2026-05-08T20:00:00+00:00,80180,80409.09,80089.76,80193.17,1359.50928,109072131.6447296
2026-05-09T00:00:00+00:00,80193.18,80550.67,80129.85,80383.95,1093.10948,87838021.1310757
2026-05-09T04:00:00+00:00,80383.96,80666.66,80135,80228.89,1481.48785,119043207.9224785
2026-05-09T08:00:00+00:00,80228.88,80452.44,80166.26,80345.46,1009.73824,81097106.5008045
2026-05-09T12:00:00+00:00,80345.47,80600,80234,80527.92,1439.92073,115729842.9610117
2026-05-09T16:00:00+00:00,80527.92,81080,80487.4,80938.53,1533.85565,123906317.939529
2026-05-09T20:00:00+00:00,80938.53,80938.53,80621.88,80678.4,990.30982,79981729.5315207
2026-05-10T00:00:00+00:00,80678.41,80887.15,80572.77,80775,1332.26793,107502912.2653846
2026-05-10T04:00:00+00:00,80774.99,80840,80658.97,80736.03,1238.41638,100011257.1020295
2026-05-10T08:00:00+00:00,80736.03,80975.4,80691,80821.21,1108.70905,89613061.193439
2026-05-10T12:00:00+00:00,80821.21,81442.81,80784.2,81418.01,1642.67937,133127974.3651267
2026-05-10T16:00:00+00:00,81418.01,81583.11,81148,81437.83,1798.22732,146333824.8773451
2026-05-10T20:00:00+00:00,81437.83,82479.32,80279.77,82210.07,4914.01877,400634684.4601496
2026-05-11T00:00:00+00:00,82210.07,82380,80525,80736.01,3139.85094,255479585.0522354
2026-05-11T04:00:00+00:00,80736,81049.51,80639.99,80740.4,1595.10256,128881022.5865959
2026-05-11T08:00:00+00:00,80740.4,81200,80621.87,81196.94,1639.3936,132720347.1947808
2026-05-11T12:00:00+00:00,81196.95,81458,80462.97,81445.9,2668.23418,216243652.7289704
2026-05-11T16:00:00+00:00,81445.89,82137.26,81344.72,81961.99,2673.46567,218772682.0358554
2026-05-11T20:00:00+00:00,81961.99,82078.91,81596.31,81745.65,1235.71361,101096381.2773177
2026-05-12T00:00:00+00:00,81745.66,81788,80714.28,81058.8,1860.32116,151124237.9503138
2026-05-12T04:00:00+00:00,81058.79,81305.24,80800.77,80865.4,1779.90239,144381281.5739865
2026-05-12T08:00:00+00:00,80865.4,80964.13,80496.57,80784.87,1973.06446,159362666.508291
2026-05-12T12:00:00+00:00,80784.86,80999,80188.65,80336.01,3205.73752,258409868.4661538
2026-05-12T16:00:00+00:00,80336.01,80874.42,79843.59,80834.64,2673.67675,214814079.4015798
2026-05-12T20:00:00+00:00,80835.3,80896.25,80439.91,80504.47,893.55448,72088033.5403521
2026-05-13T00:00:00+00:00,80504.47,81299.99,80412.15,81249.99,1575.91837,127656230.6728354
2026-05-13T04:00:00+00:00,81249.99,81281.07,80889.12,81026.92,1495.76347,121245223.7630726
2026-05-13T08:00:00+00:00,81026.92,81324.64,80494.98,80501.22,1841.28298,149042536.9335684
2026-05-13T12:00:00+00:00,80501.22,80592.65,78807.22,78827.21,5073.46241,404393745.2761137
2026-05-13T16:00:00+00:00,78827.21,79800,78754.65,79642.41,3344.60077,265102268.069998
2026-05-13T20:00:00+00:00,79642.41,79760,79228,79313.61,1479.02843,117489838.1532355
2026-05-14T00:00:00+00:00,79313.61,79681.73,78922,79044.85,2209.55472,175540098.7812882
2026-05-14T04:00:00+00:00,79044.86,79998,78982.06,79745.98,2068.97946,164790849.7291272
2026-05-14T08:00:00+00:00,79745.99,79936.98,79234,79258.27,1846.46215,147094020.3760948
2026-05-14T12:00:00+00:00,79258.27,81332.23,79230.31,81301.23,5702.09728,459033748.0625507
2026-05-14T16:00:00+00:00,81301.22,82048.13,81080.25,81419.74,6279.93607,512349082.8561297
2026-05-14T20:00:00+00:00,81419.75,81590.19,81059.93,81089.99,1620.83839,131848675.2136064
2026-05-15T00:00:00+00:00,81090,81664.45,80750,81059.15,2453.72559,199331253.2759649
2026-05-15T04:00:00+00:00,81059.15,81100,80314,80814.88,3091.1014,249281204.1838394
2026-05-15T08:00:00+00:00,80814.88,80822.95,80369,80628.53,1706.25967,137498908.8477579
2026-05-15T12:00:00+00:00,80628.52,80635.44,78659,79150.27,6208.56941,492850761.6670466
2026-05-15T16:00:00+00:00,79150.26,79561.94,79051,79146.5,1959.36078,155332090.4624186
2026-05-15T20:00:00+00:00,79146.5,79217.07,78911.42,79113.21,1932.25394,152858455.9318408
2026-05-16T00:00:00+00:00,79113.2,79227.77,79010,79083.18,1248.1828,98782149.8781734
2026-05-16T04:00:00+00:00,79083.19,79129.71,78066,78369.77,2404.82958,189004677.9853879
2026-05-16T08:00:00+00:00,78369.78,78530.52,77640,78081.71,3846.10003,300108345.8633895
2026-05-16T12:00:00+00:00,78080.46,78346,77833.4,78238.67,2684.35726,209458549.6676124
2026-05-16T16:00:00+00:00,78238.68,78364.65,78119.72,78259.66,1260.04581,98598246.6189946
2026-05-16T20:00:00+00:00,78259.67,78318.94,78125.32,78148.05,689.34644,53938686.6452932
2026-05-17T00:00:00+00:00,78148.05,78243.19,77721.19,78028.88,1284.92928,100153382.3810949
2026-05-17T04:00:00+00:00,78028.88,78323.96,78003.35,78180.01,952.09545,74402882.8045699
2026-05-17T08:00:00+00:00,78180,78599.99,78033.01,78415.99,1136.18338,89016794.9300075
2026-05-17T12:00:00+00:00,78415.99,78550,77850,78051.41,1115.91599,87238754.9756237
2026-05-17T16:00:00+00:00,78051.42,78468.46,77856.69,78415.3,837.07576,65398691.5395684
2026-05-17T20:00:00+00:00,78415.29,78485.36,76735.16,77457.67,3116.50234,241850975.0139876
2026-05-18T00:00:00+00:00,77457.67,77477.99,76707.61,76924.65,2888.01155,222451363.2525988
2026-05-18T04:00:00+00:00,76924.66,77089.29,76583.33,77073.69,2702.66726,207940327.3272454
2026-05-18T08:00:00+00:00,77073.69,77403.48,76668.58,77285.83,2052.55387,158009262.4399141
2026-05-18T12:00:00+00:00,77285.83,77800,76051,76409.46,6216.09738,476782195.4852342
2026-05-18T16:00:00+00:00,76409.46,76995,76144.24,76928,3295.85681,252179256.0142005
2026-05-18T20:00:00+00:00,76928,77222.79,76800,77001.87,1590.32991,122499627.3727782
2026-05-19T00:00:00+00:00,77001.88,77414.62,76487.83,76787.11,2006.76014,154312071.7206243
2026-05-19T04:00:00+00:00,76787.1,77278.57,76644.98,77233.69,1508.45954,116135166.5986094
2026-05-19T08:00:00+00:00,77233.68,77317.02,76633.83,76714.62,1745.68912,134330028.5478066
2026-05-19T12:00:00+00:00,76714.61,77048.72,76144.71,76521.23,3363.76947,257708472.1435481
2026-05-19T16:00:00+00:00,76521.24,77065.8,76407.72,76818.74,1634.99916,125582001.0074323
2026-05-19T20:00:00+00:00,76818.73,77040.83,76642.95,76834.36,765.18235,58836638.2897828
2026-05-20T00:00:00+00:00,76834.36,76922.46,76516.74,76723.54,1561.801,119804401.4258981
2026-05-20T04:00:00+00:00,76723.55,77472.21,76692,77282.64,2218.09189,171138256.8911002
2026-05-20T08:00:00+00:00,77282.65,77663,77210.33,77382.49,1682.41191,130363005.9287853
2026-05-20T12:00:00+00:00,77382.5,77853.04,76891.61,77455.46,3039.76807,235264407.0660166
2026-05-20T16:00:00+00:00,77455.45,77713.66,77018.38,77667.49,1712.28825,132639714.8752605
2026-05-20T20:00:00+00:00,77667.49,77766.6,77226.61,77552.23,1081.90195,83881485.2845744
2026-05-21T00:00:00+00:00,77552.24,78173.15,77525,78078.72,2263.9569,176450002.8395794
2026-05-21T04:00:00+00:00,78078.72,78180.01,77521,77889.01,1454.09234,113174708.1911153
2026-05-21T08:00:00+00:00,77889.01,78200,77147.15,77189.1,1934.87402,150109563.9322884
2026-05-21T12:00:00+00:00,77189.1,77402.12,76719.47,77259.46,2353.9044,181463283.85318
2026-05-21T16:00:00+00:00,77259.45,78098.16,77008.75,77690.56,2693.31851,208942205.9974839
2026-05-21T20:00:00+00:00,77690.56,77813.35,77534.43,77615.52,618.11224,48028932.4141022
2026-05-22T00:00:00+00:00,77615.52,77817.8,77327.28,77779.98,884.30161,68607031.5587212
2026-05-22T04:00:00+00:00,77779.98,77900,77288.77,77408.06,1756.84353,136273565.877494
2026-05-22T08:00:00+00:00,77408.07,77535,77184.45,77428.84,1436.53453,111089623.5665412
2026-05-22T12:00:00+00:00,77428.83,77584.94,76570,76790.59,2613.83665,201277486.6758566
2026-05-22T16:00:00+00:00,76790.6,77093.72,75668.76,75860.44,2815.05544,215062349.7203905
2026-05-22T20:00:00+00:00,75860.44,76087.85,75359.18,75539.5,1765.78958,133890403.511456
2026-05-23T00:00:00+00:00,75539.5,75664.62,75220,75635.22,1896.10926,143081863.3813734
2026-05-23T04:00:00+00:00,75635.22,75650.63,74289.6,74609.36,2690.99014,201843393.9899397
2026-05-23T08:00:00+00:00,74609.37,74873.55,74303.56,74789.99,2509.09623,187368569.3401342
2026-05-23T12:00:00+00:00,74789.99,75726.3,74660.05,75520,2943.5001,221349476.8966604
2026-05-23T16:00:00+00:00,75519.99,76012.22,75371.72,75983.45,1772.27259,134064251.7695557
2026-05-23T20:00:00+00:00,75983.45,77404.18,75953.94,76752.01,3274.91982,251289050.3961526
2026-05-24T00:00:00+00:00,76752,77011.62,76629.02,76750,1051.70404,80792933.0795345
2026-05-24T04:00:00+00:00,76750.01,77065.94,76651.59,76799.99,817.66826,62814260.3979385
2026-05-24T08:00:00+00:00,76799.99,77543.15,76734.42,77320.06,1746.24676,134690446.9447062
2026-05-24T12:00:00+00:00,77320.06,77325.72,76195.36,76371.59,1982.25663,151975091.4823176
2026-05-24T16:00:00+00:00,76371.59,76799.99,76371.59,76773.34,882.04437,67601817.9946742
2026-05-24T20:00:00+00:00,76773.33,77225.97,76108,77064.96,1918.0815,147050967.712145
2026-05-25T00:00:00+00:00,77064.96,77485,76914.25,77026.67,1368.4044,105578637.7312158
2026-05-25T04:00:00+00:00,77026.68,77650,76990.78,77401.12,1348.52945,104322120.6755996
2026-05-25T08:00:00+00:00,77401.11,77699.97,77280.32,77357.5,1214.44703,94099984.9474514
2026-05-25T12:00:00+00:00,77357.5,77905.52,77286.5,77628.82,1563.39696,121251852.8471382
2026-05-25T16:00:00+00:00,77628.82,77807.29,77343.61,77441.86,1121.16576,86986025.6494108
2026-05-25T20:00:00+00:00,77441.85,77500,77019.82,77322.01,1056.37837,81629383.1467815
2026-05-26T00:00:00+00:00,77322.01,77345,76475.59,76664.01,2145.81269,164738004.8469679
2026-05-26T04:00:00+00:00,76664,77059.74,76603.73,76730.84,2043.2043,156924704.3536484
2026-05-26T08:00:00+00:00,76730.84,77621.75,76586.94,77183.55,1896.99632,146246716.33127
2026-05-26T12:00:00+00:00,77183.56,78080,76272.63,76518.1,4834.0846,372249541.9134607
2026-05-26T16:00:00+00:00,76518.1,76710.01,75779.3,76052,4688.69854,357349325.2462373
2026-05-26T20:00:00+00:00,76052,76180,75677.97,75930.01,1344.67984,102101025.0060074
2026-05-27T00:00:00+00:00,75930.01,76104.02,75607.62,75683,2404.25109,182437480.5798871
2026-05-27T04:00:00+00:00,75683,75980,75310.9,75977.17,2224.40852,168342969.9139334
2026-05-27T08:00:00+00:00,75977.16,76071.41,75710.76,75769.18,1291.66875,98055997.8637789
2026-05-27T12:00:00+00:00,75769.18,76174.15,74758.33,75326.01,5186.20338,389924669.072026
2026-05-27T16:00:00+00:00,75326.02,75408.01,74663.45,75066.08,3165.53822,237469097.3716778
2026-05-27T20:00:00+00:00,75066.09,75415.81,74243.99,74449.3,2605.70487,194450048.1075211
2026-05-28T00:00:00+00:00,74449.31,74590.77,73060.59,73258.01,5727.94403,422454652.7756379
2026-05-28T04:00:00+00:00,73258,73512.14,72728.85,73498,4799.6102,350788898.9720567
2026-05-28T08:00:00+00:00,73498,73616,73193.13,73505.66,1994.38372,146414650.8575235
2026-05-28T12:00:00+00:00,73505.65,73580.75,72582.82,72928.73,4632.38493,338350899.7207173
2026-05-28T16:00:00+00:00,72928.73,73749.69,72741.4,73419.32,2524.28664,185327073.9490145
2026-05-28T20:00:00+00:00,73419.31,73949.22,73241.48,73617.51,1595.41074,117472349.2323247
2026-05-29T00:00:00+00:00,73617.52,73868.33,73189.11,73301.52,2123.30407,156251092.4591922
2026-05-29T04:00:00+00:00,73301.53,73939.19,73210.21,73528.56,2641.80699,194346867.6781097
2026-05-29T08:00:00+00:00,73528.55,73902.85,73341.85,73487.98,2197.79295,161975355.4234668
2026-05-29T12:00:00+00:00,73487.98,74200,72512.49,73808.26,4624.93207,338945900.8604173
2026-05-29T16:00:00+00:00,73808.25,74514.1,73187.25,73520.28,5596.86593,414173826.5981446
2026-05-29T20:00:00+00:00,73520.29,73844,73320,73460.78,1502.0394,110413449.8870964
2026-05-30T00:00:00+00:00,73460.78,73796.43,73408.62,73524.01,1539.64276,113323762.9491
2026-05-30T04:00:00+00:00,73524.01,73709.91,73216,73548.6,1487.87007,109352098.1261865
2026-05-30T08:00:00+00:00,73548.6,73680.75,73500.02,73602.02,1076.47863,79212007.5008943
2026-05-30T12:00:00+00:00,73602.01,74100,73594.4,73930.14,1485.09864,109676214.0858925
2026-05-30T16:00:00+00:00,73930.13,74143.76,73811.3,74016.65,836.20775,61866638.4589054
2026-05-30T20:00:00+00:00,74016.64,74054,73781.3,73884.38,1090.11124,80558664.990542
2026-05-31T00:00:00+00:00,73884.38,74275.66,73858.56,74150.64,1099.56261,81450558.592583
2026-05-31T04:00:00+00:00,74150.64,74221.33,73836,73871.24,869.39106,64375261.5012054
2026-05-31T08:00:00+00:00,73871.25,74024,73699.2,73937.79,1250.59286,92398964.3909115
2026-05-31T12:00:00+00:00,73937.63,74023.99,73483.05,73655.21,1349.33176,99503135.8356294
2026-05-31T16:00:00+00:00,73655.2,73734,73400,73563.42,985.40321,72509378.3963207
2026-05-31T20:00:00+00:00,73563.41,74198,73500,73674.39,1432.17557,105670233.8725472
2026-06-01T00:00:00+00:00,73674.39,74092,73222,73769.06,1797.97503,132503071.004449
2026-06-01T04:00:00+00:00,73769.06,73841.37,72704,72818,2313.7758,169351798.3791221
2026-06-01T08:00:00+00:00,72818,73095.64,72290,72479.99,4064.81004,295822836.1186243
2026-06-01T12:00:00+00:00,72480,72610,71066.33,71129.62,8608.45364,617467508.6104907
2026-06-01T16:00:00+00:00,71129.62,71800.73,70686.68,71595.24,4920.23395,350869050.8742894
2026-06-01T20:00:00+00:00,71595.24,71690,70840.9,71408.9,2215.84338,157944073.6959021
2026-06-02T00:00:00+00:00,71408.9,71408.9,70111,70953.69,3525.64758,249850079.2495126
2026-06-02T04:00:00+00:00,70953.7,71048,69733,70118.42,4217.43297,296424153.2384471
2026-06-02T08:00:00+00:00,70118.42,70172,69324.65,69461.72,3766.33037,262275224.729139
2026-06-02T12:00:00+00:00,69461.73,69548.13,67076,67304.28,9534.68154,651185416.4791189
2026-06-02T16:00:00+00:00,67304.29,68146.3,66432,67315.14,5955.1383,401049257.9114817
2026-06-02T20:00:00+00:00,67315.14,67923.24,66193,66760.83,5858.9651,392564446.3754287
2026-06-03T00:00:00+00:00,66760.84,67204.15,65426.34,65849.9,5876.92165,390273983.9205726
2026-06-03T04:00:00+00:00,65849.9,67516,65834,67220.03,5699.32885,381781195.6046546
2026-06-03T08:00:00+00:00,67220.03,67476.69,66656.48,67067.37,3840.69634,257706709.9916657
2026-06-03T12:00:00+00:00,67067.37,67244.62,66076,66076.01,4537.71513,302861716.0743745
2026-06-03T16:00:00+00:00,66076.01,66373.18,65251,65462,4242.73831,279402457.3379947
2026-06-03T20:00:00+00:00,65461.99,65860,64092.49,64142.75,5940.90622,386323918.9636817
2026-06-04T00:00:00+00:00,64142.75,64540.3,61383.56,64363.49,16957.23407,1069265096.3593856
2026-06-04T04:00:00+00:00,64363.49,64764.32,63492.89,63603.15,5000.68767,320591861.7456476
2026-06-04T08:00:00+00:00,63603.15,63904.63,62205,62545.99,8595.49118,540467807.652113
2026-06-04T12:00:00+00:00,62546,64494.92,62392,63896.17,6185.98937,394325488.1960996
2026-06-04T16:00:00+00:00,63896.16,64163.93,62944.91,63629.38,3723.72569,236942600.7355761
2026-06-04T20:00:00+00:00,63629.38,63918,63106.04,63885.99,3114.04773,197756878.8005613
2026-06-05T00:00:00+00:00,63885.99,63978,62339,62730,4162.99809,262536010.1409602
2026-06-05T04:00:00+00:00,62730,63688,61126.01,63115.99,10733.42354,668376397.0652408
2026-06-05T08:00:00+00:00,63115.99,63259.9,61964.98,61964.99,4297.16406,269110992.1566804
2026-06-05T12:00:00+00:00,61964.99,62457.86,60000,60438.01,14801.01342,903329435.9502803
2026-06-05T16:00:00+00:00,60438,61547.24,59130.91,60300.24,13747.59231,828648361.47734
2026-06-05T20:00:00+00:00,60300.24,62000,59940.01,61056.47,7285.09665,447020553.7128263
2026-06-06T00:00:00+00:00,61056.47,61530.05,60520,60687.04,2945.07914,179762223.6704187
2026-06-06T04:00:00+00:00,60687.05,61276.95,59500,61004.95,7062.57386,427756115.8325964
2026-06-06T08:00:00+00:00,61004.95,61500,60198,60802.91,3473.55766,211333241.0287374
2026-06-06T12:00:00+00:00,60802.9,61185.26,60396,60784,2291.49519,139417012.2724489
2026-06-06T16:00:00+00:00,60784.01,60971.24,60393.96,60600.01,2446.99506,148359633.576543
2026-06-06T20:00:00+00:00,60600,61000,60429.09,60884.62,1575.88786,95697732.0874891
2026-06-07T00:00:00+00:00,60884.62,61778.33,60746,61701.07,2959.18911,181385716.2030478
2026-06-07T04:00:00+00:00,61701.06,62416.26,61482.46,62404.73,4903.20395,304023070.1693883
2026-06-07T08:00:00+00:00,62404.72,62960,62259.37,62621.96,4723.06235,295560305.0786909
2026-06-07T12:00:00+00:00,62621.97,62643.97,61577.12,62093.99,4554.1389,282015239.1601059
2026-06-07T16:00:00+00:00,62093.99,62332,61184,61328,2477.20723,153321370.3425705
2026-06-07T20:00:00+00:00,61327.99,64234.68,61217.17,63332.01,6995.30289,440345071.8599046
2026-06-08T00:00:00+00:00,63332.01,63863.06,62720.86,63130.12,3315.4618,209776019.139319
2026-06-08T04:00:00+00:00,63130.12,63350,62408,63283.99,2834.18452,178355729.1551866
2026-06-08T08:00:00+00:00,63284,63873.08,62992.01,63479.61,3752.47446,237868671.2112363
2026-06-08T12:00:00+00:00,63479.62,64200,62718.3,63774.48,8126.80733,517711748.3686128
2026-06-08T16:00:00+00:00,63774.48,64046.86,63268.01,63372.01,2713.14128,172421648.334559
2026-06-08T20:00:00+00:00,63372.01,63850,62978.66,63085.99,2311.31685,146429470.5423066
2026-06-09T00:00:00+00:00,63086,63184,62423.07,62875.17,3759.28744,235865848.1528649
2026-06-09T04:00:00+00:00,62875.18,63526.01,62748,63198.44,3708.0084,234535665.0725845
2026-06-09T08:00:00+00:00,63198.44,63208.86,62498.75,62711.12,2528.63515,158742223.0036342
2026-06-09T12:00:00+00:00,62711.12,62895.18,61037,61131.84,6183.44756,382417752.565316
2026-06-09T16:00:00+00:00,61131.85,62103.39,60780,62098.09,4007.5249,246053601.5457886
2026-06-09T20:00:00+00:00,62098.09,62272,61556,61730,1449.31614,89706958.8221522
2026-06-10T00:00:00+00:00,61730,61974.7,61235.29,61549.64,1721.50899,106045624.8372721
2026-06-10T04:00:00+00:00,61549.64,61813.34,61080,61687.56,2220.41887,136484341.6312986
2026-06-10T08:00:00+00:00,61687.56,61736,60755,61034.04,2813.24386,172223607.1572254
2026-06-10T12:00:00+00:00,61034.04,62857.99,60960,62639.23,4783.79909,296352226.0096525
2026-06-10T16:00:00+00:00,62639.23,62646,61588.8,61942.44,2675.36915,165886486.1541675
2026-06-10T20:00:00+00:00,61942.45,61949.21,61104.24,61510.99,1784.37656,109718597.7997586
2026-06-11T00:00:00+00:00,61510.99,62848,61510.99,62689.48,2852.15258,177317145.7910108
2026-06-11T04:00:00+00:00,62689.47,62997.53,62544.89,62719.39,2483.01428,155847166.215894
2026-06-11T08:00:00+00:00,62719.39,63257.21,62719.38,63108,2178.0981,137213592.4285858
2026-06-11T12:00:00+00:00,63108.01,63239.43,62500,62749.44,4338.30998,272726925.3409483
2026-06-11T16:00:00+00:00,62749.44,63933.02,62348,63605.68,4125.82489,260979936.0707047
2026-06-11T20:00:00+00:00,63605.69,63700,63270,63625.99,1403.54659,89127100.5867416
2026-06-12T00:00:00+00:00,63626,63810.01,63301.53,63524.82,2654.11007,168727450.0947112
2026-06-12T04:00:00+00:00,63524.81,63863.98,62829.81,63100.8,3225.69245,204092793.5450215
2026-06-12T08:00:00+00:00,63100.8,63953.84,63100.8,63766.01,2378.6864,151435133.1977628
2026-06-12T12:00:00+00:00,63766.01,64394.44,63045.29,63593.02,4102.13697,261375415.2925594
2026-06-12T16:00:00+00:00,63593.02,64111.1,63510.16,63589.27,2256.79665,144000810.8794016
2026-06-12T20:00:00+00:00,63589.28,63696.41,63400,63580.01,1779.62986,113029909.6701474
2026-06-13T00:00:00+00:00,63580,63840,63418.66,63532,1807.91855,115050572.2544377
2026-06-13T04:00:00+00:00,63532,63883.47,63484,63846,1539.29828,97970733.6989043
2026-06-13T08:00:00+00:00,63845.99,63984.53,63726.57,63971.28,1197.2171,76452837.3025391
2026-06-13T12:00:00+00:00,63971.28,64350,63921.33,64296.15,2169.16248,139129588.598864
2026-06-13T16:00:00+00:00,64296.15,64333.62,63920.05,64296.59,1609.94419,103193467.7575661
2026-06-13T20:00:00+00:00,64296.59,64762.77,64226.38,64458.01,1637.20103,105504850.8744821
2026-06-14T00:00:00+00:00,64458.01,64710,64380.7,64545.3,1832.15643,118257180.2878221
2026-06-14T04:00:00+00:00,64545.3,64563.48,64214,64429.39,1779.79489,114525085.7439294
2026-06-14T08:00:00+00:00,64429.39,64664,64321.18,64546,842.29439,54340916.3288893
2026-06-14T12:00:00+00:00,64546.01,64560.66,63866.66,64025.07,1790.92239,114931524.1264969
2026-06-14T16:00:00+00:00,64025.06,64208.92,63678.83,63802,1240.64937,79253327.6641494
2026-06-14T20:00:00+00:00,63801.99,65800,63794.09,65746.45,5717.21628,372346505.1125431
2026-06-15T00:00:00+00:00,65746.45,65995,65354,65927.1,3254.30382,213639448.2933672
2026-06-15T04:00:00+00:00,65927.11,66000,65611.01,65674.76,1981.09056,130283728.8441916
2026-06-15T08:00:00+00:00,65674.76,66385.12,65512,66233.9,2545.824,167896880.8976139
2026-06-15T12:00:00+00:00,66233.89,67292.15,66106,67292.14,5314.33714,354187932.4711306
2026-06-15T16:00:00+00:00,67292.15,67292.15,66348,66614.35,3808.29082,254771827.0637017
2026-06-15T20:00:00+00:00,66615.98,66681.3,66076.56,66328.74,1655.95468,109895422.9679691
2026-06-16T00:00:00+00:00,66328.74,66463.26,65650,66165.21,2681.099,177184246.9219723
2026-06-16T04:00:00+00:00,66165.21,66572.99,65802,66372,2376.27499,157212192.8426836
2026-06-16T08:00:00+00:00,66372,66992,66345.06,66481.73,2144.18658,142798141.3958539
2026-06-16T12:00:00+00:00,66481.73,66818,65360.92,65859.76,4190.74899,276467865.757203
2026-06-16T16:00:00+00:00,65859.76,66248.69,65560,65675.88,1862.21148,122574589.5507108
2026-06-16T20:00:00+00:00,65675.89,65938,65592,65675.01,1047.53697,68888147.783417
2026-06-17T00:00:00+00:00,65675.02,66200,65477.5,65851.99,2420.24,159334427.2157205
2026-06-17T04:00:00+00:00,65852,66048.19,65251,65539.5,2085.47507,137031246.926186
2026-06-17T08:00:00+00:00,65539.51,65574,64565,64810.01,3091.21134,200746666.5301445
2026-06-17T12:00:00+00:00,64810.01,65855.66,64590.53,65752,3491.08992,227701989.1945818
2026-06-17T16:00:00+00:00,65751.99,66445.93,63998.35,64301.85,6215.6405,405874457.8035217
2026-06-17T20:00:00+00:00,64301.85,64529.2,63915.77,64509.4,1744.99726,112209760.4120808
2026-06-18T00:00:00+00:00,64509.4,64806,64267.86,64282.82,1652.26355,106673009.7824865
2026-06-18T04:00:00+00:00,64282.82,64510.5,63696.29,64510.44,2721.52451,174258357.1491494
2026-06-18T08:00:00+00:00,64510.45,64646.75,63878.14,63974.4,1838.10092,118105000.9117221
2026-06-18T12:00:00+00:00,63974.4,64445.19,62293.76,62369.44,5194.48784,329845328.849062
2026-06-18T16:00:00+00:00,62369.43,63008.33,62272.07,62950.79,3580.0956,224360442.9163794
2026-06-18T20:00:00+00:00,62950.79,63274.19,62742,62958.01,1949.12419,122773241.5836095
2026-06-19T00:00:00+00:00,62958.01,63110.29,62386.9,62773.51,2468.91953,155247582.7574397
2026-06-19T04:00:00+00:00,62773.52,62917.32,62409.55,62629.99,1641.95094,102889549.5578239
2026-06-19T08:00:00+00:00,62630,62782,62316.44,62626,3116.66446,194868847.0153648
2026-06-19T12:00:00+00:00,62626,63419.27,62353,63214.01,2901.51359,182844281.0893635
2026-06-19T16:00:00+00:00,63214.01,63387.8,62866.99,63021.6,2487.59549,157065336.3282753
2026-06-19T20:00:00+00:00,63021.6,63666,62958.59,63543.91,1630.77999,103187356.0270502
2026-06-20T00:00:00+00:00,63543.9,63777,63320.14,63476.79,1616.55782,102658991.7358543
2026-06-20T04:00:00+00:00,63476.79,63907.07,63402,63655.21,1346.24836,85743670.8048452
2026-06-20T08:00:00+00:00,63655.21,63798.76,63392.41,63688,1481.37623,94207746.8136805
2026-06-20T12:00:00+00:00,63688,64388,63184.21,64160.04,2723.36068,173712718.2530985
2026-06-20T16:00:00+00:00,64160.04,64167.26,63730.21,63936,1179.02142,75371411.3649962
2026-06-20T20:00:00+00:00,63935.99,64350,63853.31,64298.01,1175.53873,75382672.7832676
2026-06-21T00:00:00+00:00,64298.01,64472.99,64206.17,64426,1550.54505,99682480.4865569
2026-06-21T04:00:00+00:00,64426,64588,64173.08,64191.07,991.47913,63777133.9291967
2026-06-21T08:00:00+00:00,64191.06,64483.95,63900.17,64176,1273.61935,81766315.4105557
2026-06-21T12:00:00+00:00,64176,64355.88,63952,64224,1101.09932,70627900.6074013
2026-06-21T16:00:00+00:00,64224,64298.84,63933.47,64207.12,902.04873,57873813.4371436
2026-06-21T20:00:00+00:00,64207.13,64271.21,63270,63311.99,2215.87175,141134531.8653581
2026-06-22T00:00:00+00:00,63312,64823.52,63312,63974.01,3208.60773,206085227.8314243
2026-06-22T04:00:00+00:00,63974.01,64397.57,63868.41,64211.19,2188.39984,140435032.8051994
2026-06-22T08:00:00+00:00,64211.2,64768.46,64044,64657.22,1871.87312,120460631.47686
2026-06-22T12:00:00+00:00,64657.22,65622.83,64579.08,64836.95,4214.1224,274338559.6586699
2026-06-22T16:00:00+00:00,64836.95,64862,64276,64472,2332.89568,150577681.1254881
2026-06-22T20:00:00+00:00,64472.51,64659.43,63804.59,64020.01,1607.20974,103137424.2587042
2026-06-23T00:00:00+00:00,64020.01,64275.38,63828.93,64065.35,1775.89841,113810463.257732
2026-06-23T04:00:00+00:00,64065.34,64095.55,62568.9,62886.03,3954.74479,249769578.9162991
2026-06-23T08:00:00+00:00,62886.04,62945.08,61938,62507.06,6446.41259,402018362.6093837
2026-06-23T12:00:00+00:00,62507.05,62855.98,61960,62487.79,4100.47989,255890735.6813711
2026-06-23T16:00:00+00:00,62487.79,62846,62104.7,62388.49,2461.76341,153768837.4080825
2026-06-23T20:00:00+00:00,62388.49,62799.99,62380.25,62734.57,1483.69383,92835243.377365
2026-06-24T00:00:00+00:00,62734.57,63119.45,62461.87,62729.78,2762.4008,173503244.6173542
2026-06-24T04:00:00+00:00,62729.78,63073.44,62525.49,62657.99,1825.36336,114538754.1784594
2026-06-24T08:00:00+00:00,62658,63239.06,62318.88,62921.19,2314.92971,145076269.788959
2026-06-24T12:00:00+00:00,62921.19,62973.2,60249.82,60250,9369.88622,573692749.7645245
2026-06-24T16:00:00+00:00,60250,60678.1,59102.7,59958.3,10843.6224,648464612.9816535
2026-06-24T20:00:00+00:00,59958.3,61276,59854,61077.99,3562.08294,216610182.9769442
2026-06-25T00:00:00+00:00,61078,61163.16,60684.94,60883.65,2441.96666,148617037.7176224
2026-06-25T04:00:00+00:00,60883.66,61962.4,60792,61911.04,3236.44626,199336748.6475796
2026-06-25T08:00:00+00:00,61911.03,61920,61066,61282.01,1957.14848,120376027.9172556
2026-06-25T12:00:00+00:00,61282,61761.35,58115.01,59557.99,15979.29296,950943210.7760452
2026-06-25T16:00:00+00:00,59557.99,60067,59139.96,59320,4724.02547,281118401.7040374
2026-06-25T20:00:00+00:00,59319.99,60273.81,59319.99,59794,2047.12711,122462673.3075464
2026-06-26T00:00:00+00:00,59794.64,60131.37,58337,60036.01,6229.08405,368451215.4456913
2026-06-26T04:00:00+00:00,60036,60759.99,59702,60532,5385.16495,324265183.3708553
2026-06-26T08:00:00+00:00,60532,60580,59239.78,59413.24,3735.38397,223309628.5990211
2026-06-26T12:00:00+00:00,59413.24,60500,58500.1,60328.32,7768.84215,462960390.8887911
2026-06-26T16:00:00+00:00,60328.18,60583,59556,59751.97,2887.79333,173431799.0539421
2026-06-26T20:00:00+00:00,59751.96,60117.64,59571.31,60097.27,1397.28878,83683841.0195114
2026-06-27T00:00:00+00:00,60097.27,60412,59876.22,60305.73,1740.1281,104716833.0302822
2026-06-27T04:00:00+00:00,60305.73,60574,60093.33,60548.07,2155.72828,130094666.5531438
2026-06-27T08:00:00+00:00,60548.06,60548.74,60198.94,60363.65,1191.76765,71997666.2519905
2026-06-27T12:00:00+00:00,60363.65,60941.17,60257.03,60840.06,1696.07546,102775288.1671989
2026-06-27T16:00:00+00:00,60840.06,60855.03,60085.88,60175.95,1431.99252,86663415.5699926
2026-06-27T20:00:00+00:00,60175.95,60482.18,59855.16,60029,1371.53715,82517393.4972376
2026-06-28T00:00:00+00:00,60029.01,60339.99,59986,60197.04,1389.16748,83574227.8630928
2026-06-28T04:00:00+00:00,60197.03,60259.68,59753.48,60219.99,1116.37628,67045001.2851438
2026-06-28T08:00:00+00:00,60220,60545.01,60068,60342,1120.25594,67538204.8202022
2026-06-28T12:00:00+00:00,60341.99,60457.02,59817.28,59890,1367.98594,82205664.8624969
2026-06-28T16:00:00+00:00,59890.35,59943.9,59270.26,59481.79,1660.7754,99019017.1846834
2026-06-28T20:00:00+00:00,59481.78,59906,58905,59577.01,2252.57692,133951104.7954976
2026-06-29T00:00:00+00:00,59577.01,60233,58900.01,60049.46,3201.11997,190794022.1291162
2026-06-29T04:00:00+00:00,60049.45,60346.27,59392.02,60026,2078.32745,124665585.6546905
2026-06-29T08:00:00+00:00,60026.01,60311.95,59745.46,59956.05,2255.33546,135305799.5097679
2026-06-29T12:00:00+00:00,59956.05,60780.57,59011,59824.01,8111.4911,485006009.9653278
2026-06-29T16:00:00+00:00,59824.01,60683.84,59584.48,60433.49,3485.29528,210169563.9827685
2026-06-29T20:00:00+00:00,60433.5,60585.99,60194.01,60260.21,1071.57252,64707256.5023446
2026-06-30T00:00:00+00:00,60260.2,60276.54,59600,59627.48,1857.16279,111291269.7458337
2026-06-30T04:00:00+00:00,59627.47,59712.88,59360,59524.01,3053.94506,181807255.2424707
2026-06-30T08:00:00+00:00,59524.01,59551.03,59123.01,59192.7,2089.47276,123956238.4860555
2026-06-30T12:00:00+00:00,59192.71,59276.6,58201,58381.99,7891.0473,462843047.9028973
2026-06-30T16:00:00+00:00,58382,58839.16,58241.79,58818.05,3095.15267,181042106.2282902
2026-06-30T20:00:00+00:00,58818,58874.99,58509.99,58624.71,1653.04729,96971273.8838091
2026-07-01T00:00:00+00:00,58624.71,59318,57800.19,59197.13,5065.96033,296449825.4858743
2026-07-01T04:00:00+00:00,59197.12,59457,58534.31,58768.65,2186.41376,128931387.7629733
2026-07-01T08:00:00+00:00,58768.64,59091.99,58500,58622.03,1602.12145,94143646.578693
2026-07-01T12:00:00+00:00,58622.02,60536.55,58326,60147.15,10086.67787,599670098.4016831
2026-07-01T16:00:00+00:00,60147.15,60352.93,59787.35,60028.67,2234.35255,134325160.2290632
2026-07-01T20:00:00+00:00,60029.39,61334,59876,60024,3917.92066,237531188.3606643
2026-07-02T00:00:00+00:00,60024,61121.78,59588,61058,2904.94504,174900587.6936531
2026-07-02T04:00:00+00:00,61057.99,61058,60104,60149.99,3061.89549,185461950.6892843
2026-07-02T08:00:00+00:00,60149.99,61437.49,60132.51,61358.01,4003.42248,244260108.3993282
2026-07-02T12:00:00+00:00,61358,62200,61147.23,61612.93,6769.2125,417696158.5532184
2026-07-02T16:00:00+00:00,61612.93,61962.43,61108.99,61479.6,3294.70341,202946737.918663
2026-07-02T20:00:00+00:00,61479.59,61653.43,61342,61560,1347.96271,82891026.4659449
2026-07-03T00:00:00+00:00,61560,61733.11,61248.86,61434,2479.18215,152311294.5146892
2026-07-03T04:00:00+00:00,61434,61864.99,61332.76,61750.47,3163.90756,195132227.25322
2026-07-03T08:00:00+00:00,61750.47,62103.1,61510.01,62024.02,1709.37837,105713069.7869162
2026-07-03T12:00:00+00:00,62024.01,62400,61700,61922.72,2814.47654,174600154.2057874
2026-07-03T16:00:00+00:00,61922.71,62317.64,61911.65,62210,1297.39519,80657192.0406437
2026-07-03T20:00:00+00:00,62210,62979.86,62186.01,62583.26,2584.64646,161945993.7820284
2026-07-04T00:00:00+00:00,62583.26,62946,62404.25,62627.29,1753.66085,109798769.8495336
2026-07-04T04:00:00+00:00,62627.28,62749.97,62328.24,62576,1478.55581,92487650.190593
2026-07-04T08:00:00+00:00,62576,62674.47,62415.87,62482.01,1079.64345,67502292.5314713
2026-07-04T12:00:00+00:00,62482,63075.46,62482,62943.29,1355.98937,85126276.003929
2026-07-04T16:00:00+00:00,62943.29,63461.99,62786,63294.72,1874.87989,118354896.3197012
2026-07-04T20:00:00+00:00,63294.72,63448,62927.98,63144.01,1597.09803,100963961.187377
2026-07-05T00:00:00+00:00,63144.01,63144.01,62596.08,62769.04,1315.64704,82720257.838107
2026-07-05T04:00:00+00:00,62769.03,63059.99,62659.65,63020.21,1264.39586,79413824.0703747
2026-07-05T08:00:00+00:00,63020.21,63104,62436.59,62658.92,1351.262,84811470.4141126
2026-07-05T12:00:00+00:00,62658.92,62943.59,62569.37,62740.01,1095.17438,68699977.7688453
2026-07-05T16:00:00+00:00,62740.01,62888.14,62590.02,62768.88,1289.13194,80851366.9814916
2026-07-05T20:00:00+00:00,62768.87,63999,62609.47,63650,2856.46636,181369547.5345128
2026-07-06T00:00:00+00:00,63650.01,63920,63136.01,63294,2106.27228,133811858.2378765
2026-07-06T04:00:00+00:00,63294,63402.77,62890,63089.42,2133.18277,134594693.4450195
2026-07-06T08:00:00+00:00,63089.42,63244,62483.83,62483.84,2033.95739,127797556.0329306
2026-07-06T12:00:00+00:00,62483.84,63550,61306.84,63545.98,9407.7266,583941662.21741
2026-07-06T16:00:00+00:00,63545.98,63976.16,63386.01,63738.52,3288.31371,209461474.1149387
2026-07-06T20:00:00+00:00,63738.52,64700,63589.41,64042.02,2465.83162,158348802.3550516
2026-07-07T00:00:00+00:00,64042.93,64314,63150,63191.01,2149.22919,137056167.0230249
2026-07-07T04:00:00+00:00,63191.01,63445.7,62800,63083.18,2868.37826,181221308.9367476
2026-07-07T08:00:00+00:00,63083.19,63467.15,62984.58,63406,1660.52847,104988878.8556702
2026-07-07T12:00:00+00:00,63405.99,64105,62671.39,63930.51,5487.16202,348081870.1046112
2026-07-07T16:00:00+00:00,63930.5,64243.75,63379.69,63817.99,3152.55165,201532847.5832951
2026-07-07T20:00:00+00:00,63818,63901.75,63218,63363.99,1516.35864,96386614.3852602
2026-07-08T00:00:00+00:00,63364,63761.99,62525.47,62766,2945.00889,185876396.2704984
2026-07-08T04:00:00+00:00,62766,62901.49,62477.04,62888.35,2093.37251,131299060.8693226
2026-07-08T08:00:00+00:00,62888.34,62941.46,61743.83,62299.99,5277.16067,327876037.6334037
2026-07-08T12:00:00+00:00,62300,62451.08,61544.56,61704.01,4480.13744,277437714.1345036
2026-07-08T16:00:00+00:00,61704.01,62394.32,61692,62277.98,1878.09343,116612947.925004
2026-07-08T20:00:00+00:00,62277.98,62350.63,61956,62290,1946.32502,120985013.7873035
2026-07-09T00:00:00+00:00,62290.01,62642,61705.29,61974.34,2507.70329,155686968.1478035
2026-07-09T04:00:00+00:00,61974.34,63283.26,61956.46,63000,3076.31626,192704715.3486265
2026-07-09T08:00:00+00:00,62999.99,63100.1,62614.66,62786.34,2526.25001,158894710.7879773
2026-07-09T12:00:00+00:00,62786.33,63261,62465.39,62868.05,4882.96602,306798645.4062554
2026-07-09T16:00:00+00:00,62868.06,63500,62559.59,63248.1,2646.20845,166955414.1540087
2026-07-09T20:00:00+00:00,63248.09,63418,63060.91,63230,1103.36269,69809359.4248127
2026-07-10T00:00:00+00:00,63230.01,64050.23,62926.01,63947.2,3284.75486,209065762.5803273
2026-07-10T04:00:00+00:00,63947.2,64200,63802.02,63963,1994.74883,127655182.9260361
2026-07-10T08:00:00+00:00,63963,64494.84,63962.99,64425.18,2735.04064,175885976.5057061
2026-07-10T12:00:00+00:00,64425.18,64692.83,63793.43,64040,3985.18915,255992161.0375202
2026-07-10T16:00:00+00:00,64039.99,64220,63732.66,63917.88,2956.75614,189060026.4147767
2026-07-10T20:00:00+00:00,63917.88,64222.61,63656,64161.72,2632.5116,168438851.5376846
2026-07-11T00:00:00+00:00,64161.72,64310,63984.07,64150.42,1101.49145,70642973.0661325
2026-07-11T04:00:00+00:00,64150.42,64278,64080.26,64162.18,1485.01598,95321721.9135274
2026-07-11T08:00:00+00:00,64162.18,64300,64129.99,64198,1355.34719,87005200.6546669
2026-07-11T12:00:00+00:00,64197.99,64504.11,63896.18,64175.75,2497.55472,160432933.2088289
2026-07-11T16:00:00+00:00,64175.75,64402,64084,64286,1218.04674,78261890.9561715
2026-07-11T20:00:00+00:00,64286,64463.83,63819,63819,1494.51824,95805154.7674815
2026-07-12T00:00:00+00:00,63819.01,64223.74,63702.16,64223.73,4094.275,261736649.4773551
2026-07-12T04:00:00+00:00,64223.73,64245.87,63640.83,63885.27,1737.49927,111033178.0769413
2026-07-12T08:00:00+00:00,63885.28,64100.32,63764,64018.01,4848.30942,310042852.5199511
2026-07-12T12:00:00+00:00,64018,64290.11,63958.71,64176,1182.12771,75749744.3993333
2026-07-12T16:00:00+00:00,64176,64270,64018.69,64228.59,890.36957,57094699.0334397
2026-07-12T20:00:00+00:00,64228.59,64254,63668,63780,1162.25606,74281448.8609228
2026-07-13T00:00:00+00:00,63780,64425,62741.04,62806.41,3939.38182,250269726.5910698
2026-07-13T04:00:00+00:00,62806.41,63070.01,62500.76,62985.52,3347.70751,210385057.4353935
2026-07-13T08:00:00+00:00,62985.53,63302.88,62862.28,62901.99,3803.06989,239865414.6456715
2026-07-13T12:00:00+00:00,62901.99,62990.04,62101,62618.01,5871.90146,367192718.1488072
2026-07-13T16:00:00+00:00,62618,62629.35,61824.97,62288.23,3298.41917,205050851.9549549
2026-07-13T20:00:00+00:00,62288.23,62347.46,61882.88,62334.52,1422.02219,88332961.1751465
2026-07-14T00:00:00+00:00,62334.52,62666.66,62272.2,62572.89,2249.30225,140485660.9764298
2026-07-14T04:00:00+00:00,62572.88,62872,62516.93,62560.92,2088.33647,130917558.2397465
2026-07-14T08:00:00+00:00,62560.92,62923.06,62500,62844.99,1732.53672,108634584.4586523
2026-07-14T12:00:00+00:00,62844.99,64966.43,62780.84,64743.99,8796.6211,562863919.9920548
2026-07-14T16:00:00+00:00,64744,64896.86,64231.77,64569.59,3290.30049,212650729.386483
2026-07-14T20:00:00+00:00,64569.59,65100,64419.99,65043.98,2395.31681,155302047.627164
2026-07-15T00:00:00+00:00,65043.99,65065.01,64488,64792.01,1693.44003,109586732.7663676
2026-07-15T04:00:00+00:00,64792,65277.37,64485,64549.34,3159.56545,204726915.1325903
2026-07-15T08:00:00+00:00,64549.33,64917.94,64549.33,64732.15,2317.38966,149994663.4405093
2026-07-15T12:00:00+00:00,64732.15,65600,64606,65427.61,6119.9158,399055943.9693017
2026-07-15T16:00:00+00:00,65427.6,65470,64738.49,64977.34,3997.71829,260018792.6365906
2026-07-15T20:00:00+00:00,64977.34,65055.39,64691.89,64756.28,1113.86818,72265275.8231589
2026-07-16T00:00:00+00:00,64756.28,64845.5,64392.01,64619.95,1773.62269,114662853.6678437
2026-07-16T04:00:00+00:00,64619.96,64997.52,64086.12,64238,2728.61151,176196222.6674721
2026-07-16T08:00:00+00:00,64238,64380,63888,64256.53,8083.54555,518405240.0052909
2026-07-16T12:00:00+00:00,64256.52,64896,63838.28,64704.73,3169.90689,204127820.804017
2026-07-16T16:00:00+00:00,64704.73,64712,63984.09,64271.84,1783.88455,114685442.704316
2026-07-16T20:00:00+00:00,64271.85,64276,63748.74,63830.2,1224.9556,78420806.528254
2026-07-17T00:00:00+00:00,63830.2,64067.69,63380.28,63570,2665.58621,169659336.6829894
2026-07-17T04:00:00+00:00,63570,63576,62710,62828.11,4170.00651,262693644.6590385
2026-07-17T08:00:00+00:00,62828.11,63361.7,62666,63298.01,2593.38028,163366668.3718989
2026-07-17T12:00:00+00:00,63298,63518,62537.56,63452,3902.37074,246111895.341298
2026-07-17T16:00:00+00:00,63452,64387.99,63312.01,64160.8,3432.25523,219389919.1329495
2026-07-17T20:00:00+00:00,64160.8,64216.61,63884.35,63931.67,1426.29492,91324565.1520772
2026-07-18T00:00:00+00:00,63931.67,64032.6,63886.65,64017.84,1370.3565,87640554.7560027
2026-07-18T04:00:00+00:00,64017.84,64026.03,63926.39,64002.75,949.10008,60728056.1143949
2026-07-18T08:00:00+00:00,64002.75,64097.22,63887.73,64069.89,1103.50008,70619036.0344428
2026-07-18T12:00:00+00:00,64069.89,64274.47,63963,64123.12,1241.58814,79608426.7322157
2026-07-18T16:00:00+00:00,64123.13,64669.5,64091.48,64552.79,1723.19086,110998004.6017032
2026-07-18T20:00:00+00:00,64552.8,64865,64528.69,64834.22,1643.44446,106360570.4476106
2026-07-19T00:00:00+00:00,64834.21,64967.25,64620.44,64706.18,1644.28469,106536390.3821349
2026-07-19T04:00:00+00:00,64706.18,64815.65,64610.89,64711.05,1101.66102,71298499.0657687
2026-07-19T08:00:00+00:00,64711.04,64743,64445,64467.64,1538.93439,99445905.383701
2026-07-19T12:00:00+00:00,64467.65,64663.04,64285.24,64585.32,1464.507,94381470.0512155
2026-07-19T16:00:00+00:00,64585.33,64752,64280,64462.58,1160.57272,74890318.851404
2026-07-19T20:00:00+00:00,64462.58,64900,64347.89,64722.54,1469.95492,95006518.1787705
2026-07-20T00:00:00+00:00,64722.55,65107.99,64416,64869.8,1856.81248,120367010.7614054
2026-07-20T04:00:00+00:00,64869.79,64869.99,63765.83,64280.01,3162.272,202948573.3207383
2026-07-20T08:00:00+00:00,64280.01,65068,63100,65002.01,5789.67423,371789253.355281
2026-07-20T12:00:00+00:00,65002,65666.8,64077.76,65598.75,5847.5969,379053519.1860063
2026-07-20T16:00:00+00:00,65598.75,65799,65041.05,65142,3294.38969,215471814.6428676
2026-07-20T20:00:00+00:00,65142,65445.27,65061.92,65255.51,1372.74172,89552538.9967458
2026-07-21T00:00:00+00:00,65255.51,65658.78,65148.75,65566.78,2285.39592,149538223.7084598
2026-07-21T04:00:00+00:00,65566.77,66245.64,65471.69,66186.86,3537.73944,232893727.7760537
2026-07-21T08:00:00+00:00,66186.86,66420.65,66129.19,66345.59,3436.96959,227803607.7517068
2026-07-21T12:00:00+00:00,66345.59,66956.15,66255.73,66676.54,5031.99712,335391888.9380546
2026-07-21T16:00:00+00:00,66676.53,66764,66052.63,66444.76,2940.41455,195205977.7344099
2026-07-21T20:00:00+00:00,66444.76,66576,66204,66556.16,1385.76425,91969264.1655351
2026-07-22T00:00:00+00:00,66556.15,66739.89,66176,66210,2882.6636,191621422.1669866
2026-07-22T04:00:00+00:00,66209.99,66424,65701,65843.48,4124.6914,272389387.6457355
2026-07-22T08:00:00+00:00,65843.48,66164.57,65843.47,66013.36,5171.31096,341268215.7845121
2026-07-22T12:00:00+00:00,66013.36,66204.98,65553.67,66047.39,3002.09745,197651196.7168623
2026-07-22T16:00:00+00:00,66047.38,66384,65691.93,65923.19,1521.20312,100444842.6386147
2026-07-22T20:00:00+00:00,65923.19,66138.24,65791.79,66114.49,1372.89949,90583853.3541208
2026-07-23T00:00:00+00:00,66114.5,66313.14,65585.11,65662.53,2738.22182,180505912.366509
2026-07-23T04:00:00+00:00,65662.53,65821.17,65351.02,65442.13,1755.71203,115169792.6132061
2026-07-23T08:00:00+00:00,65442.12,65792.09,65419.75,65555.21,1697.46856,111411329.7332665
2026-07-23T12:00:00+00:00,65555.21,65589.41,64728,64958.36,4309.94067,280331098.6807678
2026-07-23T16:00:00+00:00,64958.37,64961.15,64650,64846.94,2433.46243,157702426.4583233
2026-07-23T20:00:00+00:00,64846.93,65235.43,64834.52,65098.97,1763.42122,114870647.6083213
2026-07-24T00:00:00+00:00,65098.98,65464.35,64762.18,65456.7,1824.8823,118798430.7613269
2026-07-24T04:00:00+00:00,65456.7,65808.59,65248,65499.95,2805.86714,183654410.325705
2026-07-24T08:00:00+00:00,65499.94,65508.17,64857.14,65083.43,2252.49673,146583171.4513061
2026-07-24T12:00:00+00:00,65083.42,65133.99,63739.75,64093.85,6045.41604,388120898.2433055
2026-07-24T16:00:00+00:00,64093.86,64292.44,63881.46,64225.32,2025.41669,129894119.1934784
2026-07-24T20:00:00+00:00,64225.32,64288.02,64121.86,64139.99,1867.1929,119828379.1889297
2026-07-25T00:00:00+00:00,64140,64179.03,64006.55,64085.36,1828.72886,117173780.0913975
2026-07-25T04:00:00+00:00,64085.36,64205.67,63964.57,64003.2,1073.91838,68785852.5866114
2026-07-25T08:00:00+00:00,64003.2,64113,63810,64064.01,2748.18699,175746238.0970865
2026-07-25T12:00:00+00:00,64064.01,64272,64043,64182,929.05963,59611183.0092659
2026-07-25T16:00:00+00:00,64182.01,64475.28,64123,64388.38,848.44532,54590446.8226944
2026-07-25T20:00:00+00:00,64388.39,64430,64263.03,64375,1434.71112,92374555.4765284
2026-07-26T00:00:00+00:00,64375.01,64582,64350,64557,955.90385,61641755.5761044
2026-07-26T04:00:00+00:00,64557,64599.95,64293.81,64370,1238.04277,79788726.3358824
2026-07-26T08:00:00+00:00,64370,64573.73,64353,64507.35,680.86616,43905614.8175047
2026-07-26T12:00:00+00:00,64507.36,64827,64414,64768,1456.55849,94137143.5612193
2026-07-26T16:00:00+00:00,64768,64940.51,64668.91,64695.52,1252.18356,81070372.2607574
2026-07-26T20:00:00+00:00,64695.52,65577,64631.57,65399.99,2349.50606,153290484.9108912
2026-07-27T00:00:00+00:00,65400,65418.81,64892.03,65284,1939.56217,126419306.5771148
2026-07-27T04:00:00+00:00,65284,65744.6,65217.16,65221.99,2549.79202,166808532.2863038
2026-07-27T08:00:00+00:00,65221.99,65432,65092,65100.79,2902.58585,189351686.9026121
2026-07-27T12:00:00+00:00,65100.79,65718,64418.01,64554.01,3393.0404,220545627.3012243
2026-07-27T16:00:00+00:00,64554,65090,64517.78,64984,1492.95286,96859784.5391176
2026-07-27T20:00:00+00:00,64983.99,65056,63605.56,63755.86,2513.97213,161326260.3790142
2026-07-28T00:00:00+00:00,63755.86,63827.49,63059.39,63343.83,3113.97473,197223094.3713635
2026-07-28T04:00:00+00:00,63343.82,63668.71,63221.26,63505.99,2180.40039,138457131.9879771
2026-07-28T08:00:00+00:00,63506,63593,63294,63450,1418.41424,90006748.4715043
2026-07-28T12:00:00+00:00,63449.99,64026.62,62742.47,63928.47,3870.99997,245194835.7059056
2026-07-28T16:00:00+00:00,63928.46,64100,63504,63904,1689.97924,107805607.9087662
2026-07-28T20:00:00+00:00,63904,64073.3,63562,63915,1616.06139,103214086.0481072
2026-07-29T00:00:00+00:00,63915,64200,63658,63753.03,2347.04425,150025520.9286052
2026-07-29T04:00:00+00:00,63753.04,64575.99,63598,64561,2719.58943,174459408.0780022
2026-07-29T08:00:00+00:00,64561.01,64744.81,64283.83,64507.54,1788.0597,115369161.4944394
2026-07-29T12:00:00+00:00,64507.53,64718.87,63886,63964.01,2735.29639,175763704.9083919
2026-07-29T16:00:00+00:00,63964.01,64648.79,63511,63589.46,4593.92101,294567059.2168672
2026-07-29T20:00:00+00:00,63589.46,64131.44,63267.34,63984.28,2596.20834,165440053.0236322
2026-07-30T00:00:00+00:00,63984.29,64411.76,63603.92,64161.98,2334.02034,149574162.287137
2026-07-30T04:00:00+00:00,64161.98,64182,63907.85,64026,3046.62914,195108453.3282034
2026-07-30T08:00:00+00:00,64026,64885.18,63980.54,64788,4792.79575,308892349.1807747
2026-07-30T12:00:00+00:00,64788.01,65176.6,64607.31,64730.3,3737.13198,242391046.5644398
2026-07-30T16:00:00+00:00,64730.29,64988,64688,64800,1688.5901,109487756.9421308
2026-07-30T20:00:00+00:00,64800,65086.4,64668.91,64780.02,1532.41755,99402988.6217281
2026-07-31T00:00:00+00:00,64780.03,65409.56,64172,64370,3281.13705,212266362.985716
2026-07-31T04:00:00+00:00,64370,64496.64,63878.11,63950.01,4513.26941,289329878.8396209
2026-07-31T08:00:00+00:00,63950.01,64011.99,63610,63805.51,2006.05406,128050427.5095636
2026-07-31T12:00:00+00:00,63805.5,63849.19,62466,62716.57,6622.15348,417058298.2413775
2026-07-31T16:00:00+00:00,62716.57,63302,62709.01,62972,2772.32321,174662192.1674103
2026-07-31T20:00:00+00:00,62972,63062.47,62846,62887.88,1280.66965,80656021.1529942
2026-08-01T00:00:00+00:00,62887.88,63106.55,62887.87,63004.48,1641.61546,103411707.7296509
2026-08-01T04:00:00+00:00,63004.47,63142.85,62992.82,63050.46,1267.77262,79950236.839771
2026-08-01T08:00:00+00:00,63050.45,63150,62986.31,63076,834.60912,52640495.1477045
2026-08-01T12:00:00+00:00,63076,63127.07,63007.05,63007.06,1057.87378,66745617.1604201
2026-08-01T16:00:00+00:00,63007.06,63027.65,62275,62529.82,1931.00222,120963738.5006138
2026-08-01T20:00:00+00:00,62529.81,62866.62,62482.99,62823.64,830.21584,52100274.3841957
2026-08-02T00:00:00+00:00,62823.65,63550,62806.58,63461.95,2070.02486,130972008.4458598
2026-08-02T04:00:00+00:00,63461.95,63634,63415.26,63506.24,1136.19822,72153523.5889385
2026-08-02T08:00:00+00:00,63506.23,63530,62982.38,63031.99,1393.24586,88150007.5082187
2026-08-02T12:00:00+00:00,63031.99,63231.67,63010,63109.14,1015.40932,64093788.7331829
2026-08-02T16:00:00+00:00,63109.13,63610.01,63064.01,63456.01,1352.52922,85648276.7447899
2026-08-02T20:00:00+00:00,63456,63796.33,63344,63570,1419.60406,90220771.4002839
2026-08-03T00:00:00+00:00,63570.01,63596,62786.04,62870.49,1580.29042,99839831.4040742
2026-08-03T04:00:00+00:00,62870.48,63001.77,62552.04,62621.1,2528.15637,158583910.2681163
2026-08-03T08:00:00+00:00,62621.1,62863.1,62300,62560.01,1968.81583,123258099.1263082
2026-08-03T12:00:00+00:00,62560.01,63992.71,62445.26,63694.91,5314.98583,337230182.5250796
2026-08-03T16:00:00+00:00,63694.9,64080,63664,63869.38,2341.4127,149567720.3755705
2026-08-03T20:00:00+00:00,63869.38,64023.61,63392.01,63520,1809.63628,115218772.2566304
2026-08-04T00:00:00+00:00,63520,63972,63322.01,63800.01,2284.2087,145406082.5199303
2026-08-04T04:00:00+00:00,63800.01,64243.81,63506.78,63685.74,2203.45481,140604655.7293184
2026-08-04T08:00:00+00:00,63685.73,63950,63451.8,63926,1840.43901,117165598.5897803
2026-08-04T12:00:00+00:00,63926,64238,63615.38,64125.14,3355.49264,214613426.2943327
2026-08-04T16:00:00+00:00,64125.14,64413.21,63892,64233.36,2494.3487,160051627.0726861
2026-08-04T20:00:00+00:00,64233.35,64549.16,64001.68,64106.56,1512.53523,97216293.0904245
2026-08-05T00:00:00+00:00,64106.55,64504,63950,64183.27,2051.27242,131673610.4579225
2026-08-05T04:00:00+00:00,64183.27,64525.97,63995.89,64163.99,1638.18668,105225246.9831986
2026-08-05T08:00:00+00:00,64164,64280,64020,64075.28,1165.7803,74783126.1741652
2026-08-05T12:00:00+00:00,64075.28,64744,63880,64388.01,4094.61341,263646915.5928751
2026-08-05T16:00:00+00:00,64388.01,64936.18,64388,64840.28,1995.16889,129169021.5283286
2026-08-05T20:00:00+00:00,64840.27,65025.22,64579.15,64665.23,1797.83358,116432053.5187597
2026-08-06T00:00:00+00:00,64665.24,64724.38,64439.34,64531.03,1501.18098,96962499.1712507
2026-08-06T04:00:00+00:00,64531.03,64996,64496.27,64809.7,1782.75525,115578918.4334583
2026-08-06T08:00:00+00:00,64809.7,64999,64503.54,64622.09,1307.61434,84640438.2078766
2026-08-06T12:00:00+00:00,64622.08,64987.26,64172,64631.87,2760.61479,178194039.9909075
2026-08-06T16:00:00+00:00,64631.88,64834,64365,64446,1460.95594,94317559.2202549
2026-08-06T20:00:00+00:00,64446.01,64536.32,64200,64323.61,1051.31154,67673191.6929597
2026-08-07T00:00:00+00:00,64323.61,64544,64230.59,64289.99,1225.13149,78853170.6655183
2026-08-07T04:00:00+00:00,64289.99,64463.75,64166,64319.84,1378.76331,88693539.6020364
2026-08-07T08:00:00+00:00,64319.84,65213.33,64304.22,65029.98,2365.76634,153395685.6282665
2026-08-07T12:00:00+00:00,65029.98,65390.99,64788,64912.72,4134.62946,269309422.5987435
2026-08-07T16:00:00+00:00,64912.71,65072.31,64525,64960.47,1712.98766,111056163.2314036
2026-08-07T20:00:00+00:00,64960.46,65102,64846,64923.19,990.12577,64296131.8095905
2026-08-08T00:00:00+00:00,64923.2,65074.18,64784.19,65033,1310.57126,85086476.429228
2026-08-08T04:00:00+00:00,65033,65071.15,64951.34,64960,786.13996,51095645.8592078
2026-08-08T08:00:00+00:00,64959.99,65050,64948.56,64967.35,776.81012,50492698.2832328
2026-08-08T12:00:00+00:00,64967.36,65192.54,64924,65080.82,965.25235,62803848.3122463
2026-08-08T16:00:00+00:00,65080.83,65150,65017.39,65075.41,690.47872,44931091.3033993
2026-08-08T20:00:00+00:00,65075.4,65100.61,64936.01,64962.6,1230.89057,80041598.6433057
2026-08-09T00:00:00+00:00,64962.6,65002,64730.08,64788.8,953.95674,61890284.2974632
2026-08-09T04:00:00+00:00,64788.8,64867.11,64777,64826.14,905.46471,58695686.4279705
2026-08-09T08:00:00+00:00,64826.15,65000,64792.1,64950,878.41777,57018145.0607128
2026-08-09T12:00:00+00:00,64950.01,65300,64914.73,65228.68,1218.78551,79419975.9820366
2026-08-09T16:00:00+00:00,65228.68,65266.06,65179.72,65180.66,760.315,49586659.2239567
2026-08-09T20:00:00+00:00,65180.66,65474.46,64842.59,64901.59,2314.29633,150755456.4120837
2026-08-10T00:00:00+00:00,64901.59,65391.14,64826.78,64982.01,1735.05442,112891375.3746495
2026-08-10T04:00:00+00:00,64982,65379.13,64924,65202.73,1621.07764,105654380.0600148
2026-08-10T08:00:00+00:00,65202.72,65328.73,64958.87,65125.98,1294.99105,84303871.0445741
2026-08-10T12:00:00+00:00,65125.99,65237.8,64203.15,64299.99,3640.00431,235448632.2562785
2026-08-10T16:00:00+00:00,64299.99,64354,63806.27,64045.7,4275.95165,273599521.6348895
2026-08-10T20:00:00+00:00,64045.7,64215.21,63920.69,63970.01,1071.3297,68604779.2827061
2026-08-11T00:00:00+00:00,63970.01,64176,63895.64,64155.01,1832.7232,117375881.6617904
2026-08-11T04:00:00+00:00,64155,64159.65,63852,64065.99,1640.19253,104971889.8142792
2026-08-11T08:00:00+00:00,64066,64400,64044.72,64389.57,1568.1186,100757929.9404529
2026-08-11T12:00:00+00:00,64389.58,64515.43,63451,63609.87,4376.77905,280160653.2282482
2026-08-11T16:00:00+00:00,63609.86,63660,63238,63536,2424.73673,153931196.1930782
2026-08-11T20:00:00+00:00,63536,63768.58,63536,63600,1049.08237,66794644.8280692
2026-08-12T00:00:00+00:00,63600.01,63908.01,63534.01,63835.59,1898.48961,121087078.4571159
2026-08-12T04:00:00+00:00,63835.58,63891.42,63606.15,63837.99,2130.54232,135859656.6182127
2026-08-12T08:00:00+00:00,63838,64249.5,63768.01,64240.04,2267.09134,145242071.6115839
2026-08-12T12:00:00+00:00,64240.04,64500,63316,63441.47,3959.44035,252858381.7954022
2026-08-12T16:00:00+00:00,63441.48,63578,63310.34,63421.11,1558.61566,98881340.6963685
2026-08-12T20:00:00+00:00,63421.11,63661.24,63370,63479.99,1812.88894,115034605.0498774
2026-08-13T00:00:00+00:00,63479.99,63717.31,63380,63646.99,1584.53762,100664999.4513205
2026-08-13T04:00:00+00:00,63647,64010,63591.56,63865.84,1512.6667,96599906.2448171
2026-08-13T08:00:00+00:00,63865.84,63915,63350,63484.3,1451.07714,92398073.0706358
2026-08-13T12:00:00+00:00,63484.31,63999,63420,63420.01,2120.87883,135187139.4762135
2026-08-13T16:00:00+00:00,63420.01,63568.97,62802.27,63407.99,3071.89552,194166446.6382577
2026-08-13T20:00:00+00:00,63408,63640,63368,63490.86,1052.80272,66828129.3682402
2026-08-14T00:00:00+00:00,63490.86,63617.45,63301.58,63310,1474.95395,93667595.2155066
2026-08-14T04:00:00+00:00,63310,63472.5,62920,62920.78,2090.34251,132100109.4740859
2026-08-14T08:00:00+00:00,62920.78,62997.83,62700,62868.83,2437.10701,153184955.4967872
2026-08-14T12:00:00+00:00,62868.83,63089.18,62535.24,62990.95,3460.64272,217135899.8582521
2026-08-14T16:00:00+00:00,62990.94,63247.05,62830,62968.05,1783.03596,112422975.4445028
2026-08-14T20:00:00+00:00,62968.06,63066.13,62800,63043.56,1094.74684,68897309.2166631
2026-08-15T00:00:00+00:00,63043.56,63187.98,62992.91,63051.25,1121.88969,70728949.7345978
2026-08-15T04:00:00+00:00,63051.25,63155.76,63027.89,63075.43,1448.06787,91353412.07291
2026-08-15T08:00:00+00:00,63075.43,63085.8,62920,63022.01,617.28318,38899181.7952311
2026-08-15T12:00:00+00:00,63022.01,63120.09,62946.58,63100.55,700.44395,44159868.8847232
2026-08-15T16:00:00+00:00,63100.55,63127.4,63044.37,63126.08,1110.25742,70040082.2126242
2026-08-15T20:00:00+00:00,63126.07,63175,63076.96,63086.01,407.21827,25709137.6577973
2026-08-16T00:00:00+00:00,63086.01,63151.59,63012,63130,626.426,39524860.8942565
2026-08-16T04:00:00+00:00,63130.01,63158.8,63040,63061.02,792.70018,49997624.3726233
2026-08-16T08:00:00+00:00,63061.03,63079.76,62968.45,63013.66,746.76545,47059525.419208
2026-08-16T12:00:00+00:00,63013.66,63146.4,62997.77,63146.39,558.13323,35207338.3835387
2026-08-16T16:00:00+00:00,63146.39,63390,63100.89,63108.81,861.07496,54437166.0189559
2026-08-16T20:00:00+00:00,63108.8,63140,62716,62900,1152.13153,72471533.4665491
2026-08-17T00:00:00+00:00,62900,63520,62751.1,63429.21,2170.22745,137088004.7754655
2026-08-17T04:00:00+00:00,63429.21,63717.17,63429.21,63514.45,2494.00927,158451731.9044864
2026-08-17T08:00:00+00:00,63514.45,63781.69,63295,63631.1,1942.91539,123380500.1117957
2026-08-17T12:00:00+00:00,63631.11,64227.27,63444.17,64200,2930.57098,187024847.2383412
2026-08-17T16:00:00+00:00,64200,64610.01,63979.3,64309.96,3583.96885,230413977.46563
2026-08-17T20:00:00+00:00,64309.95,64578,64266,64532.1,1133.95519,73006989.5728039
2026-08-18T00:00:00+00:00,64532.11,64568.46,64047.73,64185.01,1731.23124,111202818.3351658
2026-08-18T04:00:00+00:00,64185,64446,64090,64198.97,3151.98283,202472655.3705193
2026-08-18T08:00:00+00:00,64198.97,64402.35,64087.98,64351.19,1202.18477,77227074.7347002
2026-08-18T12:00:00+00:00,64351.18,65058.81,64027.85,64855.06,3687.2214,237954220.3227694
2026-08-18T16:00:00+00:00,64855.06,64891.81,64642.36,64643.26,1223.7468,79255097.0914884
2026-08-18T20:00:00+00:00,64643.27,64780,64562.25,64725.42,793.54608,51293463.9747784
2026-08-19T00:00:00+00:00,64725.42,64736.27,64278,64330.71,1368.72937,88199811.0086489
2026-08-19T04:00:00+00:00,64330.7,64409.93,64166,64296,1822.44544,117221863.8378684
2026-08-19T08:00:00+00:00,64296.01,64539.05,64255,64515.63,1158.29773,74611199.1198357
2026-08-19T12:00:00+00:00,64515.62,69500,64474.86,68554,14033.00336,939526647.5011343
2026-08-19T16:00:00+00:00,68554,68997,67825.03,68429.44,5078.58687,347389517.9273289
2026-08-19T20:00:00+00:00,68429.44,70000,68390,69334.79,5593.23699,387820099.6983747
2026-08-20T00:00:00+00:00,69334.78,69894.5,68902.22,69195.64,4128.11593,286686629.3688295
2026-08-20T04:00:00+00:00,69195.64,70022,69166,69816.45,5427.46046,377584678.9597753
2026-08-20T08:00:00+00:00,69816.45,72490,69772.36,71927.07,11048.6274,791582876.508384
2026-08-20T12:00:00+00:00,71927.07,72830,71132,72470.83,8096.54953,582385271.5188173
2026-08-20T16:00:00+00:00,72470.84,72966,72205.88,72690.76,4379.48083,317970452.9319334
2026-08-20T20:00:00+00:00,72690.76,73400,72498,73025.15,2824.55872,205843798.3222438
2026-08-21T00:00:00+00:00,73027.02,75785.82,73027.02,74510.77,7849.2251,584652979.5047988
2026-08-21T04:00:00+00:00,74510.77,76916.95,74510.77,76308.65,7121.86416,540182095.0565292
2026-08-21T08:00:00+00:00,76308.66,79500,76235.76,76722.32,12525.47553,973556247.6462284
2026-08-21T12:00:00+00:00,76722.31,77871.33,76243.04,77221.98,7874.81907,606989752.8285966
2026-08-21T16:00:00+00:00,77221.98,77722.12,76643.72,77028.94,4866.29326,375915274.045809
2026-08-21T20:00:00+00:00,77028.94,78760.68,76863.56,78338.03,4101.88856,320376410.9513989
2026-08-22T00:00:00+00:00,78338.03,78828.15,77683.37,78410.98,3135.03861,245268338.6654446
2026-08-22T04:00:00+00:00,78410.98,78818,76500,77289.18,6027.36717,466550227.9128869
2026-08-22T08:00:00+00:00,77289.18,77445.6,76533.87,77130.02,3748.00174,288838577.4531066
2026-08-22T12:00:00+00:00,77130.01,77387.99,76880,76978.83,2000.76926,154332032.6085874
2026-08-22T16:00:00+00:00,76978.83,77547.96,76956.36,77418.25,1412.16364,109110128.0558765
2026-08-22T20:00:00+00:00,77418.26,77467.53,76772,77074.93,2201.16805,169669083.9013361
2026-08-23T00:00:00+00:00,77074.94,77400,76837,76927.87,1553.06668,119795735.0255654
2026-08-23T04:00:00+00:00,76927.87,77036.58,75545.67,76007.13,4450.70459,339620679.0390339
2026-08-23T08:00:00+00:00,76007.12,77400,75952.09,77311.02,2438.39979,187060386.4546426
2026-08-23T12:00:00+00:00,77311.02,77765.8,76802,77156.13,2980.37095,230369560.0512623
2026-08-23T16:00:00+00:00,77156.14,77487.04,77116,77346.01,1664.50999,128662882.743986
2026-08-23T20:00:00+00:00,77346,78052.85,77200.03,77734,2280.17985,177119032.7449427
2026-08-24T00:00:00+00:00,77734,77742,76883.61,76933.02,3664.03678,283117467.4220027
2026-08-24T04:00:00+00:00,76933.02,77790.19,76670.01,77307.15,3503.20007,270380619.8475587
2026-08-24T08:00:00+00:00,77307.14,78600,76838,78443.65,3882.01996,301637101.6681494
2026-08-24T12:00:00+00:00,78443.65,80000,77851.9,79100.01,12055.74657,954105947.7383028
2026-08-24T16:00:00+00:00,79100.01,79877.87,78468.61,78758,5362.11449,423708111.237088
2026-08-24T20:00:00+00:00,78757.99,79049.4,78560,78992.75,1712.17604,135011596.3897474
2026-08-25T00:00:00+00:00,78992.76,81272.62,78715.63,80488.01,6875.1249,552000217.0837109
2026-08-25T04:00:00+00:00,80488.01,80923.69,79369.17,79705.79,3945.93467,317316928.5911922
2026-08-25T08:00:00+00:00,79705.79,80249,78888,79117.99,3717.84169,295648536.1362784
2026-08-25T12:00:00+00:00,79118,79527.09,78120.74,79502.01,4751.6108,375123227.0557541
2026-08-25T16:00:00+00:00,79502.01,79563.71,78728.35,78925.95,2595.83028,205368523.100307
2026-08-25T20:00:00+00:00,78925.96,79000,77851,78539.14,2886.1716,226713098.307355
2026-08-26T00:00:00+00:00,78539.13,79251.6,78312,79088.62,2212.08248,174349498.5546417
2026-08-26T04:00:00+00:00,79088.61,79206,78638,78925.56,1973.77004,155873393.5797887
2026-08-26T08:00:00+00:00,78925.57,79119.37,78244.83,78487.26,2329.51988,183326671.602398
2026-08-26T12:00:00+00:00,78487.26,78713.79,77632.58,78011.65,3729.56026,291557221.1197071
2026-08-26T16:00:00+00:00,78011.64,78650.26,77858,78475.49,1989.76733,155798970.7634363
2026-08-26T20:00:00+00:00,78475.49,79174.12,78200,79023.75,2379.05888,187330300.2592667
2026-08-27T00:00:00+00:00,79023.75,79028.49,78546.13,78830.68,1834.8573,144579435.7540884
2026-08-27T04:00:00+00:00,78830.68,79095.99,78600,79082.17,1224.03365,96432095.2774659
2026-08-27T08:00:00+00:00,79082.18,80520,79048,79477.67,4143.28822,330549396.0114476
2026-08-27T12:00:00+00:00,79477.66,80799.91,78920,80302.32,4528.8285,361694413.2504901
2026-08-27T16:00:00+00:00,80302.32,80848.74,79749.7,79910.19,3109.17529,249832874.322733
2026-08-27T20:00:00+00:00,79910.19,80432.36,79882.86,80249.58,1425.35399,114282160.8572536
2026-08-28T00:00:00+00:00,80249.59,81478.87,79723.02,79810.49,3700.54747,297709414.9709503
2026-08-28T04:00:00+00:00,79810.48,79999,79558.11,79660,2266.68768,180738434.018482
2026-08-28T08:00:00+00:00,79660,79840,79001.01,79604.13,2010.80327,159814037.5381611
2026-08-28T12:00:00+00:00,79604.12,79838.73,78312.64,78331.13,5428.42383,429508059.4682729
2026-08-28T16:00:00+00:00,78331.13,78404,76888,77580.03,4754.79211,369396365.5109228
2026-08-28T20:00:00+00:00,77580.03,77846.72,77255.69,77845.87,1595.1821,123761290.7721515
2026-08-29T00:00:00+00:00,77845.88,77963.92,77507.16,77507.17,1163.39213,90418050.3634232
2026-08-29T04:00:00+00:00,77507.17,77716.12,77382.37,77626.01,1664.15625,129119474.4645312
2026-08-29T08:00:00+00:00,77626.01,77754.23,77487.73,77584.67,991.9736,76998162.123796
2026-08-29T12:00:00+00:00,77584.66,78150,77506.63,77865.36,1283.2584,99813325.988592
2026-08-29T16:00:00+00:00,77865.36,78330,77858.29,78182,1024.87084,80033032.8242917
2026-08-29T20:00:00+00:00,78181.99,78298,78062,78230,888.65135,69485939.0839436
2026-08-30T00:00:00+00:00,78230,78330,77994.02,78144.68,816.30414,63775145.1706721
2026-08-30T04:00:00+00:00,78144.68,78310.71,77990,78118,723.01311,56509774.4526908
2026-08-30T08:00:00+00:00,78118,78242,77962.49,78166,649.28997,50708621.2976217
2026-08-30T12:00:00+00:00,78165.99,78966.76,78165.99,78823.63,2296.08087,180746108.3244237
2026-08-30T16:00:00+00:00,78823.62,79400,78721.98,78856.39,1654.26061,130738402.3687322
2026-08-30T20:00:00+00:00,78856.39,78931.49,77000,77682,2946.47535,230028487.9503243
2026-08-31T00:00:00+00:00,77682,78185.89,77392,77756.71,2131.01907,165701011.8132654
2026-08-31T04:00:00+00:00,77756.7,78322.56,77458.83,78196.01,2746.00452,214069223.6132832
2026-08-31T08:00:00+00:00,78196.01,78802,77982,78315.43,2466.58638,193536671.7683817
2026-08-31T12:00:00+00:00,78315.43,78777.9,77675.04,78580.42,4388.20343,343266115.8802321
2026-08-31T16:00:00+00:00,78580.43,79250,78494,78898.06,2077.9423,163864857.7903095
2026-08-31T20:00:00+00:00,78898.06,79172,78405.01,78581.29,1494.15032,117720301.3719479
2026-09-01T00:00:00+00:00,78581.3,78900.01,78189.93,78679.01,2030.75476,159571819.4595824
2026-09-01T04:00:00+00:00,78679.01,79220.61,78500,78632.37,1861.50805,146778162.6548555
2026-09-01T08:00:00+00:00,78632.37,78658.01,77758.69,78098.97,2651.84197,206851571.7831605
2026-09-01T12:00:00+00:00,78098.96,78424,77510,77919.06,3120.33071,243305254.9308342
2026-09-01T16:00:00+00:00,77919.07,77976,76420,77312,3107.9414,239916082.7503355
2026-09-01T20:00:00+00:00,77312,77638.18,76920.36,77439,1358.2626,104964385.0725612
2026-09-02T00:00:00+00:00,77439.01,77792,76718.48,77563.5,2069.66828,159958546.373598
2026-09-02T04:00:00+00:00,77563.5,77765.99,77294.56,77473.85,1554.71407,120617931.1992945
2026-09-02T08:00:00+00:00,77473.86,77546,76264,76828.76,3307.82033,253836281.6627019
2026-09-02T12:00:00+00:00,76828.75,77490,76611.67,77288.98,2775.08568,213774571.9808247
2026-09-02T16:00:00+00:00,77288.97,77582,76950.56,77341.47,2309.35456,178656290.9726582
2026-09-02T20:00:00+00:00,77341.48,77520,77007.36,77340.01,1054.33528,81489490.3984461
2026-09-03T00:00:00+00:00,77340.01,77900,76968,77708,1810.06511,140251311.4190477
2026-09-03T04:00:00+00:00,77708.01,78183.91,77101.01,77663.15,2058.03609,159987507.994827
2026-09-03T08:00:00+00:00,77663.14,78066,77478,77948.39,1507.39929,117256418.9456961
2026-09-03T12:00:00+00:00,77948.39,81370.33,77896.07,81348,7602.37953,606886446.659864
2026-09-03T16:00:00+00:00,81348,81790,80613.52,81755.41,3813.87114,309493308.371572
2026-09-03T20:00:00+00:00,81755.41,82300,80905.05,81270.37,3014.67131,245764086.4561586
2026-09-04T00:00:00+00:00,81270.37,81427.75,80669.45,80850,2106.35935,170548843.226478
2026-09-04T04:00:00+00:00,80850.01,81288,80573.21,80656.87,2337.64732,189190033.2871935
2026-09-04T08:00:00+00:00,80656.86,81423.03,80502.87,81224.86,2718.76274,220450057.0141757
2026-09-04T12:00:00+00:00,81224.86,81350,78660,79429.33,8378.55183,666810632.8215002
2026-09-04T16:00:00+00:00,79429.33,79877.07,79378.19,79793.34,2107.66351,167870858.1669892
2026-09-04T20:00:00+00:00,79793.35,79862.15,79512,79660.77,1549.64074,123522867.9682091
2026-09-05T00:00:00+00:00,79660.77,79721.57,79472.22,79582,879.54469,70012628.6919964
2026-09-05T04:00:00+00:00,79581.99,79763.41,79442,79709.96,1299.56191,103432853.7643185
2026-09-05T08:00:00+00:00,79709.96,79735.97,79568,79609.28,1317.25002,104916682.7774744
2026-09-05T12:00:00+00:00,79609.29,79816,79545.96,79806.01,1515.20832,120770981.0726225
2026-09-05T16:00:00+00:00,79806,80200,79712.86,79754,2187.26566,174953002.206013
2026-09-05T20:00:00+00:00,79753.99,79947.99,79694,79831.75,1918.4096,153075951.6546865
2026-09-06T00:00:00+00:00,79831.75,80107.99,79829.98,80028.01,959.7761,76738783.0247287
2026-09-06T04:00:00+00:00,80028.01,80107.99,79577,79805,1634.23504,130509991.499698
2026-09-06T08:00:00+00:00,79804.68,80020,79752.7,79919.17,1709.90126,136601046.1877364
2026-09-06T12:00:00+00:00,79919.17,80010,79233,79716.5,1691.87965,134855695.8490183
2026-09-06T16:00:00+00:00,79716.51,79970,79584.73,79829.99,859.21256,68553308.7431756
2026-09-06T20:00:00+00:00,79830,80559.99,79647.04,80341.83,1999.81366,160163399.1606979
2026-09-07T00:00:00+00:00,80341.83,80443.99,79568.6,79596.39,1737.92416,139047832.685139
2026-09-07T04:00:00+00:00,79596.38,79926.04,79001.1,79397.83,2737.571,217914110.7602225
2026-09-07T08:00:00+00:00,79397.83,79550,79282,79420.16,1414.08125,112324541.4332827
2026-09-07T12:00:00+00:00,79420.16,79643.5,78680,78821.99,2336.60558,184997092.7829543
2026-09-07T16:00:00+00:00,78822,79419.17,78807.69,79365.82,1219.11153,96427074.2277194
2026-09-07T20:00:00+00:00,79365.81,79394.92,78781.07,79112.01,1127.16143,89172022.6530194
2026-09-08T00:00:00+00:00,79112,79485,78725.1,78906.28,2314.63248,183133350.4543953
2026-09-08T04:00:00+00:00,78906.27,78929.24,78179.98,78482,6753.06421,530063447.5261709
2026-09-08T08:00:00+00:00,78482,78994.5,78271.63,78430.01,2614.92047,205273827.99566
2026-09-08T12:00:00+00:00,78430,78910.88,77620.01,78904,4668.00227,365040142.330886
2026-09-08T16:00:00+00:00,78904,78978.39,78271.49,78446,1484.59996,116669148.1104451
2026-09-08T20:00:00+00:00,78445.99,78662.75,78406,78455.8,1399.84666,109897319.3172984
2026-09-09T00:00:00+00:00,78455.8,78928.65,78455.79,78638.01,1609.73359,126753982.7041267
2026-09-09T04:00:00+00:00,78638.01,79400,78638,79277.43,1973.28668,156089232.3306037
2026-09-09T08:00:00+00:00,79277.44,79760,78725.29,79324.75,2523.95974,200078904.9830805
2026-09-09T12:00:00+00:00,79324.75,79678.84,78060.03,78596.7,4602.5023,363750201.1337465
2026-09-09T16:00:00+00:00,78596.7,78938.55,78150,78234.94,1739.43655,136753528.0249242
2026-09-09T20:00:00+00:00,78234.94,78340.01,77770,78306.43,1681.00141,131304816.9757211
2026-09-10T00:00:00+00:00,78306.43,78550,77952,78328.08,1876.38897,146801771.4713796
2026-09-10T04:00:00+00:00,78328.08,78564.39,77906.48,78112,1876.70487,146929980.8535038
2026-09-10T08:00:00+00:00,78112,78229.22,77688,77840.8,2184.29873,170354028.2966263
2026-09-10T12:00:00+00:00,77840.64,77959.2,76676.07,77250,6058.77233,467917735.2180827
2026-09-10T16:00:00+00:00,77250,77544,76804.99,77160.83,1862.81881,143762557.2844411
2026-09-10T20:00:00+00:00,77160.83,77347.45,76464,76568.72,1461.38533,112351870.6479861
2026-09-11T00:00:00+00:00,76568.73,77013.62,76563.01,76891.8,2190.99695,168336465.4288604
2026-09-11T04:00:00+00:00,76891.81,77431.48,76889.23,77230.7,1495.30957,115435265.0002979
2026-09-11T08:00:00+00:00,77230.7,77500,76746.95,77036.12,1673.60711,128999410.9315169
2026-09-11T12:00:00+00:00,77036.12,79890,76046.58,77732.25,9334.31018,727803306.2853285
2026-09-11T16:00:00+00:00,77732.25,78068.01,76883,77286.01,2837.74262,219862384.2649299
2026-09-11T20:00:00+00:00,77286,77504.01,76967.13,77225.7,2181.31086,168372660.1883759
2026-09-12T00:00:00+00:00,77225.71,77378.37,77207.65,77268.09,1050.82498,81207062.7386786
2026-09-12T04:00:00+00:00,77268.09,77359.2,77164.06,77269.55,1868.18666,144314712.4532543
2026-09-12T08:00:00+00:00,77269.54,77400.75,77269.54,77356.04,911.81159,70521078.8414139
2026-09-12T12:00:00+00:00,77356.05,77505.67,77255.19,77380.37,1868.75181,144538567.9105095
2026-09-12T16:00:00+00:00,77380.38,77414.01,77059.75,77114.99,1414.87519,109225264.2635859
2026-09-12T20:00:00+00:00,77115,77300,77114.99,77278.73,945.99432,73042473.3802968
2026-09-13T00:00:00+00:00,77278.73,77341.37,77162.36,77192.01,909.67679,70288334.3378861
2026-09-13T04:00:00+00:00,77192,77325.82,77058.42,77127.99,1137.82395,87870752.2413236
2026-09-13T08:00:00+00:00,77127.99,77182,76500,76792.32,1396.22788,107188172.3467551
2026-09-13T12:00:00+00:00,76792.31,77254.45,76560,77134.83,1488.47423,114501494.9503772
2026-09-13T16:00:00+00:00,77134.82,77413.52,77125.66,77284,690.96129,53408148.0598934
2026-09-13T20:00:00+00:00,77284.01,77450,76622.97,76842.01,1336.51952,102835311.4652041
2026-09-14T00:00:00+00:00,76842.01,77869.82,76388.72,77596.33,3263.31484,252160806.2027394
2026-09-14T04:00:00+00:00,77596.32,77895.35,77379.41,77892.24,1674.13901,130019629.1234463
