timestamp,open,high,low,close,volume,quote_volume
2026-01-07T08:00:00+00:00,3255.31,3263.37,3196.23,3220.24,64927.4387,209138130.754312
2026-01-07T12:00:00+00:00,3220.25,3229.05,3144.37,3164.7,91685.5827,291875570.121797
2026-01-07T16:00:00+00:00,3164.71,3179.69,3125.42,3146.02,58204.1941,183518827.160656
2026-01-07T20:00:00+00:00,3146.02,3181.78,3128.13,3168.72,42089.5211,132767211.438892
2026-01-08T00:00:00+00:00,3168.72,3184.39,3133.56,3142.88,39920.8253,126229758.849706
2026-01-08T04:00:00+00:00,3142.88,3161.24,3090.04,3128.28,59556.3234,186060296.898201
2026-01-08T08:00:00+00:00,3128.29,3136.56,3096.68,3121.24,46446.0065,144883873.337603
2026-01-08T12:00:00+00:00,3121.25,3121.49,3054.65,3104.2,115339.8326,356165726.47371
2026-01-08T16:00:00+00:00,3104.19,3140,3090.2,3111.53,53648.4349,167239292.28923
2026-01-08T20:00:00+00:00,3111.53,3130.38,3089.39,3106.65,28704.6778,89267072.194253
2026-01-09T00:00:00+00:00,3106.66,3148.41,3081.34,3119.6,49958.428,155500670.913688
2026-01-09T04:00:00+00:00,3119.6,3125.71,3110.39,3111.2,17294.1278,53928250.04431
2026-01-09T08:00:00+00:00,3111.21,3115.37,3067.44,3090.36,40427.3691,125003507.5322
2026-01-09T12:00:00+00:00,3090.36,3143,3058.69,3112.08,86674.2014,268672169.538303
2026-01-09T16:00:00+00:00,3112.08,3145.45,3068.94,3080.6,56163.5771,174540426.284376
2026-01-09T20:00:00+00:00,3080.6,3093.35,3065.23,3088.4,24069.7499,74201958.612676
2026-01-10T00:00:00+00:00,3088.4,3094.61,3080.1,3086.51,10803.586,33349044.195498
2026-01-10T04:00:00+00:00,3086.51,3093.38,3077.99,3092.77,20280.0951,62548053.944661
2026-01-10T08:00:00+00:00,3092.77,3104.12,3087.37,3096.99,19119.5953,59214720.927366
2026-01-10T12:00:00+00:00,3096.99,3104.01,3088.81,3095.64,12501.0934,38711365.54776
2026-01-10T16:00:00+00:00,3095.63,3099.37,3090.08,3092.12,8420.0952,26055249.957983
2026-01-10T20:00:00+00:00,3092.13,3093.3,3078.71,3086.72,11216.5896,34617289.429375
2026-01-11T00:00:00+00:00,3086.72,3097.53,3084.46,3096.78,6690.1603,20688764.865661
2026-01-11T04:00:00+00:00,3096.78,3102.42,3090,3095.32,10462.9255,32405321.910938
2026-01-11T08:00:00+00:00,3095.32,3109.78,3092.7,3105.22,16569.4584,51428240.392201
2026-01-11T12:00:00+00:00,3105.22,3131,3105,3118.22,35550.031,110748101.722782
2026-01-11T16:00:00+00:00,3118.22,3147.27,3115.63,3124.36,36016.8437,112782298.283703
2026-01-11T20:00:00+00:00,3124.36,3126.15,3092.59,3123.45,44091.8776,137174920.407717
2026-01-12T00:00:00+00:00,3123.46,3171.49,3097.24,3152.55,72306.4411,227129509.973836
2026-01-12T04:00:00+00:00,3152.56,3166.9,3133.52,3135.34,25464.2607,80331814.063059
2026-01-12T08:00:00+00:00,3135.33,3147.62,3101.48,3115.43,40245.0871,125538913.023006
2026-01-12T12:00:00+00:00,3115.43,3133.52,3065.55,3130.17,73683.7355,228477459.454925
2026-01-12T16:00:00+00:00,3130.17,3146.66,3083.5,3121.83,57077.6791,177899016.020918
2026-01-12T20:00:00+00:00,3121.82,3127.75,3083.54,3095.75,28596.2646,88647829.760257
2026-01-13T00:00:00+00:00,3095.75,3119.01,3091.96,3116.14,22531.1335,69960561.916745
2026-01-13T04:00:00+00:00,3116.14,3146.55,3112.46,3122.01,38274.2613,119810547.777331
2026-01-13T08:00:00+00:00,3122,3148.33,3122,3133.95,33910.3954,106295004.27785
2026-01-13T12:00:00+00:00,3133.95,3188.47,3130,3184.41,96545.2406,304279297.199079
2026-01-13T16:00:00+00:00,3184.41,3218.61,3172,3215.9,73955.9338,236022434.376916
2026-01-13T20:00:00+00:00,3215.91,3367.79,3190.56,3325.82,192565.317,634615456.576956
2026-01-14T00:00:00+00:00,3325.83,3357.56,3315.15,3351.95,85543.415,285103810.304035
2026-01-14T04:00:00+00:00,3351.94,3364.64,3322.01,3335.78,63136.2459,210640332.549043
2026-01-14T08:00:00+00:00,3335.78,3342.64,3282.59,3286.22,58774.1212,194770832.620023
2026-01-14T12:00:00+00:00,3286.22,3362.17,3280.48,3345.81,107556.326,358057467.49215
2026-01-14T16:00:00+00:00,3345.81,3402.89,3315.51,3367.42,136432.6272,458932951.917927
2026-01-14T20:00:00+00:00,3367.42,3392.94,3347.83,3354.92,51997.3406,175143105.45662
2026-01-15T00:00:00+00:00,3354.92,3355.8,3278,3286.55,57564.0628,190769807.027971
2026-01-15T04:00:00+00:00,3286.56,3335.15,3284.84,3330,36938.0988,122372256.793244
2026-01-15T08:00:00+00:00,3329.99,3378.75,3320.17,3349.96,56429.5116,189320415.177917
2026-01-15T12:00:00+00:00,3349.96,3384.19,3285.79,3330.65,109387.0046,365504248.140217
2026-01-15T16:00:00+00:00,3330.66,3337.56,3273.72,3295.48,95663.6814,316435315.427729
2026-01-15T20:00:00+00:00,3295.47,3323.32,3276.7,3318.69,34011.4768,112226207.999142
2026-01-16T00:00:00+00:00,3318.7,3326.79,3291.89,3295.21,26232.6895,86749126.274098
2026-01-16T04:00:00+00:00,3295.22,3316.99,3277.04,3309.41,39155.7934,129214856.789141
2026-01-16T08:00:00+00:00,3309.42,3319.97,3293.33,3301.94,24987.7787,82639137.175646
2026-01-16T12:00:00+00:00,3301.94,3318.61,3253.01,3264.18,65806.1923,216375887.902179
2026-01-16T16:00:00+00:00,3264.17,3288.42,3259.83,3276.94,40718.886,133442549.612595
2026-01-16T20:00:00+00:00,3276.94,3299.89,3264.42,3296.28,27020.4477,88856950.996174
2026-01-17T00:00:00+00:00,3296.28,3297.34,3283.96,3289.32,11302.5507,37195337.760376
2026-01-17T04:00:00+00:00,3289.33,3294.12,3285.99,3291.57,8025.4566,26405041.650886
2026-01-17T08:00:00+00:00,3291.56,3305.32,3289.01,3302.72,19466.0816,64198074.849882
2026-01-17T12:00:00+00:00,3302.72,3330.07,3299.77,3329.95,42521.6103,141084931.555397
2026-01-17T16:00:00+00:00,3329.95,3330.26,3312.22,3316.36,27286.9449,90596915.3079
2026-01-17T20:00:00+00:00,3316.36,3320.33,3297.44,3310.56,15722.3862,52028567.267069
2026-01-18T00:00:00+00:00,3310.56,3319.5,3296.34,3316.16,14955.0073,49449341.949973
2026-01-18T04:00:00+00:00,3316.15,3318.36,3306.4,3307.3,19441.7668,64411782.575719
2026-01-18T08:00:00+00:00,3307.3,3326.2,3303.52,3322,26425.7891,87699651.047858
2026-01-18T12:00:00+00:00,3322,3347.75,3314.64,3333.99,32494.8908,108229509.36244
2026-01-18T16:00:00+00:00,3334,3368.82,3330.05,3346.56,28977.7552,97093149.799146
2026-01-18T20:00:00+00:00,3346.56,3356.26,3278.86,3284.03,51059.0934,169418081.79512
2026-01-19T00:00:00+00:00,3284.04,3284.58,3177.68,3212.29,189671.1361,610074734.03488
2026-01-19T04:00:00+00:00,3212.28,3218.02,3187.88,3207.47,86267.3546,276445092.152316
2026-01-19T08:00:00+00:00,3207.47,3231.27,3197.3,3223.91,62305.8434,200426963.336093
2026-01-19T12:00:00+00:00,3223.91,3236.26,3202.85,3216.21,39678.1061,127764115.628342
2026-01-19T16:00:00+00:00,3216.2,3227.17,3208.5,3219.95,20446.9647,65801797.742083
2026-01-19T20:00:00+00:00,3219.95,3225.43,3165.38,3189.55,44171.1547,141075561.004547
2026-01-20T00:00:00+00:00,3189.56,3200.5,3175.53,3188.67,31249.1524,99658329.113576
2026-01-20T04:00:00+00:00,3188.68,3189.23,3109.37,3123.37,92886.9592,291868491.819955
2026-01-20T08:00:00+00:00,3123.37,3123.84,3085.17,3109.88,80416.5277,249396747.838918
2026-01-20T12:00:00+00:00,3109.88,3115,2995.33,3032.99,151528.8906,462379448.957402
2026-01-20T16:00:00+00:00,3033,3042.92,2980.11,2996.49,80445.9788,241665002.093118
2026-01-20T20:00:00+00:00,2996.49,3007.22,2920,2939.88,81638.97,242005006.983091
2026-01-21T00:00:00+00:00,2939.88,2984.64,2921.89,2981.76,52743.8817,156030014.120436
2026-01-21T04:00:00+00:00,2981.75,3002,2966,2970.6,43953.8509,131113379.857195
2026-01-21T08:00:00+00:00,2970.6,2974.87,2938,2943,47857.5216,141699552.588376
2026-01-21T12:00:00+00:00,2943,3026.83,2902,3002.69,152744.3548,452601825.5324
2026-01-21T16:00:00+00:00,3002.69,3069.07,2866.11,3055.56,209234.4299,616190414.980814
2026-01-21T20:00:00+00:00,3055.55,3057.72,2972.69,2982.27,71266.2092,215267996.732832
2026-01-22T00:00:00+00:00,2982.28,3038.33,2980.73,3013.41,40907.9309,123323612.233263
2026-01-22T04:00:00+00:00,3013.41,3027.9,3000.4,3000.94,30603.7031,92305198.151893
2026-01-22T08:00:00+00:00,3000.94,3016.4,2977.22,2986.8,36510.9344,109520108.375567
2026-01-22T12:00:00+00:00,2986.8,3010.18,2906.02,2942.01,106579.0097,314954271.253172
2026-01-22T16:00:00+00:00,2942.02,2972.76,2923.99,2953.94,48457.5714,142841913.913803
2026-01-22T20:00:00+00:00,2953.94,2959.16,2930.15,2952.69,28601.5854,84261788.31144
2026-01-23T00:00:00+00:00,2952.7,2972.08,2946.22,2964.42,22069.3863,65313118.010047
2026-01-23T04:00:00+00:00,2964.42,2984.71,2935.31,2948.49,46545.6544,137785988.426052
2026-01-23T08:00:00+00:00,2948.58,2951.34,2914.93,2940.68,56738.2502,166240805.400956
2026-01-23T12:00:00+00:00,2940.68,2965.06,2892.4,2952.75,74272.5747,217316321.19225
2026-01-23T16:00:00+00:00,2952.66,3019.26,2938.46,2959.8,94167.9053,280513389.458343
2026-01-23T20:00:00+00:00,2959.79,2963.69,2930.42,2956.41,24621.5608,72588353.181867
2026-01-24T00:00:00+00:00,2956.41,2970.41,2949.27,2962.72,19180.1792,56799653.012242
2026-01-24T04:00:00+00:00,2962.72,2966.86,2953.99,2957.34,16552.4734,48987797.083914
2026-01-24T08:00:00+00:00,2957.34,2964.98,2954.77,2961.18,7645.161,22633339.258133
2026-01-24T12:00:00+00:00,2961.17,2968.08,2943.84,2957.25,21086.4614,62380203.216308
2026-01-24T16:00:00+00:00,2957.25,2968.49,2952.23,2953.93,14150.0816,41889652.658699
2026-01-24T20:00:00+00:00,2953.94,2964.55,2949.23,2953.22,13468.5473,39826630.63113
2026-01-25T00:00:00+00:00,2953.23,2960.29,2937.5,2942.6,14633.9687,43156594.512621
2026-01-25T04:00:00+00:00,2942.59,2949.36,2935.01,2939.57,15127.5126,44513047.03884
2026-01-25T08:00:00+00:00,2939.58,2948.11,2921,2937.54,26614.8719,78141057.819258
2026-01-25T12:00:00+00:00,2937.54,2945.37,2922.08,2926.81,24962.6202,73268832.238274
2026-01-25T16:00:00+00:00,2926.82,2927.78,2797.2,2812.96,193895.4063,554557897.541096
2026-01-25T20:00:00+00:00,2812.96,2825.72,2787,2816.89,104952.1529,294500466.802682
2026-01-26T00:00:00+00:00,2816.9,2898.76,2812.37,2850.68,103456.7027,295730641.921514
2026-01-26T04:00:00+00:00,2850.69,2911.61,2849.91,2904.32,70449.5297,202797854.681259
2026-01-26T08:00:00+00:00,2904.32,2934.4,2880.5,2892.15,58700.9528,170483945.253142
2026-01-26T12:00:00+00:00,2892.15,2951.21,2875.77,2899.32,115201.556,335005063.284976
2026-01-26T16:00:00+00:00,2899.32,2936.06,2885.97,2923.12,66316.68,193200295.555422
2026-01-26T20:00:00+00:00,2923.11,2945.32,2895.82,2930.35,71043.916,207840342.882282
2026-01-27T00:00:00+00:00,2930.35,2948.88,2912.44,2941.18,58753.8705,172465802.608453
2026-01-27T04:00:00+00:00,2941.17,2957.04,2924.35,2929.11,52881.5063,155403140.744247
2026-01-27T08:00:00+00:00,2929.11,2932.65,2899.77,2917.02,55309.1442,161150022.423898
2026-01-27T12:00:00+00:00,2917.03,2943.63,2905.93,2937.45,67431.6111,197168478.469788
2026-01-27T16:00:00+00:00,2937.46,2998.52,2918.09,2980.48,130629.9434,387164301.715202
2026-01-27T20:00:00+00:00,2980.48,3035.08,2978.92,3026.77,113786.3233,343185622.471773
2026-01-28T00:00:00+00:00,3026.77,3029.79,2996.55,3005.18,26992.6585,81336023.934048
2026-01-28T04:00:00+00:00,3005.18,3018.33,2992.89,3005.07,34894.0853,104868449.639083
2026-01-28T08:00:00+00:00,3005.07,3045.36,2986.59,3039.72,57899.7112,174692968.083238
2026-01-28T12:00:00+00:00,3039.71,3045.78,2983.67,3008.25,79326.4621,239465822.09038
2026-01-28T16:00:00+00:00,3008.25,3031.68,2989.41,3016.6,64622.6941,194523824.114395
2026-01-28T20:00:00+00:00,3016.6,3038.45,2996.66,3010.78,32872.0437,99170589.879221
2026-01-29T00:00:00+00:00,3010.78,3013.5,2944.48,2952.52,54242.7483,161420180.547088
2026-01-29T04:00:00+00:00,2952.52,2965.69,2937.55,2961.54,30942.7833,91423092.619505
2026-01-29T08:00:00+00:00,2961.54,2969.79,2923.77,2929.29,46623.7633,137280747.85717
2026-01-29T12:00:00+00:00,2929.29,2939,2797.01,2824.32,140222.2492,399798771.368563
2026-01-29T16:00:00+00:00,2824.31,2860.05,2754.53,2797.53,242269.3264,679886779.80614
2026-01-29T20:00:00+00:00,2797.53,2827.59,2789.39,2822.59,46987.7274,132084733.841347
2026-01-30T00:00:00+00:00,2822.6,2828.65,2689,2741.11,182314.4807,499594027.682694
2026-01-30T04:00:00+00:00,2741.12,2774.83,2696.82,2740.16,103133.5444,282551169.395473
2026-01-30T08:00:00+00:00,2740.17,2768.78,2710,2759.88,65278.2179,178497934.306067
2026-01-30T12:00:00+00:00,2759.87,2766.53,2693.42,2729.47,123239.403,337129814.367233
2026-01-30T16:00:00+00:00,2729.46,2761.46,2636.01,2742.4,205002.4188,555609845.879479
2026-01-30T20:00:00+00:00,2742.39,2742.87,2664.82,2707.38,114311.5604,308469157.457439
2026-01-31T00:00:00+00:00,2707.37,2714.64,2684.67,2695.86,31607.4725,85404346.947277
2026-01-31T04:00:00+00:00,2695.86,2704.82,2668.2,2680.06,36477.2886,98155401.023995
2026-01-31T08:00:00+00:00,2680.06,2683.49,2609.85,2640.72,101951.5948,269280021.698035
2026-01-31T12:00:00+00:00,2640.72,2644.43,2510.01,2534.2,226209.6577,580258120.184486
2026-01-31T16:00:00+00:00,2534.2,2551.26,2250,2382.82,562612.3808,1354276212.011615
2026-01-31T20:00:00+00:00,2382.83,2473.77,2355.24,2451.95,154239.3188,371979519.455904
2026-02-01T00:00:00+00:00,2451.96,2475.98,2429.15,2445.46,92986.2376,227850150.656503
2026-02-01T04:00:00+00:00,2445.46,2454.66,2393.46,2411.22,122634.216,297538194.709897
2026-02-01T08:00:00+00:00,2411.22,2438.98,2376.1,2411.86,99830.5142,240306357.5509
2026-02-01T12:00:00+00:00,2411.86,2412.47,2285.4,2315.39,215369.1339,505513118.128376
2026-02-01T16:00:00+00:00,2315.47,2377.99,2284.17,2320.35,236454.4214,549195944.098109
2026-02-01T20:00:00+00:00,2320.35,2349.24,2222,2270.15,259299.4235,592424733.48396
2026-02-02T00:00:00+00:00,2270.16,2324.17,2166.14,2239.02,298359.9131,670161939.645361
2026-02-02T04:00:00+00:00,2239.01,2268,2157.14,2228.93,301794.9407,667014932.360273
2026-02-02T08:00:00+00:00,2228.93,2319,2228.93,2282.32,202430.0447,460723054.640049
2026-02-02T12:00:00+00:00,2282.32,2396.62,2274.19,2372.71,260831.0106,609156293.873229
2026-02-02T16:00:00+00:00,2372.71,2387.31,2327.68,2331.54,123749.5713,291795588.175704
2026-02-02T20:00:00+00:00,2331.52,2355.55,2313.33,2347.02,61369.731,143325477.546874
2026-02-03T00:00:00+00:00,2347.01,2359.88,2284.48,2344.03,92480.3296,215339648.07345
2026-02-03T04:00:00+00:00,2343.99,2354.99,2298.44,2323.12,142937.5961,333332933.085821
2026-02-03T08:00:00+00:00,2323.13,2332.57,2262.15,2276.68,125794.6591,288147610.559541
2026-02-03T12:00:00+00:00,2276.68,2317.65,2251.94,2303.2,165687.0223,379397404.390585
2026-02-03T16:00:00+00:00,2303.21,2303.4,2110,2205.28,499560.1202,1095701889.975539
2026-02-03T20:00:00+00:00,2205.27,2343.82,2188.25,2233.72,294639.6594,669710994.035929
2026-02-04T00:00:00+00:00,2233.72,2295.74,2223.88,2283.37,94160.573,213031876.494346
2026-02-04T04:00:00+00:00,2283.37,2293.99,2256,2283.85,78151.7651,177886592.489645
2026-02-04T08:00:00+00:00,2283.84,2285.9,2221.47,2254.86,132402.8161,297660469.551416
2026-02-04T12:00:00+00:00,2254.86,2263.3,2136.6,2151.83,322528.0764,708056899.007231
2026-02-04T16:00:00+00:00,2151.84,2194.71,2076.68,2188.27,475231.0228,1011634169.719226
2026-02-04T20:00:00+00:00,2188.26,2192.7,2088.01,2148.26,162269.1766,348337831.07103
2026-02-05T00:00:00+00:00,2148.25,2173.77,2097.94,2110,173253.3499,369521901.946261
2026-02-05T04:00:00+00:00,2110,2125.26,2068.2,2091.4,232556.1529,487963936.135577
2026-02-05T08:00:00+00:00,2091.5,2149.75,2061.96,2079.98,171883.2094,362013533.809026
2026-02-05T12:00:00+00:00,2079.98,2106.51,1927.33,1961.12,487545.3296,984698499.289046
2026-02-05T16:00:00+00:00,1961.12,2018.33,1913.76,1928.76,377522.1496,738654819.086681
2026-02-05T20:00:00+00:00,1928.78,1943.06,1818.18,1826.83,509526.5037,952321419.519272
2026-02-06T00:00:00+00:00,1826.83,1947.84,1747.8,1891.82,467955.4557,868309173.19175
2026-02-06T04:00:00+00:00,1891.81,1975.75,1885.95,1899.42,267768.456,513344316.376173
2026-02-06T08:00:00+00:00,1899.41,1939.35,1866.13,1932.68,372603.6313,710116472.31046
2026-02-06T12:00:00+00:00,1932.67,2002.18,1914.88,1980.81,347876.9294,681968767.895088
2026-02-06T16:00:00+00:00,1980.8,2090.13,1970.17,2065.63,408242.2928,834659949.718201
2026-02-06T20:00:00+00:00,2065.63,2093.94,2039.93,2063.38,237864.7921,491049991.520167
2026-02-07T00:00:00+00:00,2063.37,2086,2032.6,2080.81,123773.1219,254375493.217601
2026-02-07T04:00:00+00:00,2080.8,2119.46,1994.57,2027.1,180822.7462,372515413.409608
2026-02-07T08:00:00+00:00,2027.1,2032.6,1999.57,2018.77,90171.0894,181814315.237098
2026-02-07T12:00:00+00:00,2018.77,2075.21,2009.82,2052.54,171743.7573,350764606.021966
2026-02-07T16:00:00+00:00,2052.55,2121.7,2009.54,2091.29,500380.4324,1031904298.028728
2026-02-07T20:00:00+00:00,2091.29,2115,2073,2087.08,75725.3015,158757125.196508
2026-02-08T00:00:00+00:00,2087.08,2107.44,2076.86,2078.77,55846.2385,116621287.76215
2026-02-08T04:00:00+00:00,2078.78,2090.01,2064.1,2084.41,81901.8886,170177886.740306
2026-02-08T08:00:00+00:00,2084.41,2137.57,2078.04,2132.35,92748.6006,195618988.191343
2026-02-08T12:00:00+00:00,2132.36,2145.26,2097.57,2108.64,92209.4994,195886654.258585
2026-02-08T16:00:00+00:00,2108.63,2129.73,2072.8,2126.77,60836.7024,127851817.783731
2026-02-08T20:00:00+00:00,2126.79,2152.03,2071.6,2089.74,99294.322,209212333.122779
2026-02-09T00:00:00+00:00,2089.73,2103.02,2055.01,2100.25,90227.1224,187800866.712037
2026-02-09T04:00:00+00:00,2100.25,2102.03,2064.67,2065.74,63962.1613,133281174.580049
2026-02-09T08:00:00+00:00,2065.74,2070.21,2013.25,2028.23,110228.8629,224749836.785007
2026-02-09T12:00:00+00:00,2028.26,2073.47,2008.62,2061.61,123193.2243,251136009.380411
2026-02-09T16:00:00+00:00,2061.61,2143,2047.78,2131.34,142688.2535,301060620.768106
2026-02-09T20:00:00+00:00,2131.34,2147.73,2089,2105.02,95078.9325,201288299.579669
2026-02-10T00:00:00+00:00,2105.02,2124.71,2052.14,2064.96,63762.6252,133241696.537439
2026-02-10T04:00:00+00:00,2064.96,2074.35,1997.59,2007.47,195613.5569,395838795.342534
2026-02-10T08:00:00+00:00,2007.47,2029.98,1995.83,2003.21,114586.795,230502797.270739
2026-02-10T12:00:00+00:00,2003.2,2040.01,1989.38,2022.66,106821.103,215261465.972393
2026-02-10T16:00:00+00:00,2022.67,2046.94,1996.18,2017.95,63309.8136,128049282.225476
2026-02-10T20:00:00+00:00,2017.95,2022.85,1997,2022.67,30227.7971,60816952.359991
2026-02-11T00:00:00+00:00,2022.67,2032.31,1998,2009.59,33194.1097,67017506.653926
2026-02-11T04:00:00+00:00,2009.59,2011.23,1939.21,1950.89,100528.6786,197623985.458608
2026-02-11T08:00:00+00:00,1950.9,1956.52,1932.02,1953.66,49832.9522,96939865.567447
2026-02-11T12:00:00+00:00,1953.65,2015.81,1903.19,1929.46,190798.5893,372701811.362654
2026-02-11T16:00:00+00:00,1929.46,1959.8,1908.8,1952.28,103334.7985,200094645.373595
2026-02-11T20:00:00+00:00,1952.27,1988.07,1932.44,1941.18,51966.6894,101722661.686646
2026-02-12T00:00:00+00:00,1941.19,1977.75,1941.19,1968.69,42186.6103,82813203.108604
2026-02-12T04:00:00+00:00,1968.7,1983,1953.14,1968.07,52494.6941,103413795.052575
2026-02-12T08:00:00+00:00,1968.07,2001.42,1957.25,1989.02,56917.0883,112712753.050848
2026-02-12T12:00:00+00:00,1989.02,1996.3,1945.01,1948.47,80328.0854,158712577.671198
2026-02-12T16:00:00+00:00,1948.48,1950.16,1897.24,1925.44,150050.4511,287784230.850194
2026-02-12T20:00:00+00:00,1925.45,1952.61,1909.66,1947.85,45590.2177,88045008.798605
2026-02-13T00:00:00+00:00,1947.85,1958.21,1927.63,1953.55,37154.7957,72276869.392729
2026-02-13T04:00:00+00:00,1953.56,1955.8,1924.72,1935.75,43614.141,84640046.504725
2026-02-13T08:00:00+00:00,1935.75,1969.26,1933.65,1960.04,62366.42,122008067.574559
2026-02-13T12:00:00+00:00,1960.05,2050.58,1952.6,2034.93,155146.5792,310195021.774029
2026-02-13T16:00:00+00:00,2034.92,2073.68,2031.42,2057.75,90215.9732,185605436.954024
2026-02-13T20:00:00+00:00,2057.74,2059.65,2038.69,2048.72,37151.8607,76182349.007114
2026-02-14T00:00:00+00:00,2048.72,2057.57,2042.37,2054.37,20999.1891,43082066.728641
2026-02-14T04:00:00+00:00,2054.39,2060.49,2048.5,2057.21,20369.1955,41848621.743061
2026-02-14T08:00:00+00:00,2057.2,2107.67,2057.04,2099.58,58856.9562,122635827.07212
2026-02-14T12:00:00+00:00,2099.58,2100.39,2064.58,2087.43,55179.6359,114774773.340199
2026-02-14T16:00:00+00:00,2087.42,2090.51,2067.27,2088.52,38770.8925,80626667.729241
2026-02-14T20:00:00+00:00,2088.52,2098.89,2078.63,2086.59,26501.3663,55351273.881094
2026-02-15T00:00:00+00:00,2086.59,2090.5,2030.9,2058.94,241490.3874,494661116.53837
2026-02-15T04:00:00+00:00,2058.94,2103.32,2058.94,2091.41,80534.6926,167935854.595095
2026-02-15T08:00:00+00:00,2091.41,2096.82,2054.36,2061.96,52092.5746,107924289.962196
2026-02-15T12:00:00+00:00,2061.96,2068.63,1993.3,2011.29,115706.5194,233267435.471176
2026-02-15T16:00:00+00:00,2011.29,2011.3,1928.88,1942.23,289683.7113,568752281.33173
2026-02-15T20:00:00+00:00,1942.22,1974.51,1933.77,1966.58,55270.2099,108113530.981911
2026-02-16T00:00:00+00:00,1966.59,1981.2,1948.76,1958.78,47402.3615,93117944.253116
2026-02-16T04:00:00+00:00,1958.78,1978.64,1952.91,1971.13,38495.4814,75686595.230646
2026-02-16T08:00:00+00:00,1971.14,1993.35,1957.12,1976.15,51619.9007,102125438.751803
2026-02-16T12:00:00+00:00,1976.16,2023.51,1937.24,1956.65,110856.7205,219170753.580128
2026-02-16T16:00:00+00:00,1956.65,1988.4,1956.31,1974.04,57117.5097,112731209.949309
2026-02-16T20:00:00+00:00,1974.04,2004.02,1971.1,1998.33,45855.9695,91284419.175267
2026-02-17T00:00:00+00:00,1998.34,2008.58,1979.7,1985.7,39980.2922,79840609.288619
2026-02-17T04:00:00+00:00,1985.69,1998.48,1964.72,1985.91,44990.1813,89107988.657486
2026-02-17T08:00:00+00:00,1985.91,1990.88,1961.71,1968.47,47256.3661,93279219.396639
2026-02-17T12:00:00+00:00,1968.47,2002.7,1941.66,1968.58,117605.2683,231451528.292015
2026-02-17T16:00:00+00:00,1968.59,2015.33,1954.03,1998.14,117627.2187,233881356.847481
2026-02-17T20:00:00+00:00,1998.15,2004,1987.57,1991.66,38787.6161,77400596.227537
2026-02-18T00:00:00+00:00,1991.67,2000.56,1968.68,1997.07,48694.6631,96674958.051588
2026-02-18T04:00:00+00:00,1997.08,2023.52,1993.35,2018.07,37645.5204,75452676.839553
2026-02-18T08:00:00+00:00,2018.06,2039.05,1976.57,1981.43,60451.9639,121354674.24551
2026-02-18T12:00:00+00:00,1981.44,2010.3,1954.3,1985.48,108443.0065,214572465.154389
2026-02-18T16:00:00+00:00,1985.48,1987.89,1923.78,1941.03,95520.9971,187017754.387148
2026-02-18T20:00:00+00:00,1941.04,1956.79,1935.82,1955.91,42882.8576,83419101.92138
2026-02-19T00:00:00+00:00,1955.9,1974.73,1950.5,1972.33,26076.3731,51239000.248539
2026-02-19T04:00:00+00:00,1972.32,1987.55,1964.2,1981.76,34121.8946,67428810.368847
2026-02-19T08:00:00+00:00,1981.76,1982.54,1948.16,1949.58,43208.626,84911356.385476
2026-02-19T12:00:00+00:00,1949.59,1956.18,1911.49,1926.3,102895.4861,198572512.153675
2026-02-19T16:00:00+00:00,1926.29,1947.52,1907,1941.34,63444.2011,122351897.304982
2026-02-19T20:00:00+00:00,1941.33,1952.57,1934.79,1949.08,30510.4924,59366199.486223
2026-02-20T00:00:00+00:00,1949.08,1964.54,1947.41,1954.85,28686.3728,56104521.628157
2026-02-20T04:00:00+00:00,1954.85,1968.55,1931.01,1960.97,55966.1225,109272985.338114
2026-02-20T08:00:00+00:00,1960.93,1973.86,1940.58,1943.98,58746.4014,115187507.947514
2026-02-20T12:00:00+00:00,1943.99,1980.49,1922.97,1963.95,121943.2751,237806733.243753
2026-02-20T16:00:00+00:00,1963.96,1981.18,1939.21,1963.69,94955.2126,186486433.224502
2026-02-20T20:00:00+00:00,1963.69,1975.27,1961.6,1968.88,25956.1713,51110751.091486
2026-02-21T00:00:00+00:00,1968.88,1970.7,1955.62,1959.03,16581.1973,32565470.217812
2026-02-21T04:00:00+00:00,1959.03,1966.09,1956.21,1962.71,14321.5832,28097555.551967
2026-02-21T08:00:00+00:00,1962.7,1988.6,1962,1977.02,40811.7456,80603220.410681
2026-02-21T12:00:00+00:00,1977.02,1995.56,1969.49,1988.13,48823.033,96910887.024593
2026-02-21T16:00:00+00:00,1988.13,1995.31,1976.41,1988.35,33339.759,66261957.639908
2026-02-21T20:00:00+00:00,1988.34,1990.41,1970,1973.35,25296.5275,50050263.803274
2026-02-22T00:00:00+00:00,1973.35,1982.99,1967.4,1974.71,20908.1331,41274935.104857
2026-02-22T04:00:00+00:00,1974.71,1979.54,1970.2,1975.88,16211.4013,32017490.135835
2026-02-22T08:00:00+00:00,1975.87,1983.13,1970.58,1980.78,17778.8113,35156254.213848
2026-02-22T12:00:00+00:00,1980.79,1981.6,1943.53,1953.98,50424.8978,98675643.724057
2026-02-22T16:00:00+00:00,1953.99,1955.56,1935,1943.74,29014.4909,56437530.561131
2026-02-22T20:00:00+00:00,1943.73,1960.95,1939.81,1957.82,20987.9138,40955696.558844
2026-02-23T00:00:00+00:00,1957.82,1958.33,1847.46,1862.87,167470.8913,315549813.551086
2026-02-23T04:00:00+00:00,1862.88,1888.71,1853.34,1885.5,66206.0759,123995387.849185
2026-02-23T08:00:00+00:00,1885.5,1928.19,1877.23,1915.3,69463.5612,132491350.565459
2026-02-23T12:00:00+00:00,1915.29,1935.52,1892.68,1895.65,88300.1008,168951893.426001
2026-02-23T16:00:00+00:00,1895.65,1900.18,1837.13,1857.19,118579.9054,221430058.290056
2026-02-23T20:00:00+00:00,1857.19,1870,1846.8,1856.3,37338.9523,69441200.363966
2026-02-24T00:00:00+00:00,1856.3,1869.58,1811.81,1832.03,79888.0694,147083612.284531
2026-02-24T04:00:00+00:00,1832.03,1840.79,1813.77,1825.7,73536.267,134252071.685072
2026-02-24T08:00:00+00:00,1825.7,1836.18,1815.22,1826.75,63530.8244,115954463.561235
2026-02-24T12:00:00+00:00,1826.75,1850.29,1800,1847.59,111212.7497,203102519.52892
2026-02-24T16:00:00+00:00,1847.59,1865.38,1838.36,1852.46,74379.3442,137995160.500906
2026-02-24T20:00:00+00:00,1852.47,1864.11,1845.41,1851.94,35516.7737,65892866.268552
2026-02-25T00:00:00+00:00,1851.95,1944.86,1846.74,1906.14,105259.2872,200952646.402351
2026-02-25T04:00:00+00:00,1906.14,1914.35,1878.02,1893.31,54762.9592,103818696.77958
2026-02-25T08:00:00+00:00,1893.32,1928.45,1890.27,1926.48,49526.3486,94713021.768838
2026-02-25T12:00:00+00:00,1926.48,2028.7,1922.28,2013.73,159045.4848,314842261.492849
2026-02-25T16:00:00+00:00,2013.69,2086.17,2013.36,2071.1,145026.7604,298316780.045986
2026-02-25T20:00:00+00:00,2071.1,2148.39,2034.39,2057.48,169358.5976,353712926.662068
2026-02-26T00:00:00+00:00,2057.48,2076.6,2039.37,2054.55,59037.3129,121472295.018179
2026-02-26T04:00:00+00:00,2054.55,2082.81,2051.55,2053.37,61288.611,126629852.611167
2026-02-26T08:00:00+00:00,2053.36,2083.33,2044.36,2057.66,57504.2592,118564362.372334
2026-02-26T12:00:00+00:00,2057.65,2077.81,2011.56,2033.34,111408.8267,227847209.704062
2026-02-26T16:00:00+00:00,2033.34,2037.78,1975.35,2030.14,119622.7569,239734423.367409
2026-02-26T20:00:00+00:00,2030.13,2042.75,2018.33,2027.68,30921.5899,62814210.169038
2026-02-27T00:00:00+00:00,2027.68,2049.48,2000.02,2045.39,54459.6079,110008057.693682
2026-02-27T04:00:00+00:00,2045.39,2063.52,2022.16,2032.69,63087.8823,128734533.396795
2026-02-27T08:00:00+00:00,2032.69,2045.93,1953.37,1962.08,92541.2853,184727505.732176
2026-02-27T12:00:00+00:00,1962.08,1969,1938.82,1948.59,105123.5497,205356778.481758
2026-02-27T16:00:00+00:00,1948.59,1948.86,1907.48,1921.1,64022.9582,123331417.466038
2026-02-27T20:00:00+00:00,1921.11,1933.64,1887,1929.84,49451.9506,94761429.113995
2026-02-28T00:00:00+00:00,1929.84,1937.17,1919.8,1924.49,21099.5553,40700963.888859
2026-02-28T04:00:00+00:00,1924.49,1931.62,1835.36,1866.73,135260.6076,253530178.992112
2026-02-28T08:00:00+00:00,1866.73,1881,1845.05,1863.31,66347.784,123439958.027011
2026-02-28T12:00:00+00:00,1863.32,1915.95,1862.47,1898.88,91811.9835,173703453.121319
2026-02-28T16:00:00+00:00,1898.87,1955.04,1886.02,1947.02,73171.577,140548399.363648
2026-02-28T20:00:00+00:00,1947.03,1984.99,1938.76,1964.51,73989.4761,145205329.840763
2026-03-01T00:00:00+00:00,1964.51,2054.8,1943.58,2023.29,128780.5667,259578034.038343
2026-03-01T04:00:00+00:00,2023.29,2030.3,1989,2007.24,69926.2021,140266712.75987
2026-03-01T08:00:00+00:00,2007.23,2010.18,1972.24,1983.32,51208.5737,101777046.102964
2026-03-01T12:00:00+00:00,1983.32,2028,1968.6,1993.38,80414.5735,160998978.378446
2026-03-01T16:00:00+00:00,1993.38,2009.38,1946.55,1953.9,99987.1454,197485050.463828
2026-03-01T20:00:00+00:00,1953.89,1971.01,1907.41,1939.71,98879.785,190925002.045994
2026-03-02T00:00:00+00:00,1939.71,1989.23,1937.42,1972.3,69056.6329,135514384.953158
2026-03-02T04:00:00+00:00,1972.3,1983.6,1925.53,1941.66,58667.3787,114642042.558207
2026-03-02T08:00:00+00:00,1941.65,1967.13,1920,1947.81,61905.2816,120492211.74434
2026-03-02T12:00:00+00:00,1947.8,2065.48,1921.7,2047.33,181807.1215,362352209.860972
2026-03-02T16:00:00+00:00,2047.33,2090,2017.15,2043.57,122416.9126,251119614.642158
2026-03-02T20:00:00+00:00,2043.56,2058.59,2024.32,2027.35,83553.0476,170307090.735058
2026-03-03T00:00:00+00:00,2027.34,2041.48,1998,2008.88,72387.9676,146407709.113815
2026-03-03T04:00:00+00:00,2008.88,2019.4,1987.5,1996.33,54747.8134,109434106.77194
2026-03-03T08:00:00+00:00,1996.32,2000.53,1939.1,1961.28,94656.1381,185638242.730577
2026-03-03T12:00:00+00:00,1961.28,1990.07,1929.56,1969.22,138896.9913,271667983.611804
2026-03-03T16:00:00+00:00,1969.21,2014.12,1958.76,1986.02,112467.8933,223135403.048783
2026-03-03T20:00:00+00:00,1986.03,2001.63,1959.35,1982.8,36173.0497,71639901.829775
2026-03-04T00:00:00+00:00,1982.81,1998.66,1945.08,1960.9,62339.7285,122882907.065322
2026-03-04T04:00:00+00:00,1960.89,2010,1950.65,2006.55,52487.5859,103743049.744324
2026-03-04T08:00:00+00:00,2006.55,2092.9,2000.47,2054.97,187331.0723,385835400.740249
2026-03-04T12:00:00+00:00,2054.97,2157.67,2036.37,2150.23,202994.5808,424800537.003311
2026-03-04T16:00:00+00:00,2150.23,2199,2129.13,2177.51,171810.7114,370403557.002459
2026-03-04T20:00:00+00:00,2177.51,2179.66,2116.67,2127.28,60681.1363,130325602.448391
2026-03-05T00:00:00+00:00,2127.28,2141.93,2107.5,2120.15,54056.4032,114800645.718504
2026-03-05T04:00:00+00:00,2120.15,2144.2,2095.71,2104.96,54039.2126,114631178.459429
2026-03-05T08:00:00+00:00,2104.96,2163.66,2093.63,2137.92,70522.7353,150259156.141868
2026-03-05T12:00:00+00:00,2137.92,2142.95,2067.54,2086.96,124518.7575,261920881.846947
2026-03-05T16:00:00+00:00,2086.95,2093.7,2054.75,2074.36,89377.0807,185328499.794237
2026-03-05T20:00:00+00:00,2074.37,2099.36,2069.72,2072.86,39643.6233,82638491.027938
2026-03-06T00:00:00+00:00,2072.86,2093.33,2061.79,2083.8,39076.4167,81261675.216928
2026-03-06T04:00:00+00:00,2083.81,2087.66,2058.84,2082.83,45370.5524,94076801.427786
2026-03-06T08:00:00+00:00,2082.83,2082.83,2045.79,2051.03,50661.1023,104470945.185282
2026-03-06T12:00:00+00:00,2051.03,2062.12,1966.24,1978.01,172028.7426,345781170.709213
2026-03-06T16:00:00+00:00,1978,1993.3,1955.95,1983.75,75044.6173,148080921.45967
2026-03-06T20:00:00+00:00,1983.75,1989.91,1969.26,1978.68,29416.3256,58245554.632494
2026-03-07T00:00:00+00:00,1978.68,1996.04,1971.79,1980.21,27984.3292,55455327.155212
2026-03-07T04:00:00+00:00,1980.22,1984.19,1964.34,1982.94,40763.1763,80486314.474369
2026-03-07T08:00:00+00:00,1982.94,1994.98,1975.38,1988.91,29519.2921,58606539.545179
2026-03-07T12:00:00+00:00,1988.92,1990.95,1970.47,1981.04,29451.1976,58372410.839204
2026-03-07T16:00:00+00:00,1981.03,1983.47,1948.09,1955.2,34963.6539,68758134.203555
2026-03-07T20:00:00+00:00,1955.2,1974.27,1954.89,1969.59,21778.1709,42850508.570201
2026-03-08T00:00:00+00:00,1969.6,1977.35,1935.73,1947.67,52276.8743,102068212.225279
2026-03-08T04:00:00+00:00,1947.67,1960.41,1930,1955.23,53344.1715,103776368.196834
2026-03-08T08:00:00+00:00,1955.22,1979.8,1944.85,1951.38,70951.6493,139454229.661283
2026-03-08T12:00:00+00:00,1951.39,1954.67,1925.06,1943.32,83662.2406,162180246.775108
2026-03-08T16:00:00+00:00,1943.32,1970.58,1928.08,1964.91,48151.6932,93686922.281703
2026-03-08T20:00:00+00:00,1964.91,1971.95,1916.14,1937.1,82803.1028,160269542.104175
2026-03-09T00:00:00+00:00,1937.11,2006.01,1929.65,1977.48,104584.2494,206262205.509796
2026-03-09T04:00:00+00:00,1977.48,2014.26,1963.45,1983.9,83648.8027,166663003.908821
2026-03-09T08:00:00+00:00,1983.91,2022,1978.92,1992.2,68130.8102,136154820.675658
2026-03-09T12:00:00+00:00,1992.2,2032.84,1992.2,2022.63,115494.5461,233043310.342539
2026-03-09T16:00:00+00:00,2022.64,2053.52,2005.76,2033.91,81118.9511,164328017.553814
2026-03-09T20:00:00+00:00,2033.91,2037.3,1989.12,1992.98,97848.1288,196431994.292421
2026-03-10T00:00:00+00:00,1992.97,2054.19,1991,2026.8,83033.8026,168100823.473803
2026-03-10T04:00:00+00:00,2026.8,2059.69,2026.36,2051,60378.2851,123433809.973065
2026-03-10T08:00:00+00:00,2051,2074,2051,2061.69,60450.0646,124693815.717449
2026-03-10T12:00:00+00:00,2061.7,2085.73,2008.65,2079.35,139969.2004,286957669.762404
2026-03-10T16:00:00+00:00,2079.34,2088.19,2027.16,2037.02,85631.607,176311608.697251
2026-03-10T20:00:00+00:00,2037.02,2048.31,2018,2036.51,33948.9142,69011529.402187
2026-03-11T00:00:00+00:00,2036.5,2041.71,2018.13,2021.17,36763.3501,74616942.923996
2026-03-11T04:00:00+00:00,2021.17,2041.49,2007.17,2012.54,35827.9229,72454045.541105
2026-03-11T08:00:00+00:00,2012.54,2033.96,2009.48,2017.8,36247.0984,73252849.534438
2026-03-11T12:00:00+00:00,2017.8,2082.66,2012.81,2049.73,132152.8625,271059934.519922
2026-03-11T16:00:00+00:00,2049.75,2085.58,2046.46,2076.06,76213.7444,157773619.096283
2026-03-11T20:00:00+00:00,2076.05,2084.53,2045.2,2051.97,32856.2777,67875565.590273
2026-03-12T00:00:00+00:00,2051.97,2058.16,2017.59,2023.38,44363.5344,90354207.141064
2026-03-12T04:00:00+00:00,2023.39,2042.26,2019.33,2040.7,36224.657,73539634.155194
2026-03-12T08:00:00+00:00,2040.69,2076.65,2038.42,2062.83,56474.7206,116219273.841379
2026-03-12T12:00:00+00:00,2062.83,2095,2037.79,2072.33,112015.805,231385465.901232
2026-03-12T16:00:00+00:00,2072.33,2078.09,2045.42,2069.59,63567.8353,131074660.855654
2026-03-12T20:00:00+00:00,2069.6,2093.45,2054.99,2073.52,87861.2609,181885010.232155
2026-03-13T00:00:00+00:00,2073.51,2148.8,2070.12,2118.85,126779.3388,268822044.625392
2026-03-13T04:00:00+00:00,2118.86,2120.06,2090,2099.38,45196.2617,94986259.491711
2026-03-13T08:00:00+00:00,2099.38,2133.3,2091.45,2121.02,66817.4737,141309346.678089
2026-03-13T12:00:00+00:00,2121.02,2209.03,2120.52,2128.01,234537.6685,508108528.640457
2026-03-13T16:00:00+00:00,2128.01,2143.33,2090.28,2102.48,84455.4942,178480710.423847
2026-03-13T20:00:00+00:00,2102.48,2116.66,2078.5,2092.22,41870.803,87696290.63409
2026-03-14T00:00:00+00:00,2092.21,2103.42,2081.39,2101.16,31321.7837,65531005.011702
2026-03-14T04:00:00+00:00,2101.15,2106.09,2068.28,2077.46,38191.8421,79691588.693297
2026-03-14T08:00:00+00:00,2077.46,2081.64,2061.6,2073.67,26861.5463,55633967.379555
2026-03-14T12:00:00+00:00,2073.67,2080.65,2069.8,2074.72,22427.7115,46541930.380164
2026-03-14T16:00:00+00:00,2074.72,2079.47,2069.19,2077.49,10772.0777,22356889.032981
2026-03-14T20:00:00+00:00,2077.5,2099.69,2076.2,2096.16,22925.6209,47893203.342343
2026-03-15T00:00:00+00:00,2096.16,2107.91,2083.35,2096.15,28619.3164,59975681.87585
2026-03-15T04:00:00+00:00,2096.15,2115.95,2096.13,2105.64,22147.2871,46672740.402873
2026-03-15T08:00:00+00:00,2105.64,2123.44,2105.64,2119.63,21019.7068,44501332.874549
2026-03-15T12:00:00+00:00,2119.63,2119.83,2086.34,2093.79,45875.4183,96174221.630036
2026-03-15T16:00:00+00:00,2093.79,2117.86,2088.84,2113.49,31467.5941,66224549.3549
2026-03-15T20:00:00+00:00,2113.49,2202.87,2110,2178.3,131696.615,285262715.16276
2026-03-16T00:00:00+00:00,2178.29,2253.48,2164.73,2235.67,133968.0991,296266200.83254
2026-03-16T04:00:00+00:00,2235.67,2288.63,2235.67,2248.95,186961.7977,422820355.647294
2026-03-16T08:00:00+00:00,2248.95,2280,2234.92,2269.94,89322.6948,201862268.639225
2026-03-16T12:00:00+00:00,2269.94,2308.54,2255.04,2273.88,178036.6219,406976839.619025
2026-03-16T16:00:00+00:00,2273.88,2348.06,2270,2330.92,127675.3126,295957836.624046
2026-03-16T20:00:00+00:00,2330.92,2386.02,2323.68,2352.97,129928.2495,306153653.118639
2026-03-17T00:00:00+00:00,2352.97,2376.66,2308.03,2320,159041.6195,374112299.556244
2026-03-17T04:00:00+00:00,2320.01,2337.86,2294.15,2327.7,86783.2765,200813210.987124
2026-03-17T08:00:00+00:00,2327.71,2335.35,2304,2326.82,59820.3103,138803427.787583
2026-03-17T12:00:00+00:00,2326.81,2357.73,2304.27,2315.98,105064.0596,244697393.849517
2026-03-17T16:00:00+00:00,2315.98,2342.7,2312.44,2320.22,50434.4264,117536308.119695
2026-03-17T20:00:00+00:00,2320.22,2344.69,2316.78,2317.39,32687.4093,76131367.368274
2026-03-18T00:00:00+00:00,2317.38,2350,2307,2340.61,39754.8685,92611158.050512
2026-03-18T04:00:00+00:00,2340.61,2342,2311.53,2317.74,32757.9854,76151214.199179
2026-03-18T08:00:00+00:00,2317.73,2333.62,2263.43,2269.34,70784.1433,162729954.561441
2026-03-18T12:00:00+00:00,2269.33,2270.5,2168.97,2187.66,170394.1198,377758114.567997
2026-03-18T16:00:00+00:00,2187.67,2220,2166.87,2185.85,99070.471,217212826.956233
2026-03-18T20:00:00+00:00,2185.85,2206.88,2153.21,2203.39,75279.3007,164559636.767892
2026-03-19T00:00:00+00:00,2203.39,2233.72,2187.24,2212.29,52579.6266,116020711.247561
2026-03-19T04:00:00+00:00,2212.29,2213.11,2143.14,2166.68,79211.2867,172233669.797031
2026-03-19T08:00:00+00:00,2166.68,2192.07,2158.09,2166.92,65786.0455,143056658.122879
2026-03-19T12:00:00+00:00,2166.92,2167.48,2099.38,2118.81,165314.3215,351437575.460591
2026-03-19T16:00:00+00:00,2118.81,2156.92,2104.87,2141.19,86393.2993,183669068.411107
2026-03-19T20:00:00+00:00,2141.18,2155.62,2130.57,2137.81,41507.0994,88989378.618552
2026-03-20T00:00:00+00:00,2137.82,2160.78,2132.69,2151.38,44494.7603,95582855.132636
2026-03-20T04:00:00+00:00,2151.38,2159.24,2121.25,2150.54,43279.9495,92708311.616372
2026-03-20T08:00:00+00:00,2150.53,2176.84,2131.56,2141.5,61690.4049,132808271.126978
2026-03-20T12:00:00+00:00,2141.49,2152.74,2116.88,2134.01,68483.295,146124884.706072
2026-03-20T16:00:00+00:00,2134,2144.76,2117.41,2132.91,45009.742,95856620.222777
2026-03-20T20:00:00+00:00,2132.91,2168,2123.96,2146.22,37198.0261,79914585.325819
2026-03-21T00:00:00+00:00,2146.21,2159.87,2144.24,2153.6,15716.7385,33816406.227969
2026-03-21T04:00:00+00:00,2153.59,2161.34,2150.36,2155.67,16494.1831,35552238.82124
2026-03-21T08:00:00+00:00,2155.67,2159.52,2149.57,2157.37,12040.1339,25951770.637193
2026-03-21T12:00:00+00:00,2157.37,2168.27,2146.45,2155.12,19951.1534,43032723.42814
2026-03-21T16:00:00+00:00,2155.13,2155.64,2142.01,2152.16,13965.6408,30028620.845875
2026-03-21T20:00:00+00:00,2152.17,2157,2070.78,2084.87,54391.6149,114762850.756486
2026-03-22T00:00:00+00:00,2084.86,2127.21,2050.12,2113.83,109521.6483,228415855.850761
2026-03-22T04:00:00+00:00,2113.83,2122.94,2092.35,2093.38,32643.6328,68932197.312159
2026-03-22T08:00:00+00:00,2093.4,2096.82,2066.97,2069.98,43062.5355,89668874.317822
2026-03-22T12:00:00+00:00,2069.97,2092.63,2068.37,2083.1,34314.2881,71400216.483636
2026-03-22T16:00:00+00:00,2083.1,2084.45,2054.35,2063.21,27972.3686,57908974.258199
2026-03-22T20:00:00+00:00,2063.22,2074.16,2026,2053.89,65556.0839,134358658.436217
2026-03-23T00:00:00+00:00,2053.9,2072.33,2035.69,2052.54,46093.4891,94678372.140468
2026-03-23T04:00:00+00:00,2052.53,2072.11,2023.04,2044.72,57516.0292,117750665.023911
2026-03-23T08:00:00+00:00,2044.73,2198.57,2028.2,2134.78,192147.2097,410479442.093017
2026-03-23T12:00:00+00:00,2134.78,2192.44,2107.43,2128.45,199243.9292,429362031.357455
2026-03-23T16:00:00+00:00,2128.46,2178.74,2117.77,2154.46,93011.0763,199562741.30987
2026-03-23T20:00:00+00:00,2154.45,2166.81,2140.71,2152.03,26496.7034,57066551.091778
2026-03-24T00:00:00+00:00,2152.03,2156.22,2124.26,2141.59,43067.6466,92128317.392136
2026-03-24T04:00:00+00:00,2141.59,2170.65,2128.84,2165.61,46075.0579,98986253.46928
2026-03-24T08:00:00+00:00,2165.61,2175.16,2147.36,2165.9,40140.7495,86731932.580149
2026-03-24T12:00:00+00:00,2165.89,2170.52,2120,2135.15,80333.0075,171997627.217012
2026-03-24T16:00:00+00:00,2135.15,2140.57,2103.02,2116.87,59554.7786,126191368.746598
2026-03-24T20:00:00+00:00,2116.86,2163.7,2115.63,2156.23,47532.2327,102070147.405215
2026-03-25T00:00:00+00:00,2156.22,2168.63,2146.35,2158.54,35228.5599,76044149.684371
2026-03-25T04:00:00+00:00,2158.53,2179.73,2156.83,2164.57,38937.4198,84467019.020957
2026-03-25T08:00:00+00:00,2164.57,2199.02,2164.57,2186.41,56767.0182,124050456.916827
2026-03-25T12:00:00+00:00,2186.41,2198.16,2147.67,2162.56,76609.8458,166719272.986841
2026-03-25T16:00:00+00:00,2162.56,2186.85,2155.93,2172.69,46113.5072,100036436.796243
2026-03-25T20:00:00+00:00,2172.68,2183.5,2159.42,2169.02,21985.1746,47701345.762507
2026-03-26T00:00:00+00:00,2169.02,2172.19,2144.05,2153.21,29526.6584,63720468.237671
2026-03-26T04:00:00+00:00,2153.22,2154.58,2112.17,2123.64,49214.7706,104698777.991305
2026-03-26T08:00:00+00:00,2123.64,2126.89,2062.94,2068.44,76476.7034,159613590.573243
2026-03-26T12:00:00+00:00,2068.45,2093.79,2052.01,2070.4,74259.0218,154004813.047253
2026-03-26T16:00:00+00:00,2070.4,2070.95,2034.54,2049.12,65545.1975,134554041.480356
2026-03-26T20:00:00+00:00,2049.11,2080.42,2046.54,2060.43,42988.2721,88905069.641106
2026-03-27T00:00:00+00:00,2060.43,2077.19,2056.8,2061.48,22743.3242,46998194.308136
2026-03-27T04:00:00+00:00,2061.49,2072.36,2043.49,2066.23,52118.1988,107490340.674764
2026-03-27T08:00:00+00:00,2066.24,2069.6,1983.02,1991.8,119274.8749,240658675.783707
2026-03-27T12:00:00+00:00,1991.8,2010.45,1970.93,1991.32,108873.3737,216470642.556902
2026-03-27T16:00:00+00:00,1991.32,1997.73,1974.48,1991.71,70350.7315,139733234.223933
2026-03-27T20:00:00+00:00,1991.7,1996.31,1980,1992.75,21513.0217,42757541.459698
2026-03-28T00:00:00+00:00,1992.76,1995.16,1983.17,1989.19,17995.8198,35791224.936442
2026-03-28T04:00:00+00:00,1989.19,2008.35,1987.3,2007.07,18318.467,36621392.511544
2026-03-28T08:00:00+00:00,2007.07,2008.34,1992.77,1997.64,18237.6229,36459198.583702
2026-03-28T12:00:00+00:00,1997.64,2047.45,1992.25,2026.84,65210.0923,131853578.339466
2026-03-28T16:00:00+00:00,2026.84,2030.23,2016.5,2020.56,12710.5504,25717308.31523
2026-03-28T20:00:00+00:00,2020.57,2026.48,1989.64,1994.74,22359.2531,44885349.460945
2026-03-29T00:00:00+00:00,1994.74,2019.65,1991.52,2011.1,16613.2608,33307877.247281
2026-03-29T04:00:00+00:00,2011.1,2012.72,1997.67,2006.14,12828.4597,25713523.248038
2026-03-29T08:00:00+00:00,2006.14,2008.16,1991.9,2003.78,15067.8231,30145067.756505
2026-03-29T12:00:00+00:00,2003.78,2004.9,1983.56,1992.97,25232.6686,50287494.00792
2026-03-29T16:00:00+00:00,1992.98,2003.61,1987.6,1995.89,16964.0358,33867242.296662
2026-03-29T20:00:00+00:00,1995.89,2009.48,1938.82,1984.64,80020.4902,157928449.473424
2026-03-30T00:00:00+00:00,1984.65,2043.5,1980.28,2035.88,70029.5862,141231031.136314
2026-03-30T04:00:00+00:00,2035.88,2068.28,2035.88,2059.58,52260.9134,107181176.510171
2026-03-30T08:00:00+00:00,2059.58,2081.65,2048.14,2071.28,50627.4687,104493336.267903
2026-03-30T12:00:00+00:00,2071.29,2085,2044.25,2074.53,70195.1822,145075944.027178
2026-03-30T16:00:00+00:00,2074.53,2074.99,2013.33,2023.7,60238.4065,122980559.107391
2026-03-30T20:00:00+00:00,2023.7,2049.1,2013.92,2026.48,34952.8774,71004318.0335
2026-03-31T00:00:00+00:00,2026.48,2092.34,2016.29,2066.71,66502.1402,137267281.994318
2026-03-31T04:00:00+00:00,2066.71,2072.24,2042.31,2055.97,34849.5818,71746428.292049
2026-03-31T08:00:00+00:00,2055.98,2059.2,2012.64,2041.2,62779.5377,127661095.928296
2026-03-31T12:00:00+00:00,2041.21,2092,2035.02,2054.85,95949.4482,198088477.793317
2026-03-31T16:00:00+00:00,2054.85,2124.03,2054.29,2096.54,126072.2648,264530378.292531
2026-03-31T20:00:00+00:00,2096.54,2111.01,2088.35,2105.43,35744.9296,75093557.905683
2026-04-01T00:00:00+00:00,2105.43,2117.79,2082.08,2102.91,37975.9983,79727903.507911
2026-04-01T04:00:00+00:00,2102.91,2158,2100.35,2131,78179.0218,166912950.682528
2026-04-01T08:00:00+00:00,2131,2142.93,2125,2135.32,46234.2524,98660192.47447
2026-04-01T12:00:00+00:00,2135.32,2152,2108.72,2135.04,77261.013,164265811.383766
2026-04-01T16:00:00+00:00,2135.04,2167.85,2123.58,2141.43,74639.0666,159868636.58856
2026-04-01T20:00:00+00:00,2141.43,2165.42,2130.7,2140.35,84938.0258,182581765.241536
2026-04-02T00:00:00+00:00,2140.35,2159.37,2046.48,2056.33,108784.5193,228689806.397036
2026-04-02T04:00:00+00:00,2056.33,2058.45,2038.63,2056.09,45874.1458,93993202.52015
2026-04-02T08:00:00+00:00,2056.09,2056.09,2024.73,2033.01,34776.9717,70983430.849651
2026-04-02T12:00:00+00:00,2033.02,2072.22,2017.04,2059.6,88821.5481,181530276.572359
2026-04-02T16:00:00+00:00,2059.59,2077.64,2043.65,2065.34,44924.9508,92488495.119993
2026-04-02T20:00:00+00:00,2065.35,2074.16,2053.54,2057.17,23690.6966,48863313.206555
2026-04-03T00:00:00+00:00,2057.18,2062.49,2040.66,2054.23,27862.5809,57141977.70546
2026-04-03T04:00:00+00:00,2054.22,2075.17,2047.35,2065.85,24471.2575,50433103.897053
2026-04-03T08:00:00+00:00,2065.84,2072,2053.46,2062.64,21397.6282,44118886.939554
2026-04-03T12:00:00+00:00,2062.64,2081.76,2041.65,2051.26,34731.975,71370851.825276
2026-04-03T16:00:00+00:00,2051.26,2056.54,2043.78,2052.68,12701.8429,26052502.884593
2026-04-03T20:00:00+00:00,2052.69,2060.92,2049.23,2053.83,15101.3548,31023238.860905
2026-04-04T00:00:00+00:00,2053.83,2053.86,2047.92,2050.05,7032.7972,14423778.790091
2026-04-04T04:00:00+00:00,2050.05,2058,2048.41,2053.82,9175.3802,18841840.817355
2026-04-04T08:00:00+00:00,2053.82,2055.44,2047.89,2051.84,11621.7432,23844217.285682
2026-04-04T12:00:00+00:00,2051.84,2062.02,2044.63,2056.29,21445.1645,44023531.426161
2026-04-04T16:00:00+00:00,2056.29,2084,2053.07,2064.71,25517.2179,52724395.460352
2026-04-04T20:00:00+00:00,2064.71,2072.15,2059.6,2065.52,11712.1376,24196570.217143
2026-04-05T00:00:00+00:00,2065.51,2065.63,2054.15,2056.64,8367.2542,17230590.537996
2026-04-05T04:00:00+00:00,2056.64,2058.09,2027.75,2037.29,20196.3802,41230067.042119
2026-04-05T08:00:00+00:00,2037.29,2052.53,2035.91,2042.32,8916.0507,18218049.005971
2026-04-05T12:00:00+00:00,2042.31,2069.89,2021.5,2053.85,37354.6547,76328023.133075
2026-04-05T16:00:00+00:00,2053.85,2069.95,2048.69,2062.37,21390.3714,44059941.788737
2026-04-05T20:00:00+00:00,2062.38,2123.49,2050,2110.17,61128.6087,127660752.804448
2026-04-06T00:00:00+00:00,2110.17,2147.24,2110.17,2129.35,65862.4144,140114580.485285
2026-04-06T04:00:00+00:00,2129.35,2141,2120.04,2134.9,40132.1583,85496720.285631
2026-04-06T08:00:00+00:00,2134.91,2174.79,2133.42,2151.53,64975.0888,139879765.803043
2026-04-06T12:00:00+00:00,2151.53,2169.6,2137.76,2164.65,75911.3132,163404692.834073
2026-04-06T16:00:00+00:00,2164.65,2168.72,2123.6,2144.25,56698.6975,121510455.662051
2026-04-06T20:00:00+00:00,2144.25,2155.06,2087.5,2107.16,52474.6172,110985022.60129
2026-04-07T00:00:00+00:00,2107.16,2120.14,2093.64,2108.37,34808.2346,73406107.762564
2026-04-07T04:00:00+00:00,2108.37,2119.21,2096.69,2104.04,24073.3793,50676334.851655
2026-04-07T08:00:00+00:00,2104.03,2133.83,2082.35,2089.58,52681.4772,111004023.26421
2026-04-07T12:00:00+00:00,2089.58,2093.17,2060.24,2080.06,76548.9624,158951471.575082
2026-04-07T16:00:00+00:00,2080.07,2116.65,2077.52,2113.39,55202.1323,115723501.053713
2026-04-07T20:00:00+00:00,2113.39,2273.87,2110.68,2240.01,216780.6235,476449768.271651
2026-04-08T00:00:00+00:00,2240.01,2251.39,2228.24,2234.68,71283.3269,159528086.663252
2026-04-08T04:00:00+00:00,2234.68,2260.76,2234.68,2253.76,59756.0098,134321829.147398
2026-04-08T08:00:00+00:00,2253.76,2263.35,2237.12,2247.23,52326.6102,117793378.738903
2026-04-08T12:00:00+00:00,2247.23,2270.55,2186.61,2215.45,129483.0314,288320268.988727
2026-04-08T16:00:00+00:00,2215.44,2239.5,2197.7,2211.04,53536.308,118658276.291889
2026-04-08T20:00:00+00:00,2211.03,2222.55,2179.78,2190,38332.3458,84299081.919746
2026-04-09T00:00:00+00:00,2190,2193.79,2162,2182.49,34908.9725,76035723.465307
2026-04-09T04:00:00+00:00,2182.49,2188.99,2175.6,2181.14,24256.0905,52914191.092959
2026-04-09T08:00:00+00:00,2181.14,2197.7,2176.37,2180.26,33344.5829,72921406.083582
2026-04-09T12:00:00+00:00,2180.26,2225,2157.31,2217.99,76023.3606,166284446.16329
2026-04-09T16:00:00+00:00,2218,2229.4,2193,2216.42,57199.04,126594157.187059
2026-04-09T20:00:00+00:00,2216.42,2246,2183.33,2190.2,49585.9038,109658378.673232
2026-04-10T00:00:00+00:00,2190.17,2204.1,2176.1,2186.06,33173.2947,72670870.663377
2026-04-10T04:00:00+00:00,2186.05,2203.11,2176.4,2179.28,31613.9975,69238190.635896
2026-04-10T08:00:00+00:00,2179.27,2224.28,2177.13,2215.65,47671.2334,105112528.177281
2026-04-10T12:00:00+00:00,2215.66,2257.99,2208.18,2224.27,95750.7477,213735467.924631
2026-04-10T16:00:00+00:00,2224.28,2256,2221.46,2253.17,37702.4223,84568813.010608
2026-04-10T20:00:00+00:00,2253.17,2257.14,2235.41,2245.05,26987.3902,60666429.664333
2026-04-11T00:00:00+00:00,2245.06,2252.15,2234.81,2237.17,19355.1058,43402035.074122
2026-04-11T04:00:00+00:00,2237.18,2242.93,2229,2232.6,22477.3402,50241515.903762
2026-04-11T08:00:00+00:00,2232.6,2249.31,2232.14,2246.11,22661.8276,50767333.08363
2026-04-11T12:00:00+00:00,2246.12,2256.11,2233.72,2249.54,18996.8388,42622018.98582
2026-04-11T16:00:00+00:00,2249.54,2329.93,2246.53,2315.96,89257.1086,204782078.795637
2026-04-11T20:00:00+00:00,2315.96,2317.14,2276.47,2284.99,42037.1829,96556011.303951
2026-04-12T00:00:00+00:00,2285,2288.57,2207.06,2213.71,91337.4612,204528648.623607
2026-04-12T04:00:00+00:00,2213.7,2220.87,2208.32,2218.02,27644.0457,61221079.983588
2026-04-12T08:00:00+00:00,2218.02,2219.04,2194.32,2204.62,26727.7633,59024832.175429
2026-04-12T12:00:00+00:00,2204.62,2208.22,2175,2186.47,53590.6811,117383507.260545
2026-04-12T16:00:00+00:00,2186.47,2207.23,2183.09,2198.27,21416.5101,47049607.785995
2026-04-12T20:00:00+00:00,2198.27,2218.13,2183.99,2191.65,37440.4207,82313163.012724
2026-04-13T00:00:00+00:00,2191.64,2209.05,2187.2,2194.36,26455.4785,58175672.455016
2026-04-13T04:00:00+00:00,2194.36,2201.45,2182.22,2186.56,33191.7629,72752476.358242
2026-04-13T08:00:00+00:00,2186.57,2195.34,2179,2187.33,20617.5554,45065829.225859
2026-04-13T12:00:00+00:00,2187.33,2236.43,2175.68,2209.28,104259.3625,230119345.339937
2026-04-13T16:00:00+00:00,2209.28,2268.88,2200,2262.33,64810.6588,145049441.275301
2026-04-13T20:00:00+00:00,2262.33,2394.71,2247.5,2369.46,204536.0111,478090250.931899
2026-04-14T00:00:00+00:00,2369.46,2378.06,2354.6,2365.5,74432.8525,176191509.284923
2026-04-14T04:00:00+00:00,2365.5,2389.99,2354.76,2377.91,63856.121,151334759.838467
2026-04-14T08:00:00+00:00,2377.92,2396.03,2367.61,2374.53,66171.3263,157672031.915121
2026-04-14T12:00:00+00:00,2374.54,2415.5,2332.72,2364.63,155007.3984,368093708.833866
2026-04-14T16:00:00+00:00,2364.62,2371.48,2302.9,2313.32,73170.8888,170690345.383088
2026-04-14T20:00:00+00:00,2313.32,2332.35,2308.53,2322.44,27468.7971,63717293.818657
2026-04-15T00:00:00+00:00,2322.44,2342.76,2317.56,2328.81,28901.5466,67396109.927992
2026-04-15T04:00:00+00:00,2328.82,2338.23,2308.5,2316.62,31505.5439,73104857.686006
2026-04-15T08:00:00+00:00,2316.62,2339.42,2312.15,2337.43,39774.7835,92455632.976173
2026-04-15T12:00:00+00:00,2337.42,2349.46,2317.54,2332.04,55356.8376,129142589.874188
2026-04-15T16:00:00+00:00,2332.03,2385.61,2329.1,2375.05,60038.6043,141440244.77785
2026-04-15T20:00:00+00:00,2375.05,2380.45,2348.58,2359.95,52613.3218,124301909.23688
2026-04-16T00:00:00+00:00,2359.94,2369.59,2345.04,2357.86,24372.7204,57460231.224374
2026-04-16T04:00:00+00:00,2357.85,2364,2335.72,2341.52,33030.1056,77706170.806047
2026-04-16T08:00:00+00:00,2341.52,2348.4,2328.64,2335.67,38717.9452,90493966.468991
2026-04-16T12:00:00+00:00,2335.68,2351.8,2285.1,2339.01,122115.6918,283140539.722715
2026-04-16T16:00:00+00:00,2339.01,2361.96,2309.96,2359.7,72519.8431,169313531.22711
2026-04-16T20:00:00+00:00,2359.69,2364.68,2336.25,2348.17,38204.6316,89768286.444026
2026-04-17T00:00:00+00:00,2348.16,2350.9,2323.83,2325.52,22001.9814,51383982.741164
2026-04-17T04:00:00+00:00,2325.53,2342.02,2317.43,2334.16,31478.7638,73259232.491546
2026-04-17T08:00:00+00:00,2334.15,2377,2332.98,2354.99,65874.4475,154948268.419206
2026-04-17T12:00:00+00:00,2355,2456.93,2349.4,2441.96,220835.8864,533992872.833238
2026-04-17T16:00:00+00:00,2441.96,2464.91,2415.41,2427.92,76798.3675,187207897.826221
2026-04-17T20:00:00+00:00,2427.92,2444.34,2415.47,2419,74741.9149,181675138.294731
2026-04-18T00:00:00+00:00,2419,2427.64,2399.54,2405.04,29072.7602,70264971.553284
2026-04-18T04:00:00+00:00,2405.03,2413.54,2399.52,2403.71,14941.9954,35966414.301134
2026-04-18T08:00:00+00:00,2403.71,2404.85,2343.44,2352.96,67979.8578,161108089.49291
2026-04-18T12:00:00+00:00,2352.96,2369.66,2345.25,2363.64,57355.5128,135252244.99248
2026-04-18T16:00:00+00:00,2363.64,2375.14,2339.92,2348.59,39182.5061,92353697.805257
2026-04-18T20:00:00+00:00,2348.59,2359.5,2344.96,2350.32,13208.7565,31073948.630118
2026-04-19T00:00:00+00:00,2350.33,2355.3,2332.1,2339.77,20291.3796,47559829.744453
2026-04-19T04:00:00+00:00,2339.77,2346.11,2300,2316.03,54404.7518,126268393.970684
2026-04-19T08:00:00+00:00,2316.03,2331.13,2306.42,2329.38,23275.524,53974397.410726
2026-04-19T12:00:00+00:00,2329.38,2350.24,2315.29,2330.8,37666.7192,87955907.272138
2026-04-19T16:00:00+00:00,2330.8,2331.34,2287.62,2299.65,53803.7087,123915595.057721
2026-04-19T20:00:00+00:00,2299.66,2300,2252.72,2263.27,66644.7443,151434389.637328
2026-04-20T00:00:00+00:00,2263.28,2294.3,2259.67,2286.56,30033.2489,68460210.749165
2026-04-20T04:00:00+00:00,2286.55,2332.88,2263.18,2298.8,59476.1626,136439643.963939
2026-04-20T08:00:00+00:00,2298.81,2320,2289.82,2308.42,37613.5655,86676194.665583
2026-04-20T12:00:00+00:00,2308.42,2326.36,2278.38,2313.91,85434.5339,196930074.560487
2026-04-20T16:00:00+00:00,2313.92,2344.19,2297.97,2331.78,53432.5029,124111959.381548
2026-04-20T20:00:00+00:00,2331.78,2346.78,2307.74,2313.85,35010.0521,81434114.657971
2026-04-21T00:00:00+00:00,2313.84,2326.64,2300.01,2311.62,22781.1909,52691898.233639
2026-04-21T04:00:00+00:00,2311.62,2327.05,2304.06,2318.48,22945.3733,53157569.873788
2026-04-21T08:00:00+00:00,2318.48,2338.75,2314,2320.45,30640.3683,71262900.279698
2026-04-21T12:00:00+00:00,2320.45,2327.5,2290.35,2310.24,52118.0452,120274988.226656
2026-04-21T16:00:00+00:00,2310.25,2332,2284.19,2298.41,62286.6088,143729519.147115
2026-04-21T20:00:00+00:00,2298.42,2329.47,2296.04,2327.14,35874.3905,83070073.878684
2026-04-22T00:00:00+00:00,2327.15,2379.66,2312.95,2363.62,66774.3839,157025524.897471
2026-04-22T04:00:00+00:00,2363.63,2413.83,2358.41,2389.97,89349.9459,213612449.153956
2026-04-22T08:00:00+00:00,2389.98,2400.78,2383,2398.44,41401.3724,98964646.854337
2026-04-22T12:00:00+00:00,2398.44,2423.75,2390.9,2403.83,98738.8258,237530839.867554
2026-04-22T16:00:00+00:00,2403.84,2413.75,2384.17,2397.79,50321.212,120601718.180634
2026-04-22T20:00:00+00:00,2397.8,2406.11,2373.95,2374.07,33121.3859,79250750.246735
2026-04-23T00:00:00+00:00,2374.08,2382,2331.5,2340.81,76206.1153,179737212.091395
2026-04-23T04:00:00+00:00,2340.82,2358.93,2337.12,2344.43,39343.6563,92436957.579036
2026-04-23T08:00:00+00:00,2344.43,2345,2305.61,2328.97,78151.0377,181619186.735544
2026-04-23T12:00:00+00:00,2328.96,2343.58,2315.23,2333.26,52807.9001,122964312.095282
2026-04-23T16:00:00+00:00,2333.26,2335.76,2285.42,2312.88,79023.7839,182451499.782765
2026-04-23T20:00:00+00:00,2312.87,2338.79,2312.74,2330.26,31113.199,72403178.397203
2026-04-24T00:00:00+00:00,2330.27,2337.5,2301.35,2308.64,27004.8932,62681272.732802
2026-04-24T04:00:00+00:00,2308.63,2317.35,2300.22,2311.63,28648.9402,66176139.971485
2026-04-24T08:00:00+00:00,2311.63,2332.26,2303.74,2328.1,35868.9201,83155156.972671
2026-04-24T12:00:00+00:00,2328.1,2331.85,2301.61,2323.81,46811.7304,108495488.427471
2026-04-24T16:00:00+00:00,2323.81,2325,2308.82,2321.6,24666.2517,57163348.02736
2026-04-24T20:00:00+00:00,2321.59,2328.16,2307.2,2314.99,20886.8825,48413420.08603
2026-04-25T00:00:00+00:00,2314.98,2321.36,2311.27,2318.43,7639.0588,17699401.303677
2026-04-25T04:00:00+00:00,2318.44,2319.01,2313.3,2316.48,6328.1546,14656659.36386
2026-04-25T08:00:00+00:00,2316.48,2323.21,2311.2,2313.64,11470.7972,26598312.400388
2026-04-25T12:00:00+00:00,2313.65,2318.94,2303,2308.09,15641.4778,36192480.331453
2026-04-25T16:00:00+00:00,2308.08,2313.98,2300.55,2310.06,19676.6866,45427695.582898
2026-04-25T20:00:00+00:00,2310.06,2320.42,2308.85,2319.5,7383.0441,17099038.556267
2026-04-26T00:00:00+00:00,2319.49,2320.06,2306.72,2310,10012.7252,23173554.888979
2026-04-26T04:00:00+00:00,2309.99,2336.48,2308.97,2331.24,24981.3334,58163719.356265
2026-04-26T08:00:00+00:00,2331.25,2337.68,2329.66,2335.95,12111.2365,28261827.626216
2026-04-26T12:00:00+00:00,2335.96,2352.44,2324.19,2348.05,24507.8806,57373656.308339
2026-04-26T16:00:00+00:00,2348.06,2376.35,2340.56,2367.4,35056.7538,82744245.815981
2026-04-26T20:00:00+00:00,2367.4,2380,2348.47,2369.44,47921.6924,113322213.944913
2026-04-27T00:00:00+00:00,2369.45,2404.37,2359.46,2394.85,48640.6352,116200231.690658
2026-04-27T04:00:00+00:00,2394.85,2396.05,2312.71,2316.01,71679.7375,167755396.544258
2026-04-27T08:00:00+00:00,2316,2325.52,2309.13,2320.39,29605.5066,68638180.145572
2026-04-27T12:00:00+00:00,2320.39,2329.82,2266.09,2275.07,85871.4106,197426548.929799
2026-04-27T16:00:00+00:00,2275.07,2292.91,2270.04,2289.14,46317.2928,105775466.441325
2026-04-27T20:00:00+00:00,2289.15,2308.61,2284.66,2303.67,18249.2759,41857719.349142
2026-04-28T00:00:00+00:00,2303.66,2310.88,2280.99,2290.94,21169.2851,48602144.052993
2026-04-28T04:00:00+00:00,2290.93,2296.91,2270.53,2287.99,37016.4672,84562746.336576
2026-04-28T08:00:00+00:00,2288,2291.64,2270.36,2275.32,32729.5921,74658635.138558
2026-04-28T12:00:00+00:00,2275.32,2286.2,2258.24,2279.76,49767.4453,113041008.32896
2026-04-28T16:00:00+00:00,2279.76,2305.55,2274.38,2301.96,33432.9185,76565132.304037
2026-04-28T20:00:00+00:00,2301.96,2305.95,2284.15,2289.42,13816.5119,31664964.347851
2026-04-29T00:00:00+00:00,2289.42,2316.36,2278.84,2311.52,39935.6458,91714214.581204
2026-04-29T04:00:00+00:00,2311.53,2342.5,2309.33,2323.73,55138.2957,128361828.219446
2026-04-29T08:00:00+00:00,2323.74,2346.95,2321.11,2331.74,34673.3128,80964460.780454
2026-04-29T12:00:00+00:00,2331.74,2331.94,2263.1,2272.51,81070.1689,186202785.059405
2026-04-29T16:00:00+00:00,2272.5,2285.92,2220.36,2233.7,105332.5164,236794902.208297
2026-04-29T20:00:00+00:00,2233.69,2264.8,2230.49,2252.9,38928.1619,87517052.678827
2026-04-30T00:00:00+00:00,2252.9,2279,2236.36,2253.24,36060.2185,81467956.012315
2026-04-30T04:00:00+00:00,2253.24,2262.23,2231.64,2260.31,33378.8714,75013519.195129
2026-04-30T08:00:00+00:00,2260.31,2273.7,2252.07,2258.18,30735.9241,69511058.766392
2026-04-30T12:00:00+00:00,2258.18,2275.13,2245.82,2265.7,37871.9822,85693494.612366
2026-04-30T16:00:00+00:00,2265.7,2267.16,2251.62,2261.99,17651.0886,39892487.450403
2026-04-30T20:00:00+00:00,2261.98,2267.32,2252.42,2257.51,11496.1928,25979373.63503
2026-05-01T00:00:00+00:00,2257.51,2295,2257.21,2282.87,26924.6936,61293731.925039
2026-05-01T04:00:00+00:00,2282.87,2286.75,2272.09,2279.48,22911.8668,52234123.590129
2026-05-01T08:00:00+00:00,2279.5,2293,2277.06,2286.45,18694.3189,42707010.606398
2026-05-01T12:00:00+00:00,2286.46,2325.28,2284.15,2307.64,74814.7245,172745191.225719
2026-05-01T16:00:00+00:00,2307.64,2314.21,2298.17,2304.85,26400.5038,60879168.867421
2026-05-01T20:00:00+00:00,2304.85,2305.86,2278.98,2295.63,21336.4474,48892029.61321
2026-05-02T00:00:00+00:00,2295.63,2308.34,2292.91,2304.44,10951.3606,25191053.076746
2026-05-02T04:00:00+00:00,2304.43,2306.35,2296.62,2301.02,10106.3654,23258711.304724
2026-05-02T08:00:00+00:00,2301.01,2307.78,2299.05,2302.1,8398.4598,19347551.746448
2026-05-02T12:00:00+00:00,2302.09,2311.83,2301.36,2309.19,11671.861,26928729.242452
2026-05-02T16:00:00+00:00,2309.18,2313.98,2304.08,2311.08,10993.0917,25386006.029588
2026-05-02T20:00:00+00:00,2311.08,2343.6,2309.59,2316.97,33467.3339,77802445.537931
2026-05-03T00:00:00+00:00,2316.97,2317.69,2299.38,2301.9,19468.8798,44906713.901714
2026-05-03T04:00:00+00:00,2301.9,2314.01,2297.59,2309.28,11221.5322,25863946.393376
2026-05-03T08:00:00+00:00,2309.28,2327.5,2307.49,2319.63,17555.1258,40666476.202774
2026-05-03T12:00:00+00:00,2319.63,2333.91,2319.63,2328.44,21474.0931,49962494.59405
2026-05-03T16:00:00+00:00,2328.45,2337.87,2322.38,2335.59,19196.1335,44750825.442323
2026-05-03T20:00:00+00:00,2335.6,2356.92,2315,2322.65,62158.6698,145219543.483842
2026-05-04T00:00:00+00:00,2322.65,2391,2309.24,2385.12,114327.9965,270073450.882481
2026-05-04T04:00:00+00:00,2385.11,2398.93,2354.2,2362.8,69420.5189,165096205.241705
2026-05-04T08:00:00+00:00,2362.79,2371.09,2314.25,2337.59,85731.0321,200593492.953051
2026-05-04T12:00:00+00:00,2337.59,2381.8,2325.71,2350.1,103215.1931,242716919.731845
2026-05-04T16:00:00+00:00,2350.11,2379.52,2336.63,2356.52,62301.4442,147051915.113456
2026-05-04T20:00:00+00:00,2356.52,2365.91,2344.83,2347.16,18024.6137,42458766.144053
2026-05-05T00:00:00+00:00,2347.17,2389.38,2344.93,2382.43,43369.6537,102911351.413071
2026-05-05T04:00:00+00:00,2382.43,2390.74,2367.35,2380.59,49038.9405,116736198.023261
2026-05-05T08:00:00+00:00,2380.59,2384.62,2366.76,2379.89,29380.9535,69799969.322139
2026-05-05T12:00:00+00:00,2379.89,2399.5,2369.17,2381.31,78808.51,188014480.117437
2026-05-05T16:00:00+00:00,2381.3,2383.38,2359.71,2371.94,40911.2728,96954986.540998
2026-05-05T20:00:00+00:00,2371.94,2388.54,2354.34,2360.77,45127.4007,107063563.693675
2026-05-06T00:00:00+00:00,2360.76,2380.87,2355,2376.8,33054.8032,78271149.263146
2026-05-06T04:00:00+00:00,2376.81,2379.4,2355,2371.74,33514.6725,79324880.546663
2026-05-06T08:00:00+00:00,2371.74,2423.74,2369.16,2410.47,113801.0466,273618535.848302
2026-05-06T12:00:00+00:00,2410.47,2413.59,2346.68,2359.1,137462.5415,326500848.538023
2026-05-06T16:00:00+00:00,2359.1,2367.47,2338,2348.5,59822.6802,140680471.909519
2026-05-06T20:00:00+00:00,2348.49,2357.45,2338.28,2350.84,43011.5721,101045742.30972
2026-05-07T00:00:00+00:00,2350.84,2352.3,2313.89,2322.39,63504.3173,147718361.873077
2026-05-07T04:00:00+00:00,2322.39,2346.89,2317.8,2344.59,51518.0099,120176362.891076
2026-05-07T08:00:00+00:00,2344.59,2346.6,2317.35,2329.94,54139.7818,126223511.702637
2026-05-07T12:00:00+00:00,2329.94,2337.13,2285.95,2294.82,129506.9522,298943585.361803
2026-05-07T16:00:00+00:00,2294.82,2304,2280.1,2295.98,98757.482,226538965.394694
2026-05-07T20:00:00+00:00,2295.98,2302.57,2281.04,2291.06,72095.3946,165120151.382912
2026-05-08T00:00:00+00:00,2291.06,2294.28,2265.61,2278.76,54369.0261,123957786.633199
2026-05-08T04:00:00+00:00,2278.77,2284.54,2267.15,2281.35,73893.4649,168211725.584194
2026-05-08T08:00:00+00:00,2281.37,2298.01,2280.15,2295.38,65719.1373,150305493.282734
2026-05-08T12:00:00+00:00,2295.38,2302,2269.96,2293.2,85201.3421,194501490.53541
2026-05-08T16:00:00+00:00,2293.2,2321.22,2286.42,2316.05,76484.5206,176520488.378606
2026-05-08T20:00:00+00:00,2316.06,2319.15,2303.19,2307.06,65367.6672,151043017.227942
2026-05-09T00:00:00+00:00,2307.07,2320.77,2304.19,2315.33,39168.7188,90610920.635767
2026-05-09T04:00:00+00:00,2315.33,2325.33,2310.9,2314.69,51761.091,119884973.14474
2026-05-09T08:00:00+00:00,2314.69,2320.53,2310.24,2314.57,25659.728,59409184.506014
2026-05-09T12:00:00+00:00,2314.56,2318.27,2300,2317.63,31105.7798,71900472.13934
2026-05-09T16:00:00+00:00,2317.64,2338.37,2315.29,2332.01,56917.6483,132495433.504294
2026-05-09T20:00:00+00:00,2332.02,2333.47,2324.7,2326.44,25818.1911,60140740.165714
2026-05-10T00:00:00+00:00,2326.43,2332.91,2318.33,2327.76,33278.1366,77377176.54525
2026-05-10T04:00:00+00:00,2327.75,2332.09,2326.1,2327.36,26964.3516,62787274.773083
2026-05-10T08:00:00+00:00,2327.36,2333.59,2319,2322.58,28879.9992,67196718.870186
2026-05-10T12:00:00+00:00,2322.59,2351.66,2320.87,2347.56,51926.9775,121177230.7731
2026-05-10T16:00:00+00:00,2347.56,2368,2340.11,2365.54,154424.5599,363185897.687171
2026-05-10T20:00:00+00:00,2365.54,2382.53,2311.83,2371.27,102648.8375,241553955.779089
2026-05-11T00:00:00+00:00,2371.26,2374.92,2320.01,2330.56,60324.2716,141516137.579213
2026-05-11T04:00:00+00:00,2330.56,2342.44,2326.66,2330.54,35309.276,82409373.333539
2026-05-11T08:00:00+00:00,2330.55,2339.9,2326.66,2335.8,21339.0861,49795722.304095
2026-05-11T12:00:00+00:00,2335.8,2338.89,2304,2333.48,54288.2257,126108053.204771
2026-05-11T16:00:00+00:00,2333.48,2344.35,2323.68,2340.43,43385.8646,101378810.538551
2026-05-11T20:00:00+00:00,2340.44,2345.68,2335.08,2339.87,22315.3312,52219967.292754
2026-05-12T00:00:00+00:00,2339.88,2340.85,2295.01,2309.37,46792.4896,108295182.844512
2026-05-12T04:00:00+00:00,2309.36,2314.49,2291.63,2295.2,35381.7127,81551632.237858
2026-05-12T08:00:00+00:00,2295.2,2296.27,2278.57,2287.01,60392.7982,138102164.848199
2026-05-12T12:00:00+00:00,2287.02,2294.01,2256.67,2261.85,63665.2782,144821051.592503
2026-05-12T16:00:00+00:00,2261.86,2287.43,2256.27,2285.09,29736.9338,67590284.629687
2026-05-12T20:00:00+00:00,2285.1,2291.37,2273.88,2274.96,17011.8957,38844643.644705
2026-05-13T00:00:00+00:00,2274.97,2303.77,2273.34,2301.77,25629.7121,58733882.089381
2026-05-13T04:00:00+00:00,2301.76,2309,2295.63,2301.07,20242.608,46598565.980199
2026-05-13T08:00:00+00:00,2301.07,2323.36,2299,2301.82,39654.7131,91670926.132902
2026-05-13T12:00:00+00:00,2301.83,2307.54,2234.13,2236.49,101419.7434,229797898.361705
2026-05-13T16:00:00+00:00,2236.48,2268.49,2235.48,2256.53,55259.29,124501701.632488
2026-05-13T20:00:00+00:00,2256.53,2264.46,2251,2258.65,16249.6633,36691728.225203
2026-05-14T00:00:00+00:00,2258.66,2269.37,2238.64,2242.14,28395.7613,64089642.378897
2026-05-14T04:00:00+00:00,2242.14,2275.2,2239.54,2265.48,28603.5337,64779481.06791
2026-05-14T08:00:00+00:00,2265.49,2270.99,2252.53,2253.81,31025.1104,70154546.033413
2026-05-14T12:00:00+00:00,2253.81,2299.7,2246.13,2298.48,68751.7844,156240171.872305
2026-05-14T16:00:00+00:00,2298.48,2319.33,2293.96,2298.34,71280.168,164451362.891067
2026-05-14T20:00:00+00:00,2298.34,2301.67,2280.18,2283.25,28624.4781,65653504.353828
2026-05-15T00:00:00+00:00,2283.26,2300.29,2260.45,2273.34,56947.0188,129690554.813973
2026-05-15T04:00:00+00:00,2273.35,2273.91,2237.95,2265.11,50307.0238,113459432.840997
2026-05-15T08:00:00+00:00,2265.11,2265.42,2250,2257.57,30771.6519,69472696.259584
2026-05-15T12:00:00+00:00,2257.56,2260.72,2205.11,2222.85,98329.8622,218720724.787394
2026-05-15T16:00:00+00:00,2222.86,2232.88,2218.9,2223.35,32854.539,73151594.799387
2026-05-15T20:00:00+00:00,2223.35,2226.29,2215,2224.66,19326.455,42938869.410983
2026-05-16T00:00:00+00:00,2224.65,2231.51,2223.53,2228.01,11176.8318,24907666.895427
2026-05-16T04:00:00+00:00,2228,2228.96,2182,2194.81,52860.5816,116338233.061945
2026-05-16T08:00:00+00:00,2194.81,2196.87,2162.55,2176.1,66188.9001,144010330.348343
2026-05-16T12:00:00+00:00,2176.11,2188.16,2172.3,2180,38164.9832,83119116.75875
2026-05-16T16:00:00+00:00,2180,2185.22,2170.5,2179.57,23176.1285,50467938.598723
2026-05-16T20:00:00+00:00,2179.57,2183.54,2179.35,2180.77,7721.1509,16844661.404158
2026-05-17T00:00:00+00:00,2180.77,2185.6,2167.98,2181.7,22317.4449,48568510.983787
2026-05-17T04:00:00+00:00,2181.71,2195,2181.14,2186.64,17300.9882,37836038.102733
2026-05-17T08:00:00+00:00,2186.63,2198.14,2183.12,2192,15590.7778,34158284.375241
2026-05-17T12:00:00+00:00,2192,2198.04,2178.39,2186.51,18881.2867,41331094.02605
2026-05-17T16:00:00+00:00,2186.51,2193.62,2176.63,2192.53,12368.2351,27019733.362346
2026-05-17T20:00:00+00:00,2192.54,2194.82,2091.48,2131,88658.0822,189663826.67764
2026-05-18T00:00:00+00:00,2131,2132,2104.99,2118.44,66934.9313,141643246.720594
2026-05-18T04:00:00+00:00,2118.44,2125.83,2110,2120.82,32135.9981,68089129.882133
2026-05-18T08:00:00+00:00,2120.82,2139.75,2110.5,2133.9,32838.4005,69698475.180224
2026-05-18T12:00:00+00:00,2133.9,2157.24,2093.77,2107.48,113725.5324,241430297.157064
2026-05-18T16:00:00+00:00,2107.49,2128.49,2077.23,2125.07,93607.2455,196647677.868918
2026-05-18T20:00:00+00:00,2125.07,2142.67,2114.59,2130.08,42636.2854,90881015.655324
2026-05-19T00:00:00+00:00,2130.08,2146.95,2118.6,2131.3,28665.0307,61084243.319202
2026-05-19T04:00:00+00:00,2131.3,2145,2123.61,2140.97,24673.1361,52691050.800208
2026-05-19T08:00:00+00:00,2140.97,2141.4,2106.77,2110.85,35095.6348,74419763.683065
2026-05-19T12:00:00+00:00,2110.85,2127.53,2094.47,2110.19,55879.338,117988583.43464
2026-05-19T16:00:00+00:00,2110.2,2125.07,2107.12,2113.15,24674.862,52216912.363167
2026-05-19T20:00:00+00:00,2113.14,2120.59,2102.09,2111.93,17957.0734,37937782.255022
2026-05-20T00:00:00+00:00,2111.93,2119.24,2103.29,2111.6,19314.4795,40761430.80809
2026-05-20T04:00:00+00:00,2111.6,2136.5,2107.3,2129.74,35114.2894,74654557.75311
2026-05-20T08:00:00+00:00,2129.75,2138,2124.28,2128.3,22183.4247,47282684.862547
2026-05-20T12:00:00+00:00,2128.31,2149,2113.87,2136.75,58916.9837,125593154.262671
2026-05-20T16:00:00+00:00,2136.76,2148.77,2124.1,2139.12,32155.664,68728048.075448
2026-05-20T20:00:00+00:00,2139.12,2140.76,2118.45,2129.44,21403.4527,45556898.47857
2026-05-21T00:00:00+00:00,2129.44,2157.5,2128.59,2145.76,27764.9747,59516421.911339
2026-05-21T04:00:00+00:00,2145.76,2148.75,2124.25,2135.06,27168.5527,58017494.43244
2026-05-21T08:00:00+00:00,2135.07,2148.33,2110,2115.27,41666.6187,88552371.830187
2026-05-21T12:00:00+00:00,2115.28,2138.05,2105.15,2132.65,65871.6779,139712301.791414
2026-05-21T16:00:00+00:00,2132.64,2153.75,2121.79,2142.83,55972.0073,119660659.649746
2026-05-21T20:00:00+00:00,2142.84,2143.46,2127.27,2133.76,14445.2804,30864715.329277
2026-05-22T00:00:00+00:00,2133.77,2141.39,2125.68,2137.88,14039.1024,29961026.248247
2026-05-22T04:00:00+00:00,2137.89,2141.34,2122.22,2128.7,23434.8628,49917943.245574
2026-05-22T08:00:00+00:00,2128.7,2133.34,2119.18,2130.78,30833.2166,65531671.310154
2026-05-22T12:00:00+00:00,2130.78,2138,2112.47,2119.48,42385.9585,90101899.704545
2026-05-22T16:00:00+00:00,2119.49,2130,2058,2065.54,71524.6579,149550864.800967
2026-05-22T20:00:00+00:00,2065.54,2079.59,2057.79,2065.85,39565.4566,81953847.231103
2026-05-23T00:00:00+00:00,2065.86,2072,2053,2070.78,35673.5475,73669523.598302
2026-05-23T04:00:00+00:00,2070.78,2071.19,2009.3,2028.59,75799.2127,154592088.324137
2026-05-23T08:00:00+00:00,2028.58,2036.01,2021.07,2031.48,34325.3716,69654929.1526
2026-05-23T12:00:00+00:00,2031.48,2068.68,2027.35,2060.27,54590.2681,111796645.301314
2026-05-23T16:00:00+00:00,2060.27,2083.64,2057.25,2077.33,39862.3851,82588429.158377
2026-05-23T20:00:00+00:00,2077.34,2149.95,2074.84,2117.68,110295.4439,233852083.043062
2026-05-24T00:00:00+00:00,2117.69,2127.28,2113.1,2119.04,29103.0509,61733066.958837
2026-05-24T04:00:00+00:00,2119.05,2129.93,2113.65,2121.01,28463.348,60362751.982246
2026-05-24T08:00:00+00:00,2121.02,2132.14,2119.05,2126.18,20978.1989,44547066.646084
2026-05-24T12:00:00+00:00,2126.19,2126.58,2079.52,2095.84,53181.4865,111846595.736369
2026-05-24T16:00:00+00:00,2095.83,2109,2095.22,2100.87,16390.0018,34447129.290928
2026-05-24T20:00:00+00:00,2100.87,2107,2063,2099.85,49632.6744,103596173.110788
2026-05-25T00:00:00+00:00,2099.86,2113.25,2092.57,2095.58,24131.108,50734585.323172
2026-05-25T04:00:00+00:00,2095.59,2117.55,2092.26,2116.28,42000.3305,88500841.432567
2026-05-25T08:00:00+00:00,2116.29,2124.1,2111.7,2114.95,21667.0316,45880443.387256
2026-05-25T12:00:00+00:00,2114.95,2138.28,2112.25,2127.12,29687.9855,63038363.853716
2026-05-25T16:00:00+00:00,2127.13,2141.98,2116.55,2121.43,23506.4643,50059999.261263
2026-05-25T20:00:00+00:00,2121.42,2123.16,2102.35,2113.01,25435.678,53702634.734519
2026-05-26T00:00:00+00:00,2113.01,2113.89,2084.52,2093.12,34695.0977,72644103.9404
2026-05-26T04:00:00+00:00,2093.11,2104.65,2088.82,2095.61,22937.9606,48098261.451586
2026-05-26T08:00:00+00:00,2095.61,2137.29,2094.1,2121.01,44588.5806,94436330.529331
2026-05-26T12:00:00+00:00,2121,2140.49,2078.75,2087.36,93684.9119,197909889.870185
2026-05-26T16:00:00+00:00,2087.36,2089.97,2055.06,2074.29,65909.5277,136682365.44241
2026-05-26T20:00:00+00:00,2074.3,2078.78,2065.98,2073.77,20737.2311,43007415.156141
2026-05-27T00:00:00+00:00,2073.77,2084.23,2068.9,2070,21987.0064,45638390.301564
2026-05-27T04:00:00+00:00,2070.01,2084.16,2056.31,2083.78,27195.6917,56384171.963728
2026-05-27T08:00:00+00:00,2083.77,2096.71,2078.26,2080.55,28746.5558,59944835.433552
2026-05-27T12:00:00+00:00,2080.56,2097.4,2051.96,2071.38,79022.1167,163507959.652895
2026-05-27T16:00:00+00:00,2071.39,2074.5,2043.31,2057.47,45395.4671,93402558.791091
2026-05-27T20:00:00+00:00,2057.47,2066.14,2016,2024.84,65616.3196,133326846.275754
2026-05-28T00:00:00+00:00,2024.83,2029.2,1972,1981.55,90607.5773,181033240.304886
2026-05-28T04:00:00+00:00,1981.55,1996.78,1967,1995.56,74760.4299,148152757.652109
2026-05-28T08:00:00+00:00,1995.56,1998.4,1984.85,1989.89,32953.9429,65615646.045573
2026-05-28T12:00:00+00:00,1989.88,2002.5,1967.38,1990.65,75988.1864,150985610.694897
2026-05-28T16:00:00+00:00,1990.65,2030,1985.22,2014.55,57298.3774,115378236.181511
2026-05-28T20:00:00+00:00,2014.54,2024.63,2005.43,2009.9,32226.4072,64939856.944414
2026-05-29T00:00:00+00:00,2009.89,2017.17,1997.24,2002.78,24310.5747,48815842.62613
2026-05-29T04:00:00+00:00,2002.79,2021.51,1998.4,2007.62,34409.9182,69160252.280265
2026-05-29T08:00:00+00:00,2007.61,2016.11,2002.35,2007.58,28724.0785,57749117.836945
2026-05-29T12:00:00+00:00,2007.58,2046.59,1976.48,2031.62,101067.75,203358486.723004
2026-05-29T16:00:00+00:00,2031.62,2044.29,2005,2016.96,67360.4166,136683824.396121
2026-05-29T20:00:00+00:00,2016.96,2023.99,2007,2014.54,27272.957,54922361.986417
2026-05-30T00:00:00+00:00,2014.54,2023.55,2010.69,2016.83,14645.2914,29554708.96675
2026-05-30T04:00:00+00:00,2016.83,2020.56,2002,2016.32,22750.6464,45800428.077977
2026-05-30T08:00:00+00:00,2016.32,2022,2013.92,2017.4,9329.3114,18823712.371884
2026-05-30T12:00:00+00:00,2017.4,2032,2017.14,2026.61,22745.9664,46067304.800283
2026-05-30T16:00:00+00:00,2026.63,2030.01,2019.5,2028.76,15670.4214,31745622.615323
2026-05-30T20:00:00+00:00,2028.77,2031.41,2020.35,2022.44,12835.8979,26005348.028102
2026-05-31T00:00:00+00:00,2022.44,2038,2020.83,2033.41,17706.4074,35964719.949244
2026-05-31T04:00:00+00:00,2033.41,2034.99,2022.78,2024.01,11162.0752,22649749.505961
2026-05-31T08:00:00+00:00,2024.02,2029.11,2015.34,2023.27,20999.1397,42481873.651114
2026-05-31T12:00:00+00:00,2023.28,2026.5,2005.83,2010.52,29133.9281,58687463.231331
2026-05-31T16:00:00+00:00,2010.52,2012.42,1993.75,1999.59,40644.485,81363732.237918
2026-05-31T20:00:00+00:00,1999.58,2023,1999.58,2007.01,44089.4604,88574307.320588
2026-06-01T00:00:00+00:00,2007.02,2021.5,1991.31,2009.09,73159.1205,146998493.27266
2026-06-01T04:00:00+00:00,2009.09,2011.97,1971.7,1976.43,43590.1003,86756726.955395
2026-06-01T08:00:00+00:00,1976.42,1990.11,1969.9,1981.44,49130.48,97327946.089287
2026-06-01T12:00:00+00:00,1981.44,1994.39,1956.04,1968.45,90946.1743,179439156.823583
2026-06-01T16:00:00+00:00,1968.45,2008.83,1958.79,2004.53,69908.5378,138835105.913001
2026-06-01T20:00:00+00:00,2004.53,2009.2,1984.5,2006.73,47693.871,95417052.212499
2026-06-02T00:00:00+00:00,2006.73,2006.78,1962.76,2003.94,46692.2407,92927306.759812
2026-06-02T04:00:00+00:00,2003.94,2006.44,1973.88,1981.88,47532.952,94549918.770958
2026-06-02T08:00:00+00:00,1981.89,1989,1966.69,1978.53,47617.4742,94132993.795483
2026-06-02T12:00:00+00:00,1978.53,1982.75,1890,1914.81,165219.2852,319886134.202811
2026-06-02T16:00:00+00:00,1914.81,1943.87,1881.01,1912.28,96022.4005,183852998.551663
2026-06-02T20:00:00+00:00,1912.28,1919.01,1839.02,1859.84,153801.1892,288458798.041138
2026-06-03T00:00:00+00:00,1859.84,1874.11,1816.92,1828.24,122790.4231,227228623.44506
2026-06-03T04:00:00+00:00,1828.24,1884.41,1827.65,1878.39,90436.6511,168568807.049925
2026-06-03T08:00:00+00:00,1878.39,1893.07,1869.95,1878.16,53244.0374,100134416.273304
2026-06-03T12:00:00+00:00,1878.17,1880,1836.21,1837.21,78492.2555,145956494.212778
2026-06-03T16:00:00+00:00,1837.22,1844.08,1795.23,1803.41,104394.7399,190129181.873692
2026-06-03T20:00:00+00:00,1803.41,1852.2,1769.62,1813.05,135402.3748,245594077.043914
2026-06-04T00:00:00+00:00,1813.05,1820.5,1717.28,1809.24,200046.0588,354461508.729095
2026-06-04T04:00:00+00:00,1809.24,1818,1773.52,1777.45,82985.5515,148757536.10314
2026-06-04T08:00:00+00:00,1777.44,1783.27,1730.13,1751.51,141386.8608,247769982.629576
2026-06-04T12:00:00+00:00,1751.51,1794.43,1744.29,1777.02,111504.3967,197820315.119297
2026-06-04T16:00:00+00:00,1777.03,1787.11,1754,1776.94,60544.5739,107276269.416588
2026-06-04T20:00:00+00:00,1776.93,1783.02,1752.46,1770.77,51838.6634,91576081.343527
2026-06-05T00:00:00+00:00,1770.76,1774.99,1722.36,1729.71,88171.1972,153795260.855307
2026-06-05T04:00:00+00:00,1729.72,1747.8,1625.78,1679.21,313675.2275,526181296.884881
2026-06-05T08:00:00+00:00,1679.22,1690.07,1659.43,1663.44,119418.6703,199912034.195274
2026-06-05T12:00:00+00:00,1663.43,1677.7,1572.22,1583.29,304333.021,492655229.681449
2026-06-05T16:00:00+00:00,1583.29,1612.89,1540.19,1574.06,267408.079,420934233.611529
2026-06-05T20:00:00+00:00,1574.07,1619.3,1557.36,1583.4,164006.9658,261641839.948342
2026-06-06T00:00:00+00:00,1583.4,1601.22,1555.28,1563.34,68604.3971,108392813.385097
2026-06-06T04:00:00+00:00,1563.34,1581.62,1505.68,1575.14,182035.7945,282158181.789381
2026-06-06T08:00:00+00:00,1575.14,1593.04,1535.68,1558.89,96734.7301,151232845.757409
2026-06-06T12:00:00+00:00,1558.9,1575.82,1544.87,1560.45,107947.6889,168457360.14315
2026-06-06T16:00:00+00:00,1560.45,1566.51,1547.05,1554.56,60854.9147,94780037.045857
2026-06-06T20:00:00+00:00,1554.55,1570.06,1550.85,1569.69,42280.8419,65925172.979358
2026-06-07T00:00:00+00:00,1569.68,1600.51,1564.1,1595.01,56783.117,90080174.635612
2026-06-07T04:00:00+00:00,1595,1623.52,1585,1615.18,88472.2063,142242225.776729
2026-06-07T08:00:00+00:00,1615.18,1648.7,1608.39,1630.12,79805.2925,130159942.929751
2026-06-07T12:00:00+00:00,1630.12,1640,1607,1630.07,73035.7897,118475715.21903
2026-06-07T16:00:00+00:00,1630.07,1638,1604,1613.11,60204.4464,97813298.629156
2026-06-07T20:00:00+00:00,1613.1,1721.93,1609.43,1690.51,99979.739,166904844.693745
2026-06-08T00:00:00+00:00,1690.5,1711.58,1670.94,1680.01,74470.0385,125771365.851108
2026-06-08T04:00:00+00:00,1680.02,1683.49,1645,1673.47,73682.0193,122647547.690447
2026-06-08T08:00:00+00:00,1673.46,1696.77,1657.21,1683.76,73745.4019,123349288.482507
2026-06-08T12:00:00+00:00,1683.77,1706.22,1667.46,1691.59,129205.2984,218044478.479097
2026-06-08T16:00:00+00:00,1691.59,1703.88,1675.8,1684.78,72641.0716,122593105.369451
2026-06-08T20:00:00+00:00,1684.78,1714.5,1679.25,1690.49,56283.4824,95554116.915364
2026-06-09T00:00:00+00:00,1690.48,1696.88,1654.63,1669.44,65616.5084,109563806.141011
2026-06-09T04:00:00+00:00,1669.44,1696.41,1664.33,1679.86,55695.031,93808663.929695
2026-06-09T08:00:00+00:00,1679.86,1680.64,1665,1671.96,39039.5622,65298916.828868
2026-06-09T12:00:00+00:00,1671.96,1683.32,1633.84,1636.4,109750.9015,181732549.113035
2026-06-09T16:00:00+00:00,1636.4,1658.64,1614.02,1657.33,81822.2362,134090149.997469
2026-06-09T20:00:00+00:00,1657.33,1663.77,1630.36,1639.52,32222.9956,53106386.411123
2026-06-10T00:00:00+00:00,1639.52,1646.91,1621.77,1630.82,27935.8341,45681938.903102
2026-06-10T04:00:00+00:00,1630.82,1643.58,1616.33,1640.09,28762.4847,46872662.703514
2026-06-10T08:00:00+00:00,1640.1,1640.89,1606.01,1620.05,50677.5242,82179420.179027
2026-06-10T12:00:00+00:00,1620.06,1667.96,1615.91,1657.97,78993.1365,129938835.673916
2026-06-10T16:00:00+00:00,1657.98,1658.73,1622.51,1630.15,55253.005,90394827.810961
2026-06-10T20:00:00+00:00,1630.15,1636.21,1603.44,1621.59,49169.2974,79574513.257938
2026-06-11T00:00:00+00:00,1621.6,1661.3,1621.6,1653.95,36288.0336,59568101.550888
2026-06-11T04:00:00+00:00,1653.94,1663.14,1646.2,1654.41,36562.9666,60516705.867396
2026-06-11T08:00:00+00:00,1654.4,1673.5,1654.28,1666.84,30402.7025,50505638.82082
2026-06-11T12:00:00+00:00,1666.84,1666.88,1636.19,1645.55,55809.1021,92069576.461866
2026-06-11T16:00:00+00:00,1645.56,1693.59,1632.71,1681.26,85215.6465,142470910.188748
2026-06-11T20:00:00+00:00,1681.26,1683.29,1667.18,1673.46,34229.2691,57374881.400031
2026-06-12T00:00:00+00:00,1673.46,1678.42,1660.93,1673.25,20659.4497,34522035.065248
2026-06-12T04:00:00+00:00,1673.25,1682,1652.09,1662.12,30223.5752,50314659.437735
2026-06-12T08:00:00+00:00,1662.12,1685.65,1662.12,1673.89,33152.9108,55529649.281597
2026-06-12T12:00:00+00:00,1673.88,1691.07,1653.74,1660.08,63394.6373,106049182.489782
2026-06-12T16:00:00+00:00,1660.08,1678.1,1657.38,1665.92,42191.8674,70426625.783964
2026-06-12T20:00:00+00:00,1665.92,1668.01,1659.02,1666.41,12265.5698,20416009.600665
2026-06-13T00:00:00+00:00,1666.42,1675.9,1663.36,1665.25,16399.5929,27376235.1625
2026-06-13T04:00:00+00:00,1665.25,1677.74,1662.2,1676.38,16043.7279,26785790.43844
2026-06-13T08:00:00+00:00,1676.38,1679.92,1672.8,1678.34,18492.0161,30986108.983186
2026-06-13T12:00:00+00:00,1678.33,1686.56,1676.69,1682.15,19930.4374,33495922.000776
2026-06-13T16:00:00+00:00,1682.14,1682.63,1671.44,1678.29,21369.3543,35819080.824297
2026-06-13T20:00:00+00:00,1678.3,1697.28,1674.91,1681.18,14516.4791,24436045.294188
2026-06-14T00:00:00+00:00,1681.19,1690.36,1678.83,1681.73,10407.9003,17520019.911114
2026-06-14T04:00:00+00:00,1681.74,1682.66,1673.72,1675.91,15591.2044,26154750.07225
2026-06-14T08:00:00+00:00,1675.91,1679,1669.15,1673.73,14816.273,24810168.717517
2026-06-14T12:00:00+00:00,1673.73,1674.58,1654.9,1662.95,23932.5644,39822265.504871
2026-06-14T16:00:00+00:00,1662.95,1668.57,1658.95,1665.43,17942.9787,29853503.496566
2026-06-14T20:00:00+00:00,1665.44,1732.28,1662.67,1725.62,95319.0333,163243595.068431
2026-06-15T00:00:00+00:00,1725.63,1733.04,1709.66,1720.78,46791.0843,80525366.557659
2026-06-15T04:00:00+00:00,1720.78,1723.8,1715.95,1716.59,33173.3834,57037268.791415
2026-06-15T08:00:00+00:00,1716.6,1769,1712.17,1764.67,86337.2957,150135664.758294
2026-06-15T12:00:00+00:00,1764.67,1849.54,1760.28,1845.53,170759.7618,308967598.674926
2026-06-15T16:00:00+00:00,1845.53,1847.13,1811.66,1821.89,78464.5018,143824186.522777
2026-06-15T20:00:00+00:00,1821.88,1826.62,1782.82,1796.13,48609.2283,87615416.670238
2026-06-16T00:00:00+00:00,1796.14,1802.09,1764.84,1779.16,50532.628,90017719.519215
2026-06-16T04:00:00+00:00,1779.16,1783.32,1758,1774.24,50401.9351,89106636.028984
2026-06-16T08:00:00+00:00,1774.25,1807.97,1773.25,1799.59,57224.9557,102565954.182685
2026-06-16T12:00:00+00:00,1799.6,1839.77,1763.36,1782.44,123987.1567,223098425.184839
2026-06-16T16:00:00+00:00,1782.43,1808.44,1773.03,1795.41,48137.7978,86259939.186127
2026-06-16T20:00:00+00:00,1795.41,1800.48,1789.53,1792.99,23293.0757,41807190.49149
2026-06-17T00:00:00+00:00,1793,1810.21,1778.99,1793.58,31174.503,55923882.81617
2026-06-17T04:00:00+00:00,1793.58,1801.79,1778.71,1785.08,23610.2996,42290661.429377
2026-06-17T08:00:00+00:00,1785.09,1786.15,1759.35,1763.92,35117.6055,62124474.083504
2026-06-17T12:00:00+00:00,1763.93,1776.94,1741.05,1773.41,82129.4721,144411139.661984
2026-06-17T16:00:00+00:00,1773.42,1796.08,1729.26,1734.72,126372.9648,222769406.491915
2026-06-17T20:00:00+00:00,1734.73,1751.66,1725.34,1750.6,36093.2125,62832531.859631
2026-06-18T00:00:00+00:00,1750.61,1762.99,1741.46,1744.17,30981.8033,54328617.779461
2026-06-18T04:00:00+00:00,1744.17,1753.29,1722.24,1749.79,44003.2068,76389583.555047
2026-06-18T08:00:00+00:00,1749.8,1753.61,1739.11,1743.31,47075.973,82194635.351271
2026-06-18T12:00:00+00:00,1743.31,1753.06,1680,1682.23,94529.5977,162649087.474721
2026-06-18T16:00:00+00:00,1682.23,1707.48,1671.79,1705.39,66020.9508,111355620.454105
2026-06-18T20:00:00+00:00,1705.4,1717.23,1700.19,1711.11,29869.434,51037955.376431
2026-06-19T00:00:00+00:00,1711.11,1719.51,1682.35,1697.69,37691.0234,64130921.178829
2026-06-19T04:00:00+00:00,1697.7,1703.4,1686,1695.82,32582.5204,55233326.496868
2026-06-19T08:00:00+00:00,1695.82,1699.82,1687.05,1691.74,19744.2088,33417490.339601
2026-06-19T12:00:00+00:00,1691.74,1712.06,1679.11,1707.86,38540.4796,65478448.984829
2026-06-19T16:00:00+00:00,1707.87,1711.76,1693.7,1701.2,22445.5251,38211885.926919
2026-06-19T20:00:00+00:00,1701.21,1715,1698.89,1711.19,14074.4411,24018299.467603
2026-06-20T00:00:00+00:00,1711.18,1718,1704.06,1708.17,14486.4039,24766944.739453
2026-06-20T04:00:00+00:00,1708.18,1733.89,1706.51,1725.82,28639.3455,49375729.155368
2026-06-20T08:00:00+00:00,1725.81,1731.76,1721.25,1727.18,13310.0526,22978204.973373
2026-06-20T12:00:00+00:00,1727.18,1749.55,1708.11,1740.63,45563.7598,78859368.249363
2026-06-20T16:00:00+00:00,1740.63,1740.91,1721.03,1729.27,23469.7503,40574940.080848
2026-06-20T20:00:00+00:00,1729.27,1746.17,1726.53,1741.08,34322.509,59657471.853621
2026-06-21T00:00:00+00:00,1741.08,1741.45,1733.51,1737.87,11485.9288,19956063.627311
2026-06-21T04:00:00+00:00,1737.88,1741.41,1729.8,1732.36,19148.6555,33212764.297999
2026-06-21T08:00:00+00:00,1732.36,1737.02,1718.56,1725.36,19610.1055,33901130.441749
2026-06-21T12:00:00+00:00,1725.37,1732.57,1717.14,1730.72,18999.8619,32769162.118903
2026-06-21T16:00:00+00:00,1730.71,1739.32,1721.67,1734.14,20185.3775,34932609.163769
2026-06-21T20:00:00+00:00,1734.14,1735.34,1702,1706.94,34332.5397,58867855.406794
2026-06-22T00:00:00+00:00,1706.94,1759.84,1706.94,1730,48245.9908,83790596.546064
2026-06-22T04:00:00+00:00,1730,1751.58,1727.69,1746.34,31556.4356,54891031.232053
2026-06-22T08:00:00+00:00,1746.34,1774.7,1743.56,1767.68,39953.9512,70127982.633223
2026-06-22T12:00:00+00:00,1767.68,1779.9,1742.41,1744.74,64395.6052,113562874.53843
2026-06-22T16:00:00+00:00,1744.75,1747.7,1729.15,1734.59,49656.142,86271332.46014
2026-06-22T20:00:00+00:00,1734.59,1740.07,1717.02,1728.19,28849.0572,49857101.379349
2026-06-23T00:00:00+00:00,1728.19,1736.25,1719.75,1729.9,18729.6756,32377372.501792
2026-06-23T04:00:00+00:00,1729.91,1731.25,1680.52,1683.01,51916.6503,88283236.939908
2026-06-23T08:00:00+00:00,1683.02,1684.8,1635.65,1660.9,71256.16,117983455.444791
2026-06-23T12:00:00+00:00,1660.9,1672,1645.52,1659.78,48840.9545,80964787.137809
2026-06-23T16:00:00+00:00,1659.78,1673.89,1650,1662.58,38682.1168,64239703.006308
2026-06-23T20:00:00+00:00,1662.57,1672.92,1660.27,1667.13,18836.4548,31368533.013358
2026-06-24T00:00:00+00:00,1667.13,1680.46,1658.18,1666.67,22390.5044,37372805.726416
2026-06-24T04:00:00+00:00,1666.67,1679.57,1658.22,1673.12,24404.4994,40802907.910169
2026-06-24T08:00:00+00:00,1673.13,1693.67,1655.76,1679.57,33696.0543,56283839.64746
2026-06-24T12:00:00+00:00,1679.57,1681.29,1616.8,1618.08,88400.6962,145554880.032909
2026-06-24T16:00:00+00:00,1618.08,1636.08,1552.95,1584.58,135306.743,214729380.128202
2026-06-24T20:00:00+00:00,1584.59,1629.82,1580,1622.17,51529.843,83122494.499989
2026-06-25T00:00:00+00:00,1622.18,1626.51,1614.69,1619.6,23937.0954,38777580.427202
2026-06-25T04:00:00+00:00,1619.61,1660.54,1617.12,1657.19,63588.8033,104616181.973843
2026-06-25T08:00:00+00:00,1657.2,1658.98,1628.05,1633.27,44025.3002,72176910.469439
2026-06-25T12:00:00+00:00,1633.28,1650.38,1532.9,1570.01,198494.0295,312158132.767002
2026-06-25T16:00:00+00:00,1570.01,1587.7,1554.6,1559.42,70320.4164,110334019.877182
2026-06-25T20:00:00+00:00,1559.41,1583.65,1556.73,1567.84,40305.3602,63302133.036226
2026-06-26T00:00:00+00:00,1567.86,1571.78,1512,1557.93,83566.0007,128488500.009984
2026-06-26T04:00:00+00:00,1557.93,1586.5,1543.43,1581.12,68736.4863,107766090.300502
2026-06-26T08:00:00+00:00,1581.12,1582.43,1541.01,1545.14,70838.7025,110555875.307421
2026-06-26T12:00:00+00:00,1545.15,1588.23,1521.54,1580.14,120105.8574,187134274.017346
2026-06-26T16:00:00+00:00,1580.13,1594.7,1570.32,1574.51,54249.7168,85777417.099889
2026-06-26T20:00:00+00:00,1574.51,1583.4,1568,1578.68,26194.6756,41247917.11543
2026-06-27T00:00:00+00:00,1578.68,1587.17,1571.55,1580.62,19128.5427,30231987.850977
2026-06-27T04:00:00+00:00,1580.62,1586.38,1575.2,1585.71,15220.2854,24067790.027421
2026-06-27T08:00:00+00:00,1585.72,1585.95,1579,1584,13455.5916,21299404.716425
2026-06-27T12:00:00+00:00,1584,1611.02,1581.42,1605.68,34188.3622,54573759.292885
2026-06-27T16:00:00+00:00,1605.68,1607.92,1573.36,1578.51,29623.6061,47107968.933464
2026-06-27T20:00:00+00:00,1578.51,1585.69,1562.86,1573.99,19975.9718,31486728.831558
2026-06-28T00:00:00+00:00,1574,1580.05,1569.07,1575.08,12159.2677,19144089.385775
2026-06-28T04:00:00+00:00,1575.08,1577.34,1562.41,1575.96,21037.2582,33029342.877762
2026-06-28T08:00:00+00:00,1575.96,1586.35,1572.23,1582.87,23867.9303,37713103.092292
2026-06-28T12:00:00+00:00,1582.86,1588.82,1575.04,1580.89,23674.5553,37448104.312588
2026-06-28T16:00:00+00:00,1580.9,1581.94,1556.81,1564.62,26775.6987,42028953.537424
2026-06-28T20:00:00+00:00,1564.61,1582.29,1548.37,1571.96,32666.4315,51181040.317063
2026-06-29T00:00:00+00:00,1571.96,1589.75,1550.43,1584.78,37339.7726,58664538.611767
2026-06-29T04:00:00+00:00,1584.77,1589.08,1562.26,1580.16,24161.5922,38128695.688527
2026-06-29T08:00:00+00:00,1580.17,1587,1569.85,1574.93,33233.37,52386427.002551
2026-06-29T12:00:00+00:00,1574.93,1597.28,1557.35,1580.26,100601.0826,158505978.115596
2026-06-29T16:00:00+00:00,1580.26,1637.58,1574.06,1625.6,80924.4923,130640969.710381
2026-06-29T20:00:00+00:00,1625.6,1626.65,1607.41,1613.07,33708.6651,54540861.40836
2026-06-30T00:00:00+00:00,1613.07,1614.41,1586.49,1587.18,34800.71,55527052.392391
2026-06-30T04:00:00+00:00,1587.18,1596.25,1579.79,1592.51,25185.0878,40028930.792647
2026-06-30T08:00:00+00:00,1592.51,1594.28,1575.85,1578.58,33797.8662,53528733.969509
2026-06-30T12:00:00+00:00,1578.57,1578.58,1550.2,1565.18,74039.8113,115780270.749106
2026-06-30T16:00:00+00:00,1565.19,1581.92,1561.84,1580.53,32530.1507,51165729.254918
2026-06-30T20:00:00+00:00,1580.52,1582.98,1566,1572.01,21703.5782,34139563.721655
2026-07-01T00:00:00+00:00,1572,1599.19,1552.92,1594.81,49726.9569,78495837.359772
2026-07-01T04:00:00+00:00,1594.81,1604.02,1571.5,1578.36,39936.0774,63377979.179155
2026-07-01T08:00:00+00:00,1578.36,1585.33,1567.13,1569.89,26168.9067,41244449.18886
2026-07-01T12:00:00+00:00,1569.88,1631,1565.26,1620.09,94503.3823,151367641.919733
2026-07-01T16:00:00+00:00,1620.1,1629.26,1607.17,1618.09,41221.2114,66745719.870466
2026-07-01T20:00:00+00:00,1618.07,1646.26,1608.35,1609.58,54979.7763,89329039.154811
2026-07-02T00:00:00+00:00,1609.59,1642.32,1597.22,1639.47,45157.4777,73171477.767431
2026-07-02T04:00:00+00:00,1639.46,1639.94,1614.32,1615.97,39835.0073,64750161.30917
2026-07-02T08:00:00+00:00,1615.97,1657.53,1615.08,1650.32,70678.134,116096420.932147
2026-07-02T12:00:00+00:00,1650.31,1725,1647.66,1697.05,157423.2035,266684433.899621
2026-07-02T16:00:00+00:00,1697.06,1707.14,1686.49,1700.15,38353.5213,65158228.905656
2026-07-02T20:00:00+00:00,1700.15,1706.68,1692.13,1700.57,22006.1644,37403158.304602
2026-07-03T00:00:00+00:00,1700.57,1718.97,1694.72,1706.43,34469.11,58851782.485583
2026-07-03T04:00:00+00:00,1706.43,1722.21,1702.28,1717.77,30478.0143,52256378.594063
2026-07-03T08:00:00+00:00,1717.77,1749,1715.68,1742.54,54522.5378,94515618.066124
2026-07-03T12:00:00+00:00,1742.54,1753.29,1728.99,1731.24,53093.4088,92351389.972806
2026-07-03T16:00:00+00:00,1731.24,1753,1727.87,1745.38,26376.499,45911194.191749
2026-07-03T20:00:00+00:00,1745.39,1775.78,1743.61,1758.21,45477.2981,80104889.136142
2026-07-04T00:00:00+00:00,1758.22,1764,1744.09,1753.92,18698.1782,32759415.817823
2026-07-04T04:00:00+00:00,1753.91,1764.61,1751.72,1758.19,27472.9105,48241722.057156
2026-07-04T08:00:00+00:00,1758.18,1765.55,1755,1758.24,17210.9322,30279202.879161
2026-07-04T12:00:00+00:00,1758.23,1799.92,1758.23,1791.09,51998.9737,92529333.184946
2026-07-04T16:00:00+00:00,1791.08,1807.65,1779,1792.83,55311.175,99154313.401248
2026-07-04T20:00:00+00:00,1792.83,1795.81,1772.1,1780.64,20187.9801,36010344.609352
2026-07-05T00:00:00+00:00,1780.64,1780.75,1757,1761.59,36440.4,64322776.994559
2026-07-05T04:00:00+00:00,1761.58,1772.69,1760.07,1770.1,97257.2223,171704728.362506
2026-07-05T08:00:00+00:00,1770.09,1773.27,1748.79,1760.08,175998.4611,309973568.639662
2026-07-05T12:00:00+00:00,1760.08,1781.28,1756.03,1774.67,19997.987,35386807.294659
2026-07-05T16:00:00+00:00,1774.66,1786.23,1770.31,1781.43,18203.54,32381270.966127
2026-07-05T20:00:00+00:00,1781.44,1808,1769.29,1785.65,41775.8087,74803966.238566
2026-07-06T00:00:00+00:00,1785.65,1799.02,1772.22,1779.71,28847.3588,51477067.911105
2026-07-06T04:00:00+00:00,1779.7,1784.79,1764.42,1772.32,26903.8566,47749629.90858
2026-07-06T08:00:00+00:00,1772.32,1778.6,1755.77,1759.64,33338.5309,58875690.643914
2026-07-06T12:00:00+00:00,1759.64,1788.96,1728.95,1788.57,102182.4878,179083609.2741
2026-07-06T16:00:00+00:00,1788.57,1805,1782.42,1792.76,60585.2426,108710719.038645
2026-07-06T20:00:00+00:00,1792.76,1833.4,1787.26,1799.56,54021.8537,97896741.274095
2026-07-07T00:00:00+00:00,1799.56,1810.16,1768.85,1771.56,37424.6442,66944098.868885
2026-07-07T04:00:00+00:00,1771.55,1782.59,1757.57,1771.24,36953.6972,65417463.726118
2026-07-07T08:00:00+00:00,1771.23,1785,1768.37,1780.77,27719.868,49210293.246015
2026-07-07T12:00:00+00:00,1780.77,1803.03,1761.19,1797.45,65131.7844,116009755.110902
2026-07-07T16:00:00+00:00,1797.45,1813.16,1773.5,1790.45,46598.5947,83697542.771657
2026-07-07T20:00:00+00:00,1790.46,1793.12,1765.35,1771.45,27708.1368,49256624.488021
2026-07-08T00:00:00+00:00,1771.45,1785,1741.21,1751.78,45660.413,80404740.597791
2026-07-08T04:00:00+00:00,1751.74,1759.69,1745.01,1756.7,25382.1947,44490761.312298
2026-07-08T08:00:00+00:00,1756.7,1758.7,1725.18,1747.95,56796.3744,98675827.777842
2026-07-08T12:00:00+00:00,1747.95,1751.25,1713.44,1722.96,52233.5971,90459253.466077
2026-07-08T16:00:00+00:00,1722.96,1746.52,1722.78,1740.98,31384.7131,54463164.251953
2026-07-08T20:00:00+00:00,1740.99,1744.81,1731.41,1743.54,13773.9331,23949993.595381
2026-07-09T00:00:00+00:00,1743.55,1756.79,1721.93,1730.7,27790.6064,48303672.851556
2026-07-09T04:00:00+00:00,1730.7,1762.36,1730.35,1753.31,37627.1459,65808618.565405
2026-07-09T08:00:00+00:00,1753.3,1758.68,1741.26,1744.02,20219.9949,35397227.751037
2026-07-09T12:00:00+00:00,1744.02,1752,1733.36,1739.51,50758.7135,88395030.749091
2026-07-09T16:00:00+00:00,1739.51,1759.82,1731.99,1748.51,23935.0548,41825612.733619
2026-07-09T20:00:00+00:00,1748.51,1751.08,1741.56,1745.16,13373.7417,23369634.994497
2026-07-10T00:00:00+00:00,1745.17,1779.68,1737.68,1776.12,45350.5313,80059828.145824
2026-07-10T04:00:00+00:00,1776.13,1780.33,1768.57,1773.2,23853.2993,42342687.787892
2026-07-10T08:00:00+00:00,1773.2,1802.99,1772.63,1801.22,46227.7286,82878197.715128
2026-07-10T12:00:00+00:00,1801.22,1812,1775,1791.11,57199.9434,102658845.235422
2026-07-10T16:00:00+00:00,1791.11,1799.53,1781.2,1792.68,26445.6486,47368296.412897
2026-07-10T20:00:00+00:00,1792.68,1798,1789.6,1796.85,16528.6533,29647779.573534
2026-07-11T00:00:00+00:00,1796.85,1799.29,1786.77,1796.5,16451.0616,29504422.885497
2026-07-11T04:00:00+00:00,1796.5,1803.29,1794.6,1800,23003.1116,41393222.395037
2026-07-11T08:00:00+00:00,1799.99,1803.52,1795.15,1800.48,13163.6509,23683229.598781
2026-07-11T12:00:00+00:00,1800.47,1828,1798.42,1814.83,48962.5551,88826829.557453
2026-07-11T16:00:00+00:00,1814.82,1830,1810.62,1824.38,44106.5907,80367089.18781
2026-07-11T20:00:00+00:00,1824.38,1829.17,1786.58,1787.76,33016.4484,59683615.720579
2026-07-12T00:00:00+00:00,1787.76,1813.67,1779.46,1811.53,30490.9328,54799124.238866
2026-07-12T04:00:00+00:00,1811.53,1812.63,1789.44,1798.78,14481.5819,26061931.562103
2026-07-12T08:00:00+00:00,1798.78,1808.94,1796.48,1803.77,13663.3791,24623648.558767
2026-07-12T12:00:00+00:00,1803.77,1826.92,1803,1820.93,32674.8309,59384458.662347
2026-07-12T16:00:00+00:00,1820.94,1824.39,1814.85,1821.4,27234.0306,49580419.314726
2026-07-12T20:00:00+00:00,1821.4,1824,1797.63,1806.8,22528.2282,40749264.656368
2026-07-13T00:00:00+00:00,1806.8,1846,1775,1780.55,99489.3232,180341311.895032
2026-07-13T04:00:00+00:00,1780.54,1791.39,1773.99,1787.57,34173.7254,60874562.194488
2026-07-13T08:00:00+00:00,1787.58,1793.56,1777.1,1780.74,24971.0007,44563351.995436
2026-07-13T12:00:00+00:00,1780.74,1786.53,1762.44,1777.01,57606.1973,102116332.029664
2026-07-13T16:00:00+00:00,1777,1780.73,1750.2,1774.92,49356.977,87092641.007233
2026-07-13T20:00:00+00:00,1774.93,1778.05,1752.59,1776.72,29434.3962,51946850.968449
2026-07-14T00:00:00+00:00,1776.71,1794.47,1773.41,1783.65,25835.8415,46070956.04283
2026-07-14T04:00:00+00:00,1783.64,1793.26,1779.41,1781.21,23132.8984,41308137.621747
2026-07-14T08:00:00+00:00,1781.21,1805,1779,1798.09,47517.0909,85264476.000115
2026-07-14T12:00:00+00:00,1798.09,1888.8,1794.37,1875.22,193011.7605,358144351.189966
2026-07-14T16:00:00+00:00,1875.22,1881.56,1860.56,1876.74,38959.9231,72936315.895528
2026-07-14T20:00:00+00:00,1876.74,1896.14,1872.06,1891.87,40456.2576,76249268.519352
2026-07-15T00:00:00+00:00,1891.87,1893.32,1864.38,1876.08,35148.8223,65889958.334445
2026-07-15T04:00:00+00:00,1876.08,1891.89,1864.7,1870.04,36339.328,68211903.296793
2026-07-15T08:00:00+00:00,1870.04,1886.59,1870.03,1884.62,35085.8935,65955633.693108
2026-07-15T12:00:00+00:00,1884.62,1946.52,1879.25,1931.95,137284.8153,264343318.43361
2026-07-15T16:00:00+00:00,1931.96,1937,1904.36,1924.15,55271.775,106323551.223143
2026-07-15T20:00:00+00:00,1924.15,1930.71,1914.89,1917.86,20670.3352,39744884.661628
2026-07-16T00:00:00+00:00,1917.86,1929,1908.12,1918.7,28168.2017,54089213.981933
2026-07-16T04:00:00+00:00,1918.7,1929.48,1905,1910.63,29157.4136,55879345.035258
2026-07-16T08:00:00+00:00,1910.64,1912.85,1875.56,1885.26,85450.7339,161340583.681969
2026-07-16T12:00:00+00:00,1885.26,1894.38,1867.68,1881.88,63993.5576,120415111.171474
2026-07-16T16:00:00+00:00,1881.89,1883,1862.57,1875.59,33323.5741,62446348.311839
2026-07-16T20:00:00+00:00,1875.59,1881.59,1857.54,1864.71,31595.6054,59060103.558587
2026-07-17T00:00:00+00:00,1864.71,1871.08,1843.2,1852.53,44486.8168,82539730.348917
2026-07-17T04:00:00+00:00,1852.53,1853.08,1820.74,1828.52,45533.7226,83511831.861486
2026-07-17T08:00:00+00:00,1828.52,1843.26,1821.41,1839.04,36870.4969,67599773.933898
2026-07-17T12:00:00+00:00,1839.05,1840.58,1803.05,1830.88,72970.3255,132843157.482888
2026-07-17T16:00:00+00:00,1830.89,1856.17,1825.32,1843.76,40978.7013,75428073.814757
2026-07-17T20:00:00+00:00,1843.76,1846.65,1835.27,1841.93,12187.6925,22437794.154729
2026-07-18T00:00:00+00:00,1841.94,1846.74,1839.38,1845.96,13627.6371,25110095.56093
2026-07-18T04:00:00+00:00,1845.96,1849.68,1842.56,1844.2,10193.3719,18809339.973007
2026-07-18T08:00:00+00:00,1844.2,1849.44,1842.3,1845.56,10162.4632,18754926.018809
2026-07-18T12:00:00+00:00,1845.56,1850.64,1837.58,1844.15,17626.3753,32500010.651193
2026-07-18T16:00:00+00:00,1844.15,1867.58,1841.51,1858.45,27311.7817,50644842.771862
2026-07-18T20:00:00+00:00,1858.45,1865.86,1855.47,1862.61,13676.294,25444665.062101
2026-07-19T00:00:00+00:00,1862.61,1877.33,1858.17,1867.08,27387.4951,51096557.439295
2026-07-19T04:00:00+00:00,1867.08,1871.99,1864.21,1870.25,17140.7424,32035355.048292
2026-07-19T08:00:00+00:00,1870.26,1879.38,1863.46,1871.41,21823.4567,40842585.19334
2026-07-19T12:00:00+00:00,1871.4,1879.26,1864.47,1870.91,23743.0826,44426977.899933
2026-07-19T16:00:00+00:00,1870.91,1873.85,1851.71,1862.37,27303.9993,50892782.591346
2026-07-19T20:00:00+00:00,1862.37,1877.03,1857,1872.23,26523.8901,49535943.453386
2026-07-20T00:00:00+00:00,1872.24,1891.71,1862.08,1879.94,40327.5711,75733997.944761
2026-07-20T04:00:00+00:00,1879.94,1879.99,1843.14,1863.95,41366.6157,76871498.466917
2026-07-20T08:00:00+00:00,1863.95,1896.5,1854.31,1893.2,44092.3265,82556285.88529
2026-07-20T12:00:00+00:00,1893.21,1904.92,1853.65,1902.34,65138.717,122363679.282013
2026-07-20T16:00:00+00:00,1902.34,1918.16,1890.07,1898.46,58309.8959,110924838.139889
2026-07-20T20:00:00+00:00,1898.46,1907.58,1894.4,1904.77,21960.5068,41760734.103211
2026-07-21T00:00:00+00:00,1904.77,1928.57,1900.74,1926.75,39390.3291,75497345.33068
2026-07-21T04:00:00+00:00,1926.74,1940.25,1921.81,1934.08,40556.1414,78340198.82902
2026-07-21T08:00:00+00:00,1934.07,1953,1925.98,1935.69,113965.7397,220906489.742695
2026-07-21T12:00:00+00:00,1935.69,1945.23,1923.36,1931.81,62411.1336,120803100.613645
2026-07-21T16:00:00+00:00,1931.81,1935.36,1915,1923.39,49947.7856,96037996.769198
2026-07-21T20:00:00+00:00,1923.38,1932,1916.67,1930.09,20694.5485,39803033.821404
2026-07-22T00:00:00+00:00,1930.09,1944.68,1926.76,1928.77,38196.5647,73872413.045198
2026-07-22T04:00:00+00:00,1928.76,1939.4,1910.68,1914.44,47965.1374,92250525.77919
2026-07-22T08:00:00+00:00,1914.43,1933.62,1914.08,1927.27,36444.4362,70134235.562521
2026-07-22T12:00:00+00:00,1927.26,1955.92,1913.26,1943.03,61853.0343,119835277.616543
2026-07-22T16:00:00+00:00,1943.04,1956.45,1921,1925.13,41321.4528,80123330.781702
2026-07-22T20:00:00+00:00,1925.14,1939.7,1922.95,1934.25,25360.1999,48980304.458261
2026-07-23T00:00:00+00:00,1934.26,1941.5,1917.57,1920.55,24993.7353,48214379.808529
2026-07-23T04:00:00+00:00,1920.56,1928.69,1912.6,1915.65,28351.1057,54407839.033107
2026-07-23T08:00:00+00:00,1915.65,1931.66,1914.44,1926.04,25394.4369,48913071.262119
2026-07-23T12:00:00+00:00,1926.03,1927.99,1882.98,1895.23,79844.2221,151773538.454881
2026-07-23T16:00:00+00:00,1895.23,1895.41,1869.44,1875.65,40349.4912,75977811.928967
2026-07-23T20:00:00+00:00,1875.64,1889.09,1874.23,1878.38,20856.0821,39264185.928899
2026-07-24T00:00:00+00:00,1878.38,1881.2,1859.67,1880.67,33554.3655,62823597.090217
2026-07-24T04:00:00+00:00,1880.67,1909.8,1873.48,1895.98,34493.4821,65197193.468691
2026-07-24T08:00:00+00:00,1895.98,1896.04,1876.71,1883.93,23099.0765,43543529.574374
2026-07-24T12:00:00+00:00,1883.93,1886.09,1848.09,1861.81,68024.0006,126685739.639251
2026-07-24T16:00:00+00:00,1861.82,1866.76,1853.5,1863.83,29813.1651,55477384.287484
2026-07-24T20:00:00+00:00,1863.84,1865.82,1856.97,1861.44,11811.3463,21976612.421105
2026-07-25T00:00:00+00:00,1861.44,1864.69,1855.93,1858.74,13999.1489,26039463.440314
2026-07-25T04:00:00+00:00,1858.74,1862.96,1854.61,1856.02,12980.1958,24132356.560451
2026-07-25T08:00:00+00:00,1856.03,1860.09,1851.22,1857.75,16027.4582,29755614.850639
2026-07-25T12:00:00+00:00,1857.75,1872.35,1856.96,1867.88,20845.3524,38883665.097903
2026-07-25T16:00:00+00:00,1867.88,1877.07,1864.65,1874.76,16227.7542,30385128.706757
2026-07-25T20:00:00+00:00,1874.77,1876.92,1867.92,1874.89,8354.5785,15648697.010211
2026-07-26T00:00:00+00:00,1874.88,1883.98,1873.85,1882.21,10360.017,19473769.985199
2026-07-26T04:00:00+00:00,1882.21,1889.36,1878.46,1881.56,11240.7353,21173822.659788
2026-07-26T08:00:00+00:00,1881.57,1887.89,1878.74,1885.87,9601.9319,18091980.477335
2026-07-26T12:00:00+00:00,1885.87,1917.82,1881.61,1914.63,34317.9973,65165309.721979
2026-07-26T16:00:00+00:00,1914.63,1928.08,1908.75,1914.2,28406.1046,54448948.144189
2026-07-26T20:00:00+00:00,1914.21,1967.36,1911.14,1954.72,59306.9088,115302944.890536
2026-07-27T00:00:00+00:00,1954.72,1955.42,1936.51,1949.64,34258.2056,66645251.541259
2026-07-27T04:00:00+00:00,1949.65,1981.24,1948.54,1964.36,69725.077,137044174.517423
2026-07-27T08:00:00+00:00,1964.37,1972,1956.87,1959.67,32315.8135,63477420.78172
2026-07-27T12:00:00+00:00,1959.67,1977.99,1919.09,1927.75,99494.5419,193781812.568466
2026-07-27T16:00:00+00:00,1927.74,1955.41,1922.65,1948.31,37420.9366,72633786.766492
2026-07-27T20:00:00+00:00,1948.32,1950.54,1882.49,1892.53,69236.9054,132530190.963395
2026-07-28T00:00:00+00:00,1892.53,1894.45,1866.31,1881.38,49994.7712,93967372.848415
2026-07-28T04:00:00+00:00,1881.37,1889.66,1876.48,1883.83,33258.9851,62649039.051836
2026-07-28T08:00:00+00:00,1883.84,1885.85,1872,1876.68,30340.5886,57023763.994646
2026-07-28T12:00:00+00:00,1876.69,1924.41,1856.88,1920.02,94750.9591,179069374.281921
2026-07-28T16:00:00+00:00,1920.02,1928.95,1892.71,1922.23,51764.2341,99019857.244445
2026-07-28T20:00:00+00:00,1922.24,1929.67,1904.06,1922.23,29115.6248,55839239.941337
2026-07-29T00:00:00+00:00,1922.22,1928.51,1891.17,1892.7,33714.362,64441106.318646
2026-07-29T04:00:00+00:00,1892.7,1925.68,1884.51,1924.71,38986.3337,74396844.871569
2026-07-29T08:00:00+00:00,1924.71,1925.35,1910,1915.26,29525.7793,56626357.926624
2026-07-29T12:00:00+00:00,1915.26,1915.27,1887.31,1892.11,63204.2808,120129701.001717
2026-07-29T16:00:00+00:00,1892.11,1935.68,1883.7,1888.56,84957.6996,162125039.597002
2026-07-29T20:00:00+00:00,1888.57,1913.17,1872,1910.72,48173.8886,91213959.97501
2026-07-30T00:00:00+00:00,1910.72,1921.92,1893.99,1909.99,32801.6055,62688624.09683
2026-07-30T04:00:00+00:00,1910,1910.93,1899.59,1903.25,29121.0648,55466800.588396
2026-07-30T08:00:00+00:00,1903.26,1926.44,1900.51,1923.22,28871.2305,55345520.105829
2026-07-30T12:00:00+00:00,1923.25,1936.99,1913.49,1918.9,41797.7412,80375524.998735
2026-07-30T16:00:00+00:00,1918.9,1929.34,1914.81,1923.68,22085.9616,42445238.582868
2026-07-30T20:00:00+00:00,1923.69,1936.79,1916,1918.31,21854.0782,42078053.326291
2026-07-31T00:00:00+00:00,1918.32,1936.15,1899.09,1908.9,38957.0846,74599836.758693
2026-07-31T04:00:00+00:00,1908.9,1911.16,1884.53,1890.2,28568.9525,54184628.012895
2026-07-31T08:00:00+00:00,1890.2,1893.33,1877.93,1884.26,35603.552,67185097.376898
2026-07-31T12:00:00+00:00,1884.27,1890.61,1848.7,1862.94,90384.1136,168679330.666989
2026-07-31T16:00:00+00:00,1862.93,1878.14,1860.83,1868.19,30789.9529,57502059.177436
2026-07-31T20:00:00+00:00,1868.19,1870.73,1858.8,1862.6,18601.1309,34669347.642427
2026-08-01T00:00:00+00:00,1862.6,1870,1862.38,1869.88,10623.0492,19829279.460203
2026-08-01T04:00:00+00:00,1869.88,1871.98,1865.34,1869.8,9060.1323,16935907.026054
2026-08-01T08:00:00+00:00,1869.81,1870.74,1863.1,1866.9,16655.0267,31092332.139798
2026-08-01T12:00:00+00:00,1866.9,1875.45,1866.89,1870.09,11065.9213,20702791.595859
2026-08-01T16:00:00+00:00,1870.1,1873.6,1822.06,1837.3,44182.6507,81472277.269977
2026-08-01T20:00:00+00:00,1837.29,1849.26,1833.07,1844.94,17300.2076,31859926.312703
2026-08-02T00:00:00+00:00,1844.95,1884.69,1843.67,1877.43,34093.4142,63673481.760143
2026-08-02T04:00:00+00:00,1877.44,1882.68,1875,1876.1,14739.7545,27685292.474877
2026-08-02T08:00:00+00:00,1876.1,1879,1849.5,1852.58,18008.2763,33578789.646367
2026-08-02T12:00:00+00:00,1852.65,1863.05,1852.41,1858.82,11578.9503,21501431.003862
2026-08-02T16:00:00+00:00,1858.82,1887.2,1856.03,1882.2,20887.7913,39157060.800109
2026-08-02T20:00:00+00:00,1882.2,1898.5,1876.39,1885.36,24346.8766,45973252.675972
2026-08-03T00:00:00+00:00,1885.36,1885.95,1851.05,1857.22,18147.86,33906452.497447
2026-08-03T04:00:00+00:00,1857.21,1863.14,1840,1843.97,27490.3091,50874908.22877
2026-08-03T08:00:00+00:00,1843.96,1854.46,1828.62,1839.89,35874.1709,66062743.751166
2026-08-03T12:00:00+00:00,1839.88,1874.35,1836.75,1863.34,50189.096,93247372.519904
2026-08-03T16:00:00+00:00,1863.34,1876.5,1861.68,1870.2,22864.1244,42748563.836684
2026-08-03T20:00:00+00:00,1870.2,1875.99,1852.45,1860.5,21041.4495,39236434.133828
2026-08-04T00:00:00+00:00,1860.5,1872.5,1848.38,1864.19,28858.3202,53665590.578406
2026-08-04T04:00:00+00:00,1864.2,1882.44,1853.54,1863.87,32818.8903,61192381.131987
2026-08-04T08:00:00+00:00,1863.88,1874.78,1853.48,1872.89,25509.3329,47527100.999299
2026-08-04T12:00:00+00:00,1872.88,1882,1858.72,1873.07,45183.7663,84518963.298178
2026-08-04T16:00:00+00:00,1873.08,1881.81,1865.65,1875.26,35711.2303,66931105.2972
2026-08-04T20:00:00+00:00,1875.26,1881.28,1866.17,1869.75,17173.0052,32173769.328115
2026-08-05T00:00:00+00:00,1869.74,1878,1861.34,1867.75,24714.244,46208715.264332
2026-08-05T04:00:00+00:00,1867.75,1877.69,1863.53,1872.2,30830.3471,57624625.53431
2026-08-05T08:00:00+00:00,1872.2,1876.06,1866.16,1868.92,25524.9464,47765473.359922
2026-08-05T12:00:00+00:00,1868.92,1885.29,1855.5,1873.91,59791.2603,112028344.630016
2026-08-05T16:00:00+00:00,1873.91,1928,1873.4,1917.03,74497.6757,142034905.049845
2026-08-05T20:00:00+00:00,1917.02,1924.56,1904.34,1908.9,22971.8534,43944209.213531
2026-08-06T00:00:00+00:00,1908.91,1914.02,1895.1,1899.03,25020.7657,47630152.41323
2026-08-06T04:00:00+00:00,1899.04,1918.7,1895.73,1909.33,24898.2449,47556383.873277
2026-08-06T08:00:00+00:00,1909.33,1920.51,1897,1907.77,29967.732,57205179.569922
2026-08-06T12:00:00+00:00,1907.77,1919.68,1892.04,1910.69,52988.6573,101071314.429556
2026-08-06T16:00:00+00:00,1910.7,1918.47,1903.08,1910.06,31420.4318,60018240.019852
2026-08-06T20:00:00+00:00,1910.07,1910.85,1898.94,1904.1,13233.8818,25217015.920247
2026-08-07T00:00:00+00:00,1904.1,1908.61,1896.16,1897.43,18311.79,34832750.755252
2026-08-07T04:00:00+00:00,1897.43,1907.58,1894.35,1902.36,20808.7949,39566329.191578
2026-08-07T08:00:00+00:00,1902.35,1921,1901.91,1916.33,52531.1399,100501238.781069
2026-08-07T12:00:00+00:00,1916.33,1943.02,1910.53,1917.88,71735.7862,138144154.990794
2026-08-07T16:00:00+00:00,1917.87,1925,1905.4,1918.85,31875.2905,60998280.617499
2026-08-07T20:00:00+00:00,1918.84,1922.81,1912.72,1914.18,15013.7275,28770985.671392
2026-08-08T00:00:00+00:00,1914.19,1919.02,1912.27,1918.08,9031.6185,17293605.202501
2026-08-08T04:00:00+00:00,1918.09,1919.58,1914,1915.11,6631.8429,12711790.341542
2026-08-08T08:00:00+00:00,1915.11,1923.57,1914.58,1920.99,9718.3909,18655110.813172
2026-08-08T12:00:00+00:00,1920.99,1926.72,1918.61,1922.62,12362.8962,23760421.598669
2026-08-08T16:00:00+00:00,1922.63,1926.45,1919.67,1920.41,10727.5528,20623665.792354
2026-08-08T20:00:00+00:00,1920.41,1922.73,1914.69,1916.74,8400.0918,16122544.546207
2026-08-09T00:00:00+00:00,1916.75,1920.21,1912.36,1914.04,8345.453,15989496.840068
2026-08-09T04:00:00+00:00,1914.04,1919.79,1912.83,1918.97,12115.5126,23218818.191884
2026-08-09T08:00:00+00:00,1918.97,1925,1913.39,1919.23,13796.1907,26474574.238793
2026-08-09T12:00:00+00:00,1919.23,1927.36,1916.51,1926.56,15481.1061,29778267.627061
2026-08-09T16:00:00+00:00,1926.57,1926.95,1920.15,1922.04,7930.0424,15252358.527552
2026-08-09T20:00:00+00:00,1922.04,1938.22,1907.56,1910.65,30187.0205,57994978.994401
2026-08-10T00:00:00+00:00,1910.65,1931.57,1906.17,1917.44,31514.3795,60453021.250594
2026-08-10T04:00:00+00:00,1917.44,1930.84,1912.6,1925.26,26021.2411,50045409.880406
2026-08-10T08:00:00+00:00,1925.26,1929.74,1914.68,1920.42,20574.1569,39517042.290716
2026-08-10T12:00:00+00:00,1920.42,1923.34,1871.37,1877,72727.0989,137805156.799702
2026-08-10T16:00:00+00:00,1876.99,1880.47,1867.96,1878.51,41521.4818,77822006.093602
2026-08-10T20:00:00+00:00,1878.52,1881.31,1870.12,1873.16,17450.6639,32731982.488079
2026-08-11T00:00:00+00:00,1873.16,1881.78,1871,1881.03,19177.0692,35996365.984435
2026-08-11T04:00:00+00:00,1881.02,1882.18,1870.29,1877.95,28590.5126,53612628.336899
2026-08-11T08:00:00+00:00,1877.95,1895.6,1875.75,1892.97,33281.4942,62706287.639738
2026-08-11T12:00:00+00:00,1892.96,1897.8,1853.62,1862.74,55998.9156,105138422.367793
2026-08-11T16:00:00+00:00,1862.75,1884.83,1859.78,1881.9,32745.3142,61138160.799156
2026-08-11T20:00:00+00:00,1881.9,1887.64,1878.92,1882.59,23507.2108,44251638.809868
2026-08-12T00:00:00+00:00,1882.58,1887.91,1880.65,1886.62,14610.5113,27526971.003589
2026-08-12T04:00:00+00:00,1886.63,1893.37,1885.38,1891.69,18465.3367,34887735.737548
2026-08-12T08:00:00+00:00,1891.7,1915.99,1890,1915.57,37910.3654,72258928.726657
2026-08-12T12:00:00+00:00,1915.58,1925,1884.54,1892.75,57450.0197,109379555.745029
2026-08-12T16:00:00+00:00,1892.75,1895.77,1877.98,1879.38,21607.7313,40782341.372692
2026-08-12T20:00:00+00:00,1879.37,1889.47,1873.29,1879.81,21212.0331,39887190.955583
2026-08-13T00:00:00+00:00,1879.8,1888.89,1873.17,1887.52,25035.367,47081650.88176
2026-08-13T04:00:00+00:00,1887.52,1900,1885.46,1895.57,19776.3548,37478423.896904
2026-08-13T08:00:00+00:00,1895.57,1897,1875.49,1880.39,29407.9344,55456551.829769
2026-08-13T12:00:00+00:00,1880.4,1897.36,1879.17,1880.01,32932.5387,62252518.351921
2026-08-13T16:00:00+00:00,1880.01,1892.73,1863.67,1887.41,36684.7871,68887909.757381
2026-08-13T20:00:00+00:00,1887.41,1893.03,1884.6,1886.15,10303.6488,19454239.955537
2026-08-14T00:00:00+00:00,1886.16,1891.3,1882.44,1883,11962.548,22572695.319477
2026-08-14T04:00:00+00:00,1883,1887.87,1872.28,1873.4,17126.1709,32175421.368296
2026-08-14T08:00:00+00:00,1873.4,1881.19,1869.32,1878.2,20502.692,38446962.265147
2026-08-14T12:00:00+00:00,1878.2,1884.71,1864.28,1881.56,31025.9906,58112694.481263
2026-08-14T16:00:00+00:00,1881.56,1888.42,1873.7,1880.89,19452.3476,36585068.358942
2026-08-14T20:00:00+00:00,1880.89,1882.67,1876.1,1882.2,8054.0243,15137845.670834
2026-08-15T00:00:00+00:00,1882.2,1886.59,1881.12,1882.68,7143.5623,13457791.020148
2026-08-15T04:00:00+00:00,1882.69,1885.69,1880,1880.4,7045.5038,13260653.231523
2026-08-15T08:00:00+00:00,1880.4,1881.69,1876.01,1879.49,8109.1911,15240463.677746
2026-08-15T12:00:00+00:00,1879.49,1885.83,1878.19,1884.91,10373.705,19533370.032693
2026-08-15T16:00:00+00:00,1884.92,1886.58,1882.59,1884.55,8229.5427,15507582.450546
2026-08-15T20:00:00+00:00,1884.55,1885.8,1881.98,1882.64,7295.586,13746382.809163
2026-08-16T00:00:00+00:00,1882.64,1885,1877.01,1883.3,8896.8635,16745876.276271
2026-08-16T04:00:00+00:00,1883.31,1884.56,1879,1881.54,6328.3527,11903447.578809
2026-08-16T08:00:00+00:00,1881.54,1882.52,1879.27,1880.94,7717.5866,14515859.400908
2026-08-16T12:00:00+00:00,1880.94,1885,1879.32,1884.06,9132.2267,17194043.813509
2026-08-16T16:00:00+00:00,1884.06,1892.31,1882.63,1885.83,14912.3864,28146184.506166
2026-08-16T20:00:00+00:00,1885.83,1887.58,1869.17,1876,21587.0072,40510450.35534
2026-08-17T00:00:00+00:00,1876.01,1908.62,1872.46,1900.92,42197.3667,79931407.901019
2026-08-17T04:00:00+00:00,1900.93,1912.6,1897.13,1900.93,30157.1868,57415991.798935
2026-08-17T08:00:00+00:00,1900.93,1909.49,1891.57,1904.46,23188.28,44049503.361459
2026-08-17T12:00:00+00:00,1904.46,1915.5,1896.28,1913.22,39771.8373,75794265.12366
2026-08-17T16:00:00+00:00,1913.22,1914.19,1904.59,1907.25,23753.5267,45344967.243363
2026-08-17T20:00:00+00:00,1907.24,1918.71,1903.59,1913.6,16659.0896,31811728.604936
2026-08-18T00:00:00+00:00,1913.59,1914.38,1885.78,1894.69,27769.4927,52706771.157688
2026-08-18T04:00:00+00:00,1894.68,1906.94,1891.53,1898.84,19553.7453,37117512.077172
2026-08-18T08:00:00+00:00,1898.83,1905.65,1893.8,1903.11,18879.4821,35849366.842787
2026-08-18T12:00:00+00:00,1903.12,1923.27,1894,1917.7,42642.8623,81475553.420661
2026-08-18T16:00:00+00:00,1917.71,1922.3,1910.81,1913.28,20637.1712,39538242.605256
2026-08-18T20:00:00+00:00,1913.28,1920.1,1910.87,1917.85,14954.1548,28630825.027226
2026-08-19T00:00:00+00:00,1917.85,1919.15,1906.19,1912.15,22296.4246,42648897.717523
2026-08-19T04:00:00+00:00,1912.15,1921.32,1906,1916.01,24670.0179,47226795.151042
2026-08-19T08:00:00+00:00,1916.01,1929.94,1915.32,1923.06,23850.5924,45845053.825589
2026-08-19T12:00:00+00:00,1923.06,2115,1922.05,2085.83,300802.4681,605212208.433768
2026-08-19T16:00:00+00:00,2085.83,2108,2067.43,2102.02,141388.9217,295655451.670076
2026-08-19T20:00:00+00:00,2102.02,2333.65,2102.02,2252.8,286544.92,642825325.076305
2026-08-20T00:00:00+00:00,2252.81,2274.25,2221.54,2251.21,108149.0214,243602331.013792
2026-08-20T04:00:00+00:00,2251.21,2267.3,2238.97,2251.81,74167.2094,167058938.700793
2026-08-20T08:00:00+00:00,2251.81,2320,2249.19,2296.58,148486.0702,339842076.821834
2026-08-20T12:00:00+00:00,2296.59,2337.89,2255.68,2326.41,139238.0199,319199555.356713
2026-08-20T16:00:00+00:00,2326.4,2360,2310.44,2323.77,139596.2158,325515321.011872
2026-08-20T20:00:00+00:00,2323.78,2340,2306.67,2326.82,38984.1861,90470894.116433
2026-08-21T00:00:00+00:00,2326.83,2380.82,2324.99,2341.04,95789.5197,225333531.62713
2026-08-21T04:00:00+00:00,2341.05,2398.71,2341.05,2371.66,91308.1763,216531611.332784
2026-08-21T08:00:00+00:00,2371.67,2447.98,2357.18,2370.47,173846.0211,417464093.796605
2026-08-21T12:00:00+00:00,2370.48,2408.55,2365.44,2393.65,118459.1248,282984303.505544
2026-08-21T16:00:00+00:00,2393.64,2432.35,2384,2413.55,99585.7922,240126291.432467
2026-08-21T20:00:00+00:00,2413.54,2546.78,2408.86,2516.3,161674.2805,404145044.593269
2026-08-22T00:00:00+00:00,2516.31,2528.58,2491.11,2515.06,86371.1989,217146591.671543
2026-08-22T04:00:00+00:00,2515.06,2529.99,2385,2433.31,181602.88,444602747.309494
2026-08-22T08:00:00+00:00,2433.32,2441.1,2389.45,2423.93,80716.6649,195024308.627177
2026-08-22T12:00:00+00:00,2423.92,2437.76,2405.62,2410.9,52975.6642,128335623.597646
2026-08-22T16:00:00+00:00,2410.89,2444.71,2409,2439.41,37804.4339,91774811.801335
2026-08-22T20:00:00+00:00,2439.41,2443.72,2403.47,2422.6,45694.0482,110612488.726276
2026-08-23T00:00:00+00:00,2422.6,2435.53,2408,2413.98,34265.1013,83015375.410514
2026-08-23T04:00:00+00:00,2413.98,2417.02,2355.71,2389.02,76854.6755,183348315.311039
2026-08-23T08:00:00+00:00,2389.01,2438.31,2386.96,2433.68,52155.9669,126019110.099471
2026-08-23T12:00:00+00:00,2433.67,2484.06,2389.85,2438.62,107861.6175,263542437.620367
2026-08-23T16:00:00+00:00,2438.61,2459.22,2432.81,2444.96,38550.1826,94266335.630249
2026-08-23T20:00:00+00:00,2444.95,2484.62,2436.41,2463.41,69159.6584,170203261.578887
2026-08-24T00:00:00+00:00,2463.42,2466.98,2424.73,2430.64,54304.5378,132730644.434916
2026-08-24T04:00:00+00:00,2430.65,2474.09,2428.11,2454.64,59744.6572,146395231.059373
2026-08-24T08:00:00+00:00,2454.67,2509,2436.41,2494.18,85019.4974,210056239.856599
2026-08-24T12:00:00+00:00,2494.18,2532.95,2474.5,2487.99,153405.943,384422276.855439
2026-08-24T16:00:00+00:00,2487.99,2506,2455,2471.4,87122.0244,215841737.273607
2026-08-24T20:00:00+00:00,2471.48,2489.67,2465.46,2482.31,27838.527,69004495.907418
2026-08-25T00:00:00+00:00,2482.31,2532.5,2472.18,2499.29,76445.2715,191419904.79878
2026-08-25T04:00:00+00:00,2499.3,2515.43,2464.41,2478.94,51481.8622,128499845.057502
2026-08-25T08:00:00+00:00,2478.94,2498,2462.81,2477.91,44061.7462,109334010.536263
2026-08-25T12:00:00+00:00,2477.9,2484,2440,2482.88,77139.2453,190405583.850323
2026-08-25T16:00:00+00:00,2482.89,2485.6,2455.54,2463.42,42815.2812,105666476.121323
2026-08-25T20:00:00+00:00,2463.42,2464.24,2414.64,2442.64,49445.5546,120669730.749629
2026-08-26T00:00:00+00:00,2442.65,2469.82,2435.81,2465.57,24352.4743,59775138.891536
2026-08-26T04:00:00+00:00,2465.56,2472.86,2451.49,2461.78,28799.394,70921679.053244
2026-08-26T08:00:00+00:00,2461.78,2475.61,2442.76,2463.09,39351.7341,96810386.33762
2026-08-26T12:00:00+00:00,2463.09,2472.05,2432.32,2449.85,59145.7063,144939890.541464
2026-08-26T16:00:00+00:00,2449.85,2483.52,2438.1,2470.79,41493.2285,102214742.065156
2026-08-26T20:00:00+00:00,2470.79,2515.38,2460.29,2506.78,57440.7335,143175342.098209
2026-08-27T00:00:00+00:00,2506.78,2510.64,2487.03,2492.89,32845.2518,82050223.775527
2026-08-27T04:00:00+00:00,2492.89,2499,2481.74,2497.16,23675.7457,58960583.254117
2026-08-27T08:00:00+00:00,2497.17,2566.53,2486.97,2501.73,112822.7152,284905757.17379
2026-08-27T12:00:00+00:00,2501.74,2531.84,2482.54,2521.68,73969.8404,185545606.303075
2026-08-27T16:00:00+00:00,2521.68,2533.78,2488.74,2498.21,67682.1421,169988285.091393
2026-08-27T20:00:00+00:00,2498.22,2516.98,2495.06,2510.94,25918.3648,65020386.863564
2026-08-28T00:00:00+00:00,2510.94,2535.05,2486.09,2489.92,41365.0938,103749904.442546
2026-08-28T04:00:00+00:00,2489.91,2505.37,2477.49,2496.48,31145.2785,77673943.876313
2026-08-28T08:00:00+00:00,2496.47,2511.51,2482.17,2505.1,34960.3259,87270866.174143
2026-08-28T12:00:00+00:00,2505.1,2526.64,2468,2471.89,105432.4962,263358722.964214
2026-08-28T16:00:00+00:00,2471.89,2473.95,2405.97,2435.69,122726,299192383.884804
2026-08-28T20:00:00+00:00,2435.68,2445,2422.36,2442.8,25453.2728,61952429.225927
2026-08-29T00:00:00+00:00,2442.79,2448.05,2434.56,2435.23,16909.3598,41286774.782556
2026-08-29T04:00:00+00:00,2435.24,2442.03,2430.45,2436.41,14108.967,34386778.241581
2026-08-29T08:00:00+00:00,2436.4,2438.5,2431.2,2435.87,12520.7121,30487619.664736
2026-08-29T12:00:00+00:00,2435.88,2452.64,2432.42,2444.76,20080.5261,49003733.199064
2026-08-29T16:00:00+00:00,2444.75,2458.9,2444.52,2453.51,29252.5713,71729885.392359
2026-08-29T20:00:00+00:00,2453.51,2459.76,2449.08,2457.67,10651.7892,26136420.38765
2026-08-30T00:00:00+00:00,2457.67,2467.93,2453.08,2457.15,16603.2389,40821307.692006
2026-08-30T04:00:00+00:00,2457.14,2461.52,2451.55,2455.28,16801.9985,41274800.849056
2026-08-30T08:00:00+00:00,2455.28,2461.81,2451.79,2460.41,14786.4537,36332641.207972
2026-08-30T12:00:00+00:00,2460.42,2484,2458.73,2481.11,43986.325,108751707.791636
2026-08-30T16:00:00+00:00,2481.11,2534.98,2479.28,2503.83,71498.1377,179659754.248131
2026-08-30T20:00:00+00:00,2503.82,2508.6,2387.28,2416.88,104621.7965,255809625.99733
2026-08-31T00:00:00+00:00,2416.89,2441.9,2401.35,2420.94,54980.0399,133074577.612021
2026-08-31T04:00:00+00:00,2420.94,2446.6,2411.34,2440.38,37358.2116,90841774.1895
2026-08-31T08:00:00+00:00,2440.38,2458.02,2433.56,2446.35,39700.1828,97182650.633103
2026-08-31T12:00:00+00:00,2446.36,2478.09,2437.05,2467.68,66643.6066,163761969.322297
2026-08-31T16:00:00+00:00,2467.68,2489.95,2461.26,2481.84,46692.0355,115582364.251463
2026-08-31T20:00:00+00:00,2481.84,2487,2462,2467.65,19847.7781,49095503.12359
2026-09-01T00:00:00+00:00,2467.64,2482.8,2454.66,2472.21,29497.0503,72809210.577637
2026-09-01T04:00:00+00:00,2472.21,2485.5,2466.57,2472.72,27245.2378,67452453.642454
2026-09-01T08:00:00+00:00,2472.72,2473.62,2443.44,2459.18,45459.2336,111567867.01434
2026-09-01T12:00:00+00:00,2459.18,2459.32,2426.58,2448.97,60562.4393,148090459.224887
2026-09-01T16:00:00+00:00,2448.97,2449.6,2383.34,2419.18,75337.8246,182016113.396285
2026-09-01T20:00:00+00:00,2419.19,2427.15,2400.42,2418.57,38485.8968,92914640.857912
2026-09-02T00:00:00+00:00,2418.58,2424.3,2386.74,2414.42,43639.1716,105088931.741863
2026-09-02T04:00:00+00:00,2414.42,2429,2405.44,2417.9,29071.5286,70314904.326769
2026-09-02T08:00:00+00:00,2417.9,2420.64,2356.41,2381.88,80384.9682,191409108.047458
2026-09-02T12:00:00+00:00,2381.87,2419.72,2377.21,2390.98,69945.3728,167467997.315929
2026-09-02T16:00:00+00:00,2390.98,2404.8,2372.55,2392.99,39284.0901,93878301.075531
2026-09-02T20:00:00+00:00,2393,2399.74,2377.77,2391.92,23284.515,55618804.50951
2026-09-03T00:00:00+00:00,2391.91,2410.94,2370.14,2403.3,35691.9837,85433346.036377
2026-09-03T04:00:00+00:00,2403.29,2419.33,2379.41,2398.68,40527.8213,97411496.154488
2026-09-03T08:00:00+00:00,2398.68,2413.04,2390,2407.2,36726.3406,88190689.642138
2026-09-03T12:00:00+00:00,2407.2,2517.17,2405.09,2516.58,129908.0326,319590472.296229
2026-09-03T16:00:00+00:00,2516.58,2529.84,2488.38,2518.18,66639.7675,167003467.65278
2026-09-03T20:00:00+00:00,2518.18,2526.19,2490.13,2507.51,41653.3552,104425532.460433
2026-09-04T00:00:00+00:00,2507.5,2517.2,2497.05,2505.14,35795.4686,89715956.642024
2026-09-04T04:00:00+00:00,2505.14,2525,2500.19,2504.39,51451.616,129177813.525011
2026-09-04T08:00:00+00:00,2504.39,2546.66,2503.4,2523.02,79747.8369,201403498.329929
2026-09-04T12:00:00+00:00,2523.03,2532.21,2431.61,2451.98,177564.8812,436615629.10662
2026-09-04T16:00:00+00:00,2451.98,2464.49,2443.04,2455.84,48944.0244,120058938.388465
2026-09-04T20:00:00+00:00,2455.85,2458.91,2449.81,2455.85,18763.9316,46041748.904568
2026-09-05T00:00:00+00:00,2455.86,2456.58,2450.12,2452.49,13304.8356,32642196.164837
2026-09-05T04:00:00+00:00,2452.5,2459.33,2444.47,2457.53,18419.0072,45165023.584021
2026-09-05T08:00:00+00:00,2457.53,2460.28,2453,2453.67,17069.4727,41927396.332891
2026-09-05T12:00:00+00:00,2453.67,2462,2450,2460,25028.163,61505999.13136
2026-09-05T16:00:00+00:00,2459.99,2485.34,2458.89,2477.57,35586.9649,88043609.267262
2026-09-05T20:00:00+00:00,2477.57,2493.57,2475,2480.34,20688.1187,51355101.405035
2026-09-06T00:00:00+00:00,2480.33,2514.55,2479.27,2509.68,44380.0774,110969952.948328
2026-09-06T04:00:00+00:00,2509.68,2523.97,2482.6,2496.79,38156.3716,95569275.40605
2026-09-06T08:00:00+00:00,2496.8,2504.25,2491.95,2501.93,20195.7305,50473444.111034
2026-09-06T12:00:00+00:00,2501.94,2504.99,2460.92,2479.79,43829.4949,108903148.097423
2026-09-06T16:00:00+00:00,2479.78,2500,2475.26,2490.42,27209.246,67745733.548542
2026-09-06T20:00:00+00:00,2490.42,2526.2,2488.55,2514.48,43919.1639,110080662.39386
2026-09-07T00:00:00+00:00,2514.48,2536.64,2496.72,2497.43,49178.8393,123547662.864075
2026-09-07T04:00:00+00:00,2497.43,2514.03,2475.12,2489.35,51301.3666,128089742.719262
2026-09-07T08:00:00+00:00,2489.34,2497.46,2484.42,2489.15,36119.4554,89958105.716601
2026-09-07T12:00:00+00:00,2489.16,2511.4,2466,2470.43,57247.5813,142380937.727902
2026-09-07T16:00:00+00:00,2470.44,2499.4,2470.3,2495.98,33888.3651,84303339.601852
2026-09-07T20:00:00+00:00,2495.98,2497.3,2475.31,2490.16,28712.5753,71484499.326519
2026-09-08T00:00:00+00:00,2490.16,2507.99,2478,2486.04,31217.9868,77801305.660387
2026-09-08T04:00:00+00:00,2486.05,2486.33,2463,2479.63,44364.2414,109808141.202819
2026-09-08T08:00:00+00:00,2479.63,2500,2469.08,2474.76,38212.6728,94881750.936807
2026-09-08T12:00:00+00:00,2474.75,2501.74,2441.68,2498.62,68203.2373,168529655.703538
2026-09-08T16:00:00+00:00,2498.62,2507.54,2476.57,2482.32,45833.8733,114212826.965046
2026-09-08T20:00:00+00:00,2482.31,2491.67,2478.79,2485.06,16590.1156,41225917.741243
2026-09-09T00:00:00+00:00,2485.07,2500,2485.07,2488.9,21148.9469,52725924.63111
2026-09-09T04:00:00+00:00,2488.91,2517,2488.91,2510.53,52380.0437,131247298.552231
2026-09-09T08:00:00+00:00,2510.53,2523.3,2482.5,2501,56279.0755,140798941.962396
2026-09-09T12:00:00+00:00,2501.01,2521.48,2470.57,2490.26,82898.6501,207193484.771467
2026-09-09T16:00:00+00:00,2490.26,2499.74,2462.52,2465.49,37227.9389,92484164.892013
2026-09-09T20:00:00+00:00,2465.49,2472.72,2442.44,2468.13,51811.215,127392768.99571
2026-09-10T00:00:00+00:00,2468.14,2479.29,2455.17,2475.41,30073.1355,74225464.413216
2026-09-10T04:00:00+00:00,2475.4,2484.76,2464.11,2472.97,24053.4991,59538456.477463
2026-09-10T08:00:00+00:00,2472.96,2478,2458.23,2462.21,30926.3378,76340048.825865
2026-09-10T12:00:00+00:00,2462.21,2466.75,2405.85,2441.54,167970.4117,408388262.537782
2026-09-10T16:00:00+00:00,2441.54,2475.03,2432.91,2462.54,69435.9141,170571741.636424
2026-09-10T20:00:00+00:00,2462.55,2469.12,2435,2438.27,24974.9141,61270388.898198
2026-09-11T00:00:00+00:00,2438.27,2460.29,2437.73,2447.27,38130.2636,93378916.015983
2026-09-11T04:00:00+00:00,2447.27,2473.52,2446.24,2467.52,44438.7736,109431407.378426
2026-09-11T08:00:00+00:00,2467.53,2484.62,2452.56,2458.27,36210.8607,89386951.965143
2026-09-11T12:00:00+00:00,2458.27,2665.99,2433.77,2559.42,380386.0521,975750671.942251
2026-09-11T16:00:00+00:00,2559.43,2583.86,2529,2539.49,93181.0589,238331546.158746
2026-09-11T20:00:00+00:00,2539.49,2547.95,2506.3,2516.43,47254.9239,119224963.429095
2026-09-12T00:00:00+00:00,2516.44,2517.74,2509.4,2513.29,19760.9044,49681579.554762
2026-09-12T04:00:00+00:00,2513.29,2525.39,2508.64,2524.19,28458.2072,71623015.300413
2026-09-12T08:00:00+00:00,2524.19,2537.67,2523.24,2536.17,24193.7521,61278416.882829
2026-09-12T12:00:00+00:00,2536.17,2546.01,2532,2535.08,37028.9069,94029321.032134
2026-09-12T16:00:00+00:00,2535.09,2536.45,2515.16,2519.63,34601.7733,87428832.537443
2026-09-12T20:00:00+00:00,2519.62,2529.2,2519.62,2525.93,15874.7819,40059881.559526
2026-09-13T00:00:00+00:00,2525.92,2527.56,2519.08,2520.82,13718.7443,34617708.772295
2026-09-13T04:00:00+00:00,2520.81,2524.05,2509.63,2517.94,17863.5601,45001182.744465
2026-09-13T08:00:00+00:00,2517.94,2519.68,2467.5,2481.05,63243.696,157187191.990188
2026-09-13T12:00:00+00:00,2481.06,2495.68,2462.02,2491.1,43856.1318,108879405.200161
2026-09-13T16:00:00+00:00,2491.1,2515.36,2490.8,2506.02,48009.6456,120276531.870869
2026-09-13T20:00:00+00:00,2506.03,2516.58,2470.68,2477.1,29778.8905,74111926.397564
2026-09-14T00:00:00+00:00,2477.1,2520,2464.71,2512.96,39573.9683,98787580.037203
2026-09-14T04:00:00+00:00,2512.96,2527.12,2508.12,2523.47,39824.5936,100315745.227524
