timestamp,open,high,low,close,volume,quote_volume
2026-01-07T08:00:00+00:00,139.3,139.73,136.46,137.85,1636697.7,225706911.857
2026-01-07T12:00:00+00:00,137.85,138.45,135.13,135.59,2453551.7,335666552.34
2026-01-07T16:00:00+00:00,135.59,136.57,134.33,135.66,1527098.5,206820671.683
2026-01-07T20:00:00+00:00,135.66,137.01,134.9,136.32,878870.9,119533841.608
2026-01-08T00:00:00+00:00,136.32,138.23,135.9,136.66,1301059.1,178483887.253
2026-01-08T04:00:00+00:00,136.66,138.29,133.69,135.8,2188711.9,297451548.105
2026-01-08T08:00:00+00:00,135.8,136.14,133.8,134.72,1262035.3,170139639.647
2026-01-08T12:00:00+00:00,134.72,136.46,132.67,136.32,2718110.2,364829092.339
2026-01-08T16:00:00+00:00,136.32,139.0,136.16,137.47,2285558.7,314642012.992
2026-01-08T20:00:00+00:00,137.47,140.03,136.44,138.26,1512726.0,209366040.314
2026-01-09T00:00:00+00:00,138.26,141.11,137.63,140.74,1610823.6,224168140.567
2026-01-09T04:00:00+00:00,140.74,141.0,139.38,139.49,1045739.3,146462387.377
2026-01-09T08:00:00+00:00,139.49,139.64,136.98,138.2,1842828.5,254993464.227
2026-01-09T12:00:00+00:00,138.2,140.89,136.07,138.78,3402865.9,470631193.092
2026-01-09T16:00:00+00:00,138.78,140.21,135.33,135.7,2426417.3,334039512.671
2026-01-09T20:00:00+00:00,135.7,136.36,134.87,135.91,998569.6,135472624.093
2026-01-10T00:00:00+00:00,135.91,136.69,135.59,136.08,588751.4,80169127.928
2026-01-10T04:00:00+00:00,136.08,136.29,135.66,136.04,329468.5,44790128.172
2026-01-10T08:00:00+00:00,136.04,137.04,135.94,136.55,503926.5,68807354.131
2026-01-10T12:00:00+00:00,136.55,137.0,135.97,136.39,452994.3,61783016.555
2026-01-10T16:00:00+00:00,136.39,136.66,135.81,136.18,442545.0,60280988.491
2026-01-10T20:00:00+00:00,136.18,136.22,135.2,135.77,527349.8,71554532.672
2026-01-11T00:00:00+00:00,135.77,136.4,135.67,136.2,346509.6,47162160.764
2026-01-11T04:00:00+00:00,136.2,136.36,135.79,136.11,298762.7,40660258.777
2026-01-11T08:00:00+00:00,136.11,136.82,136.01,136.5,373006.8,50925903.84
2026-01-11T12:00:00+00:00,136.5,139.51,136.44,138.39,1631229.1,225262840.991
2026-01-11T16:00:00+00:00,138.39,141.56,138.39,139.37,2077358.5,290680094.345
2026-01-11T20:00:00+00:00,139.37,139.69,137.44,139.61,1758301.6,243563567.598
2026-01-12T00:00:00+00:00,139.61,144.32,138.82,142.45,3403885.7,482177512.28
2026-01-12T04:00:00+00:00,142.45,143.24,141.29,141.34,1296512.4,184453487.992
2026-01-12T08:00:00+00:00,141.34,141.99,138.93,139.9,2387508.3,334279154.934
2026-01-12T12:00:00+00:00,139.9,142.72,138.59,142.56,2579755.8,362532525.696
2026-01-12T16:00:00+00:00,142.56,144.25,140.5,140.93,3940815.6,560392560.021
2026-01-12T20:00:00+00:00,140.93,141.81,138.22,139.12,2131118.7,297648292.194
2026-01-13T00:00:00+00:00,139.12,139.48,137.75,138.67,1204455.7,167070075.026
2026-01-13T04:00:00+00:00,138.67,140.71,138.3,139.9,1639064.8,229331335.615
2026-01-13T08:00:00+00:00,139.9,143.08,139.89,141.83,2011364.8,285262594.097
2026-01-13T12:00:00+00:00,141.83,143.79,140.89,143.44,3747219.0,533499787.152
2026-01-13T16:00:00+00:00,143.44,144.55,142.37,144.16,2201680.4,315882253.841
2026-01-13T20:00:00+00:00,144.16,148.95,142.97,145.46,4252912.0,620623606.475
2026-01-14T00:00:00+00:00,145.46,146.74,144.3,146.21,1908746.3,277782716.852
2026-01-14T04:00:00+00:00,146.21,146.38,143.8,144.8,1293949.7,187255166.308
2026-01-14T08:00:00+00:00,144.8,145.69,143.43,143.67,988057.6,142867401.545
2026-01-14T12:00:00+00:00,143.67,147.5,143.22,146.99,2821471.8,411882743.724
2026-01-14T16:00:00+00:00,146.99,148.4,145.17,146.71,2374629.4,348868215.219
2026-01-14T20:00:00+00:00,146.71,147.7,145.72,146.62,1244913.7,182703403.437
2026-01-15T00:00:00+00:00,146.62,146.64,143.11,143.41,1562653.0,225993925.758
2026-01-15T04:00:00+00:00,143.41,145.22,143.2,144.93,897129.6,129488021.74
2026-01-15T08:00:00+00:00,144.93,145.96,143.92,144.78,977148.4,141764842.475
2026-01-15T12:00:00+00:00,144.78,145.59,141.65,143.37,2621854.8,376535389.436
2026-01-15T16:00:00+00:00,143.37,144.18,140.81,141.44,2067290.3,294672782.518
2026-01-15T20:00:00+00:00,141.44,142.6,140.94,142.34,614128.2,87088569.31
2026-01-16T00:00:00+00:00,142.34,142.77,141.6,141.85,455018.0,64697408.843
2026-01-16T04:00:00+00:00,141.85,143.73,141.39,142.88,1043242.4,148747142.752
2026-01-16T08:00:00+00:00,142.88,143.48,142.61,143.03,719633.1,102929560.87
2026-01-16T12:00:00+00:00,143.03,143.77,140.14,140.69,2167272.4,308201922.079
2026-01-16T16:00:00+00:00,140.69,144.48,140.55,144.12,1742736.8,248809083.459
2026-01-16T20:00:00+00:00,144.12,145.56,143.4,144.86,1275666.1,184654563.828
2026-01-17T00:00:00+00:00,144.86,144.95,144.15,144.3,371364.6,53646189.977
2026-01-17T04:00:00+00:00,144.3,144.44,143.54,143.56,320025.9,46064491.207
2026-01-17T08:00:00+00:00,143.56,144.59,143.25,143.92,613449.5,88293956.24
2026-01-17T12:00:00+00:00,143.92,144.24,143.5,144.23,555391.9,79871342.77
2026-01-17T16:00:00+00:00,144.23,144.45,143.45,144.18,508511.8,73205518.372
2026-01-17T20:00:00+00:00,144.18,144.52,143.41,143.63,349536.1,50305797.903
2026-01-18T00:00:00+00:00,143.63,143.92,141.86,142.75,1170789.4,167034003.778
2026-01-18T04:00:00+00:00,142.75,142.96,141.98,142.05,444102.3,63301067.041
2026-01-18T08:00:00+00:00,142.05,142.6,141.87,142.34,372378.7,52970715.853
2026-01-18T12:00:00+00:00,142.34,142.71,141.41,141.93,620268.7,88151713.774
2026-01-18T16:00:00+00:00,141.93,143.18,141.67,142.19,620697.3,88387553.407
2026-01-18T20:00:00+00:00,142.19,142.95,137.69,137.82,1973644.1,276547733.784
2026-01-19T00:00:00+00:00,137.82,137.82,129.69,133.83,5892678.1,787397890.081
2026-01-19T04:00:00+00:00,133.83,133.98,132.63,133.4,789336.4,105268510.442
2026-01-19T08:00:00+00:00,133.4,134.32,133.2,134.04,680331.4,90994483.728
2026-01-19T12:00:00+00:00,134.04,134.16,133.2,133.46,622067.2,83157082.704
2026-01-19T16:00:00+00:00,133.46,134.65,133.4,134.39,620268.6,83208415.726
2026-01-19T20:00:00+00:00,134.39,135.12,132.67,133.37,995352.3,133153081.524
2026-01-20T00:00:00+00:00,133.37,134.62,133.0,134.21,878467.8,117517774.297
2026-01-20T04:00:00+00:00,134.21,134.22,130.5,130.56,2081953.3,274993139.5
2026-01-20T08:00:00+00:00,130.56,130.76,128.29,128.72,2082971.2,269190574.293
2026-01-20T12:00:00+00:00,128.72,129.7,127.17,127.8,2491129.7,319812746.447
2026-01-20T16:00:00+00:00,127.8,128.52,126.22,127.18,1905034.0,242159270.489
2026-01-20T20:00:00+00:00,127.18,128.02,124.37,125.74,1754288.0,221484530.879
2026-01-21T00:00:00+00:00,125.74,127.79,125.68,127.54,941947.9,119734686.919
2026-01-21T04:00:00+00:00,127.54,128.69,127.35,127.54,761591.4,97524814.945
2026-01-21T08:00:00+00:00,127.54,128.15,126.73,126.89,894286.2,113951453.344
2026-01-21T12:00:00+00:00,126.89,131.13,126.1,130.36,3068364.8,394822696.573
2026-01-21T16:00:00+00:00,130.36,131.64,125.16,131.48,3922821.3,502322642.562
2026-01-21T20:00:00+00:00,131.48,132.17,129.08,129.46,1448229.7,189439077.115
2026-01-22T00:00:00+00:00,129.46,130.56,129.43,129.76,579684.0,75365283.115
2026-01-22T04:00:00+00:00,129.76,130.41,129.62,129.71,356172.3,46313097.761
2026-01-22T08:00:00+00:00,129.71,130.25,129.26,130.01,765485.9,99416149.62
2026-01-22T12:00:00+00:00,130.01,130.91,126.65,127.32,2315727.3,297729118.306
2026-01-22T16:00:00+00:00,127.32,129.3,126.8,129.18,1217953.3,156018134.948
2026-01-22T20:00:00+00:00,129.18,129.7,127.93,128.39,742474.9,95499451.919
2026-01-23T00:00:00+00:00,128.39,128.91,127.98,128.7,352807.4,45329840.979
2026-01-23T04:00:00+00:00,128.7,129.24,127.15,127.83,811429.3,104119993.823
2026-01-23T08:00:00+00:00,127.83,127.94,126.84,127.46,650308.5,82764976.978
2026-01-23T12:00:00+00:00,127.46,128.11,125.19,127.83,1578231.4,199653335.025
2026-01-23T16:00:00+00:00,127.83,130.13,127.33,128.03,2117459.0,272609094.744
2026-01-23T20:00:00+00:00,128.03,128.2,126.43,127.34,785264.2,99921238.973
2026-01-24T00:00:00+00:00,127.34,128.06,127.19,127.83,249043.9,31769096.05
2026-01-24T04:00:00+00:00,127.83,128.02,126.89,127.05,274731.7,35028806.107
2026-01-24T08:00:00+00:00,127.05,127.34,126.88,127.09,240894.7,30618295.72
2026-01-24T12:00:00+00:00,127.09,127.37,126.72,126.77,351279.7,44628727.172
2026-01-24T16:00:00+00:00,126.77,127.45,126.56,127.24,283809.0,36068012.831
2026-01-24T20:00:00+00:00,127.24,127.72,127.04,127.15,244356.9,31115830.544
2026-01-25T00:00:00+00:00,127.15,127.43,126.26,126.56,398996.3,50631091.237
2026-01-25T04:00:00+00:00,126.56,126.95,126.27,126.39,285627.6,36156859.558
2026-01-25T08:00:00+00:00,126.39,127.15,125.8,126.71,637638.2,80652038.021
2026-01-25T12:00:00+00:00,126.71,127.08,125.35,125.47,718007.8,90491963.4
2026-01-25T16:00:00+00:00,125.47,125.48,117.02,117.85,6038147.0,731829422.512
2026-01-25T20:00:00+00:00,117.85,119.38,117.34,118.79,2791141.9,329929343.678
2026-01-26T00:00:00+00:00,118.79,122.7,118.45,121.52,1751764.8,211849094.846
2026-01-26T04:00:00+00:00,121.52,123.57,121.5,122.84,928624.1,113831730.138
2026-01-26T08:00:00+00:00,122.84,123.53,121.72,122.45,819276.1,100359049.518
2026-01-26T12:00:00+00:00,122.45,125.16,122.29,123.47,2273208.5,280913202.559
2026-01-26T16:00:00+00:00,123.47,125.59,122.92,124.23,1922288.7,238754499.235
2026-01-26T20:00:00+00:00,124.23,124.82,123.36,124.17,857733.7,106522586.5
2026-01-27T00:00:00+00:00,124.17,125.09,123.67,124.44,607000.8,75510387.36
2026-01-27T04:00:00+00:00,124.44,125.11,123.91,124.44,435133.8,54113372.774
2026-01-27T08:00:00+00:00,124.44,124.73,123.49,124.06,643962.4,79790532.588
2026-01-27T12:00:00+00:00,124.06,124.99,123.06,124.96,1224580.5,151704899.565
2026-01-27T16:00:00+00:00,124.96,126.77,123.42,125.8,2539992.5,318224227.143
2026-01-27T20:00:00+00:00,125.8,127.78,125.66,127.11,1278608.6,162574291.744
2026-01-28T00:00:00+00:00,127.11,127.44,126.55,126.87,548847.6,69676210.925
2026-01-28T04:00:00+00:00,126.87,127.47,126.36,127.02,518847.3,65834849.68
2026-01-28T08:00:00+00:00,127.02,128.3,125.87,128.1,1012709.1,128824290.255
2026-01-28T12:00:00+00:00,128.1,128.16,125.42,125.99,1456598.6,184750278.759
2026-01-28T16:00:00+00:00,125.99,126.99,125.17,125.92,1245328.4,156920395.55
2026-01-28T20:00:00+00:00,125.92,126.62,124.68,125.29,938007.9,117658019.807
2026-01-29T00:00:00+00:00,125.29,125.43,122.56,122.97,1421709.3,175896584.561
2026-01-29T04:00:00+00:00,122.97,123.94,122.39,123.75,728704.8,89900160.438
2026-01-29T08:00:00+00:00,123.75,123.86,122.61,122.69,631555.5,77740828.047
2026-01-29T12:00:00+00:00,122.69,123.13,116.05,117.59,4142473.6,494369049.181
2026-01-29T16:00:00+00:00,117.59,119.87,115.29,116.74,4303899.5,504215814.867
2026-01-29T20:00:00+00:00,116.74,117.86,116.47,117.75,909141.5,106529240.646
2026-01-30T00:00:00+00:00,117.75,118.06,111.82,114.33,4620847.5,528662354.974
2026-01-30T04:00:00+00:00,114.33,116.07,112.95,115.72,2049359.7,235511610.308
2026-01-30T08:00:00+00:00,115.72,117.21,114.61,117.0,1542943.6,178515552.833
2026-01-30T12:00:00+00:00,117.0,117.58,114.47,116.74,2556625.7,297056808.354
2026-01-30T16:00:00+00:00,116.74,119.11,114.22,118.22,3218039.2,376875060.737
2026-01-30T20:00:00+00:00,118.22,118.4,116.45,117.53,1447619.8,169870592.063
2026-01-31T00:00:00+00:00,117.53,118.57,117.31,118.3,506364.3,59732423.073
2026-01-31T04:00:00+00:00,118.3,118.77,117.12,117.3,741952.4,87612638.309
2026-01-31T08:00:00+00:00,117.3,117.45,114.13,115.97,2250046.3,259924686.714
2026-01-31T12:00:00+00:00,115.97,116.11,108.15,108.56,4876423.0,540173733.054
2026-01-31T16:00:00+00:00,108.56,109.79,96.21,101.66,13306161.1,1371172345.832
2026-01-31T20:00:00+00:00,101.66,106.44,100.24,105.47,3435326.0,354692666.505
2026-02-01T00:00:00+00:00,105.47,106.32,104.13,104.91,1332984.8,140277159.437
2026-02-01T04:00:00+00:00,104.91,105.98,103.92,105.14,1514585.3,159001261.997
2026-02-01T08:00:00+00:00,105.14,106.0,103.52,104.98,1734917.5,181842897.65
2026-02-01T12:00:00+00:00,104.98,106.63,100.12,101.62,4352542.9,448812771.85
2026-02-01T16:00:00+00:00,101.62,104.21,100.86,101.91,2792091.0,286171372.554
2026-02-01T20:00:00+00:00,101.91,102.8,97.93,100.73,4324135.9,434671013.533
2026-02-02T00:00:00+00:00,100.73,103.11,95.86,100.0,4827625.9,480638952.275
2026-02-02T04:00:00+00:00,100.0,102.39,96.89,101.37,5049533.7,503522165.552
2026-02-02T08:00:00+00:00,101.37,103.45,101.34,102.7,1778635.5,182154692.995
2026-02-02T12:00:00+00:00,102.7,106.07,102.3,104.62,2705205.1,281652530.909
2026-02-02T16:00:00+00:00,104.62,105.68,103.42,103.8,1410189.5,147555818.497
2026-02-02T20:00:00+00:00,103.8,105.14,103.23,104.47,916080.1,95563689.955
2026-02-03T00:00:00+00:00,104.47,104.6,102.07,104.1,1655437.0,171134039.418
2026-02-03T04:00:00+00:00,104.1,105.08,102.84,104.63,918755.2,95576043.037
2026-02-03T08:00:00+00:00,104.63,104.99,102.39,102.92,1604382.2,165727493.967
2026-02-03T12:00:00+00:00,102.92,103.56,100.33,102.52,3163659.1,322331241.882
2026-02-03T16:00:00+00:00,102.52,102.53,96.54,98.94,5670891.2,561749630.646
2026-02-03T20:00:00+00:00,98.94,102.07,97.11,97.78,4609219.6,459341464.409
2026-02-04T00:00:00+00:00,97.78,99.58,97.07,99.03,2051316.7,202105404.089
2026-02-04T04:00:00+00:00,99.03,99.27,96.25,97.82,2579793.4,252020037.928
2026-02-04T08:00:00+00:00,97.82,97.87,94.49,96.02,3785146.8,364050647.744
2026-02-04T12:00:00+00:00,96.02,96.65,91.19,92.69,5614492.2,526691874.4869
2026-02-04T16:00:00+00:00,92.69,94.71,89.81,94.31,7010750.4,645504048.922
2026-02-04T20:00:00+00:00,94.31,94.48,89.22,92.08,4404820.1,403780526.634
2026-02-05T00:00:00+00:00,92.08,92.86,90.19,91.1,3102545.4,284217107.915
2026-02-05T04:00:00+00:00,91.1,92.06,89.66,90.51,3888508.1,353043885.837
2026-02-05T08:00:00+00:00,90.51,93.45,88.58,89.95,4430150.7,402321413.672
2026-02-05T12:00:00+00:00,89.95,91.4,83.36,84.54,8882832.9,775287920.23
2026-02-05T16:00:00+00:00,84.54,86.19,81.13,81.64,6988228.6,583034844.318
2026-02-05T20:00:00+00:00,81.64,82.25,77.43,78.3,10137351.4,804528568.223
2026-02-06T00:00:00+00:00,78.3,80.2,67.31,76.67,18213828.1,1342432960.9867
2026-02-06T04:00:00+00:00,76.67,81.58,76.17,79.52,4097898.5,325735764.021
2026-02-06T08:00:00+00:00,79.52,81.99,78.61,81.27,3296244.8,265094089.833
2026-02-06T12:00:00+00:00,81.27,85.13,80.77,84.39,5395722.7,449560799.666
2026-02-06T16:00:00+00:00,84.39,88.57,83.5,87.06,7111969.2,615226616.939
2026-02-06T20:00:00+00:00,87.06,89.8,86.5,87.41,3870568.4,340568800.707
2026-02-07T00:00:00+00:00,87.41,88.34,85.83,88.03,2335397.5,202864115.41
2026-02-07T04:00:00+00:00,88.03,88.98,84.14,85.25,3606880.0,311927650.122
2026-02-07T08:00:00+00:00,85.25,85.7,84.46,84.87,1508070.0,128246810.313
2026-02-07T12:00:00+00:00,84.87,87.21,84.8,86.54,3052852.5,262973829.694
2026-02-07T16:00:00+00:00,86.54,89.17,86.12,88.23,7868518.3,687213908.844
2026-02-07T20:00:00+00:00,88.23,89.18,86.71,87.5,1613319.1,142146674.051
2026-02-08T00:00:00+00:00,87.5,88.17,86.63,86.74,1193951.2,104288013.968
2026-02-08T04:00:00+00:00,86.74,87.47,86.53,87.34,811267.8,70597739.864
2026-02-08T08:00:00+00:00,87.34,88.92,86.33,88.19,2499417.5,219132183.66
2026-02-08T12:00:00+00:00,88.19,88.83,87.28,87.71,1719312.1,151526422.079
2026-02-08T16:00:00+00:00,87.71,88.55,85.59,88.36,1947213.7,169790615.085
2026-02-08T20:00:00+00:00,88.36,89.09,85.97,86.9,2601589.2,227129180.126
2026-02-09T00:00:00+00:00,86.9,87.92,85.56,87.61,1619517.2,140624661.733
2026-02-09T04:00:00+00:00,87.61,87.67,85.06,85.43,1357980.5,117095431.414
2026-02-09T08:00:00+00:00,85.43,85.55,82.81,83.42,2590775.5,217576543.378
2026-02-09T12:00:00+00:00,83.42,85.77,83.38,85.22,3213263.4,271591770.891
2026-02-09T16:00:00+00:00,85.22,88.8,84.74,87.91,3741327.0,326234480.391
2026-02-09T20:00:00+00:00,87.91,88.29,86.47,86.71,1182761.0,103204284.805
2026-02-10T00:00:00+00:00,86.71,87.44,85.2,85.79,1334343.4,115143763.204
2026-02-10T04:00:00+00:00,85.79,86.61,84.24,84.57,1830496.5,156051762.094
2026-02-10T08:00:00+00:00,84.57,85.03,83.71,83.79,1431817.1,120853402.55
2026-02-10T12:00:00+00:00,83.79,85.19,83.17,84.26,2737833.5,230230682.199
2026-02-10T16:00:00+00:00,84.26,85.12,82.36,83.04,2033466.4,170278709.069
2026-02-10T20:00:00+00:00,83.04,83.18,81.86,82.96,1420638.6,117204668.311
2026-02-11T00:00:00+00:00,82.96,84.36,82.53,83.29,1482864.8,123928299.272
2026-02-11T04:00:00+00:00,83.29,83.49,80.23,80.95,2495666.8,203390888.358
2026-02-11T08:00:00+00:00,80.95,81.43,80.34,81.22,1240281.0,100330887.642
2026-02-11T12:00:00+00:00,81.22,83.18,78.51,79.63,5229807.7,423273908.509
2026-02-11T16:00:00+00:00,79.63,80.88,77.88,79.66,3831373.8,304029000.678
2026-02-11T20:00:00+00:00,79.66,81.05,78.66,79.25,1984975.1,158357704.656
2026-02-12T00:00:00+00:00,79.25,80.76,79.22,80.58,1273598.4,102240582.058
2026-02-12T04:00:00+00:00,80.58,80.98,79.44,80.72,1295170.7,104136948.418
2026-02-12T08:00:00+00:00,80.72,82.2,80.28,81.81,1817666.6,148124136.829
2026-02-12T12:00:00+00:00,81.81,82.12,80.03,80.06,3164161.5,256728449.838
2026-02-12T16:00:00+00:00,80.06,80.16,76.91,77.58,4038710.2,316226027.879
2026-02-12T20:00:00+00:00,77.58,78.47,76.56,78.35,1635903.9,126728427.601
2026-02-13T00:00:00+00:00,78.35,79.43,77.46,78.99,1305317.5,102514598.521
2026-02-13T04:00:00+00:00,78.99,79.22,77.76,78.94,1166365.7,91580133.375
2026-02-13T08:00:00+00:00,78.94,80.59,78.8,80.27,1693037.2,135233066.182
2026-02-13T12:00:00+00:00,80.27,84.32,79.67,83.15,3968649.4,323818838.18
2026-02-13T16:00:00+00:00,83.15,85.58,82.88,84.6,2677392.1,226217900.841
2026-02-13T20:00:00+00:00,84.6,85.16,84.07,84.28,1212682.4,102593118.54
2026-02-14T00:00:00+00:00,84.28,85.28,84.16,85.02,733876.0,62245426.519
2026-02-14T04:00:00+00:00,85.02,85.22,84.27,85.13,551349.5,46738957.647
2026-02-14T08:00:00+00:00,85.13,87.29,85.1,87.22,2060879.7,177528189.595
2026-02-14T12:00:00+00:00,87.22,87.67,85.97,87.39,1909156.4,165744871.5
2026-02-14T16:00:00+00:00,87.39,88.41,86.93,88.14,1515956.3,133136784.867
2026-02-14T20:00:00+00:00,88.14,88.88,87.2,88.01,1726901.1,152203454.91
2026-02-15T00:00:00+00:00,88.01,88.77,87.29,88.57,1360499.4,119684391.837
2026-02-15T04:00:00+00:00,88.57,90.98,88.34,90.69,2799748.4,250826174.245
2026-02-15T08:00:00+00:00,90.69,91.22,88.94,89.11,2063424.4,185348192.979
2026-02-15T12:00:00+00:00,89.11,89.6,86.6,87.36,2518073.2,221064309.403
2026-02-15T16:00:00+00:00,87.36,87.87,85.14,85.28,3272717.7,283013889.464
2026-02-15T20:00:00+00:00,85.28,86.64,84.83,86.09,2187787.6,187516133.39
2026-02-16T00:00:00+00:00,86.09,86.57,84.65,85.09,1216997.4,104282679.515
2026-02-16T04:00:00+00:00,85.09,85.86,84.43,85.02,1310417.5,111439266.272
2026-02-16T08:00:00+00:00,85.02,86.25,84.41,85.46,1677877.2,143361867.871
2026-02-16T12:00:00+00:00,85.46,86.89,82.5,83.14,4774485.0,403472171.895
2026-02-16T16:00:00+00:00,83.14,85.12,83.03,84.56,2632678.6,221546858.222
2026-02-16T20:00:00+00:00,84.56,86.65,84.44,86.41,1940106.3,166331619.971
2026-02-17T00:00:00+00:00,86.41,87.69,85.72,86.32,1692510.5,146779740.491
2026-02-17T04:00:00+00:00,86.32,86.75,85.4,86.42,950720.9,81944393.801
2026-02-17T08:00:00+00:00,86.42,86.71,84.66,85.03,1405295.5,120184543.323
2026-02-17T12:00:00+00:00,85.03,85.53,82.78,83.76,2820881.6,237181547.435
2026-02-17T16:00:00+00:00,83.76,85.72,83.08,84.81,2533132.0,214092022.213
2026-02-17T20:00:00+00:00,84.81,85.41,84.44,85.03,1264595.7,107488061.385
2026-02-18T00:00:00+00:00,85.03,85.46,83.88,85.26,941229.7,79783354.207
2026-02-18T04:00:00+00:00,85.26,85.53,84.63,85.23,645195.9,54874994.547
2026-02-18T08:00:00+00:00,85.23,86.04,82.73,82.79,2270858.9,191535812.349
2026-02-18T12:00:00+00:00,82.79,83.98,81.62,82.95,3347486.8,277052211.752
2026-02-18T16:00:00+00:00,82.95,83.02,80.43,80.86,2437337.2,199071192.798
2026-02-18T20:00:00+00:00,80.86,81.58,80.8,81.55,910486.1,73999820.955
2026-02-19T00:00:00+00:00,81.55,82.0,81.19,81.72,601716.3,49110781.796
2026-02-19T04:00:00+00:00,81.72,82.63,81.31,82.35,1001128.1,82111112.271
2026-02-19T08:00:00+00:00,82.35,82.36,80.86,81.2,1186633.9,96787563.617
2026-02-19T12:00:00+00:00,81.2,81.29,79.58,80.59,2476605.9,199148959.728
2026-02-19T16:00:00+00:00,80.59,82.16,79.87,81.9,2398864.0,194534366.843
2026-02-19T20:00:00+00:00,81.9,82.51,81.63,82.44,1091595.6,89606753.326
2026-02-20T00:00:00+00:00,82.44,83.5,82.27,82.98,1143919.0,94942581.629
2026-02-20T04:00:00+00:00,82.98,83.89,82.35,83.41,1463333.4,121754090.143
2026-02-20T08:00:00+00:00,83.41,84.82,83.25,83.53,2026564.2,170242771.166
2026-02-20T12:00:00+00:00,83.53,84.75,81.69,84.33,4805124.4,399584473.899
2026-02-20T16:00:00+00:00,84.33,85.47,82.74,84.75,3777251.2,318478499.861
2026-02-20T20:00:00+00:00,84.75,85.22,84.08,84.65,1107533.8,93611946.238
2026-02-21T00:00:00+00:00,84.65,84.99,84.2,84.31,634453.6,53618415.36
2026-02-21T04:00:00+00:00,84.31,84.74,83.92,84.18,617886.0,52049049.967
2026-02-21T08:00:00+00:00,84.18,85.68,84.14,85.38,1003055.6,85336499.704
2026-02-21T12:00:00+00:00,85.38,86.76,84.97,86.53,1561563.1,134356506.123
2026-02-21T16:00:00+00:00,86.53,86.7,85.77,86.17,1174235.6,101256203.645
2026-02-21T20:00:00+00:00,86.17,86.17,85.07,85.11,1442292.0,123356729.395
2026-02-22T00:00:00+00:00,85.11,85.53,84.65,85.02,950748.3,80799033.061
2026-02-22T04:00:00+00:00,85.02,85.5,84.72,85.19,620600.4,52868412.388
2026-02-22T08:00:00+00:00,85.19,85.4,84.79,85.21,650537.3,55362085.165
2026-02-22T12:00:00+00:00,85.21,85.27,82.96,83.44,2131225.8,178818619.883
2026-02-22T16:00:00+00:00,83.44,83.56,82.75,83.24,946140.5,78620807.408
2026-02-22T20:00:00+00:00,83.24,83.69,82.42,82.74,1466359.4,121745749.9
2026-02-23T00:00:00+00:00,82.74,82.81,77.21,77.59,5041752.0,398479132.711
2026-02-23T04:00:00+00:00,77.59,79.63,77.05,79.32,2389722.7,186858872.619
2026-02-23T08:00:00+00:00,79.32,80.64,78.45,80.01,2132576.7,169994782.665
2026-02-23T12:00:00+00:00,80.01,81.06,79.16,79.34,3280407.3,263085544.673
2026-02-23T16:00:00+00:00,79.34,79.75,77.19,78.24,3061518.2,240335936.186
2026-02-23T20:00:00+00:00,78.24,78.86,77.58,77.85,1334572.4,104495860.806
2026-02-24T00:00:00+00:00,77.85,78.47,75.67,76.83,3195738.6,246825518.854
2026-02-24T04:00:00+00:00,76.83,77.29,76.07,76.79,1770873.9,135815488.967
2026-02-24T08:00:00+00:00,76.79,77.15,75.92,76.72,1205767.4,92362818.809
2026-02-24T12:00:00+00:00,76.72,77.46,75.51,77.26,2819719.8,215913647.406
2026-02-24T16:00:00+00:00,77.26,78.47,77.18,78.31,2456126.3,191523163.462
2026-02-24T20:00:00+00:00,78.31,79.57,78.06,78.94,1822895.8,143518003.949
2026-02-25T00:00:00+00:00,78.94,82.96,78.68,81.72,3701831.8,301063048.29
2026-02-25T04:00:00+00:00,81.72,82.39,80.95,82.14,2270890.7,185504321.582
2026-02-25T08:00:00+00:00,82.14,83.39,81.88,83.35,1492104.5,123295062.717
2026-02-25T12:00:00+00:00,83.35,86.45,82.86,85.93,4599303.4,389355650.033
2026-02-25T16:00:00+00:00,85.93,89.61,85.89,89.38,4340756.6,381929169.071
2026-02-25T20:00:00+00:00,89.38,92.11,87.04,88.0,5076587.0,454920961.7
2026-02-26T00:00:00+00:00,88.0,89.23,87.52,87.9,1801397.9,159233951.896
2026-02-26T04:00:00+00:00,87.9,89.02,87.17,87.2,1363621.1,119758350.095
2026-02-26T08:00:00+00:00,87.2,88.66,86.54,86.78,1929319.6,168892855.698
2026-02-26T12:00:00+00:00,86.78,88.22,85.21,86.51,3127803.3,271098781.606
2026-02-26T16:00:00+00:00,86.51,86.71,84.25,86.4,3154566.4,269356544.18
2026-02-26T20:00:00+00:00,86.4,86.86,85.66,85.85,938323.7,80818414.547
2026-02-27T00:00:00+00:00,85.85,87.83,85.11,87.6,1499081.5,129303417.467
2026-02-27T04:00:00+00:00,87.6,88.29,86.74,87.27,1562199.8,136640530.29
2026-02-27T08:00:00+00:00,87.27,87.89,83.26,83.54,2891874.5,247350376.059
2026-02-27T12:00:00+00:00,83.54,83.7,81.9,82.64,3192651.3,264312707.095
2026-02-27T16:00:00+00:00,82.64,82.64,81.05,81.53,2113061.6,172460179.928
2026-02-27T20:00:00+00:00,81.53,82.05,80.23,81.78,1819279.6,147962535.761
2026-02-28T00:00:00+00:00,81.78,82.2,81.48,81.7,636168.1,52078596.503
2026-02-28T04:00:00+00:00,81.7,81.85,77.01,78.65,5248904.1,415024374.649
2026-02-28T08:00:00+00:00,78.65,79.54,77.67,78.71,2244329.4,176278908.02
2026-02-28T12:00:00+00:00,78.71,81.46,78.49,80.87,3546389.1,284581508.205
2026-02-28T16:00:00+00:00,80.87,82.87,80.45,82.15,2966261.3,242007767.2
2026-02-28T20:00:00+00:00,82.15,85.64,81.92,84.29,2903905.6,244234848.725
2026-03-01T00:00:00+00:00,84.29,88.96,84.19,88.01,3671706.9,319006420.036
2026-03-01T04:00:00+00:00,88.01,88.25,86.14,86.62,2152278.1,187428966.685
2026-03-01T08:00:00+00:00,86.62,86.81,84.67,85.13,2192451.8,187321850.901
2026-03-01T12:00:00+00:00,85.13,86.97,84.47,85.64,2847801.5,244727053.807
2026-03-01T16:00:00+00:00,85.64,86.09,82.96,83.19,3147519.4,265256036.776
2026-03-01T20:00:00+00:00,83.19,84.07,81.63,83.56,3651093.6,302498989.225
2026-03-02T00:00:00+00:00,83.56,86.16,83.42,84.75,2326338.4,196837212.697
2026-03-02T04:00:00+00:00,84.75,84.8,82.33,82.89,1900406.3,158681168.036
2026-03-02T08:00:00+00:00,82.89,84.24,82.31,83.84,2229101.9,185992052.297
2026-03-02T12:00:00+00:00,83.84,88.96,82.72,88.8,6117840.8,526524656.879
2026-03-02T16:00:00+00:00,88.8,90.35,86.39,87.64,5100729.8,450212879.974
2026-03-02T20:00:00+00:00,87.64,88.26,86.26,86.6,2400724.5,209829653.668
2026-03-03T00:00:00+00:00,86.6,87.28,85.17,86.23,2229338.2,192157940.244
2026-03-03T04:00:00+00:00,86.23,86.79,85.32,85.53,1796535.6,154208228.882
2026-03-03T08:00:00+00:00,85.53,85.72,83.62,84.17,3394249.8,286206670.422
2026-03-03T12:00:00+00:00,84.17,85.33,82.43,85.0,4834732.8,406182294.295
2026-03-03T16:00:00+00:00,85.0,87.32,84.1,85.03,4905477.8,419117151.173
2026-03-03T20:00:00+00:00,85.03,87.42,84.13,86.94,2402043.9,206355691.439
2026-03-04T00:00:00+00:00,86.94,88.09,85.09,85.7,2637145.8,228379214.238
2026-03-04T04:00:00+00:00,85.7,87.49,84.71,87.35,2325305.8,199213375.167
2026-03-04T08:00:00+00:00,87.35,91.49,86.95,89.76,5014005.6,449809487.829
2026-03-04T12:00:00+00:00,89.76,93.09,88.67,92.87,5899351.1,535358760.939
2026-03-04T16:00:00+00:00,92.87,94.03,90.54,93.13,4294978.0,395282112.902
2026-03-04T20:00:00+00:00,93.13,93.71,90.22,90.81,2383377.7,220033364.279
2026-03-05T00:00:00+00:00,90.81,91.37,89.52,89.97,1881972.9,169888658.282
2026-03-05T04:00:00+00:00,89.97,91.28,89.6,90.09,1918787.3,173324292.757
2026-03-05T08:00:00+00:00,90.09,92.92,89.62,91.77,2324713.4,212812216.661
2026-03-05T12:00:00+00:00,91.77,92.16,88.76,89.58,4108116.9,371678504.62
2026-03-05T16:00:00+00:00,89.58,89.59,87.85,88.68,2815938.3,249356312.384
2026-03-05T20:00:00+00:00,88.68,89.82,88.46,88.73,1441566.7,128457613.177
2026-03-06T00:00:00+00:00,88.73,89.26,87.96,88.34,1652731.2,146353845.783
2026-03-06T04:00:00+00:00,88.34,88.88,87.45,88.64,1639141.8,144400217.097
2026-03-06T08:00:00+00:00,88.64,88.65,87.05,87.2,1770300.9,155171886.616
2026-03-06T12:00:00+00:00,87.2,87.21,83.88,84.57,4962155.6,424818047.37
2026-03-06T16:00:00+00:00,84.57,85.83,83.56,85.14,2255392.8,190929130.268
2026-03-06T20:00:00+00:00,85.14,85.41,84.39,84.64,1127351.8,95605202.48
2026-03-07T00:00:00+00:00,84.64,85.02,84.24,84.5,875798.6,74066847.154
2026-03-07T04:00:00+00:00,84.5,84.52,83.84,84.26,804150.0,67666969.659
2026-03-07T08:00:00+00:00,84.26,84.89,84.07,84.61,837119.1,70771322.368
2026-03-07T12:00:00+00:00,84.61,84.73,83.33,83.68,1169629.0,98192839.33
2026-03-07T16:00:00+00:00,83.68,84.03,82.19,82.47,1845681.5,153334448.262
2026-03-07T20:00:00+00:00,82.47,83.29,82.45,83.18,673245.8,55853311.6
2026-03-08T00:00:00+00:00,83.18,83.45,82.05,82.28,912353.3,75434783.684
2026-03-08T04:00:00+00:00,82.28,83.09,81.67,82.89,1050477.9,86624468.99
2026-03-08T08:00:00+00:00,82.89,84.05,82.45,82.75,2096735.4,174306334.381
2026-03-08T12:00:00+00:00,82.75,82.95,81.1,82.02,1989454.0,163109136.492
2026-03-08T16:00:00+00:00,82.02,82.6,81.22,82.42,1540065.9,125967306.814
2026-03-08T20:00:00+00:00,82.42,82.89,80.16,81.54,3019251.8,246292068.205
2026-03-09T00:00:00+00:00,81.54,84.48,81.49,83.1,2485779.0,205881325.083
2026-03-09T04:00:00+00:00,83.1,84.57,82.25,83.1,1744598.6,145672797.445
2026-03-09T08:00:00+00:00,83.1,84.56,82.87,83.5,1587853.7,132938969.256
2026-03-09T12:00:00+00:00,83.5,85.73,83.36,85.01,3926063.8,333045043.889
2026-03-09T16:00:00+00:00,85.01,87.06,84.26,85.92,3619880.1,309871308.981
2026-03-09T20:00:00+00:00,85.92,86.32,84.76,84.92,2377840.6,203842673.431
2026-03-10T00:00:00+00:00,84.92,86.88,84.79,85.51,1745591.9,150012445.524
2026-03-10T04:00:00+00:00,85.51,86.92,85.32,86.65,1555363.1,134273906.232
2026-03-10T08:00:00+00:00,86.65,87.71,86.52,86.75,2238241.2,194776618.371
2026-03-10T12:00:00+00:00,86.75,88.63,84.82,88.34,5203003.9,452124770.496
2026-03-10T16:00:00+00:00,88.34,88.8,85.59,85.96,2870271.2,250494512.237
2026-03-10T20:00:00+00:00,85.96,86.38,84.94,85.8,1982095.8,169863383.586
2026-03-11T00:00:00+00:00,85.8,86.23,85.41,85.56,1011086.3,86782303.842
2026-03-11T04:00:00+00:00,85.56,86.85,85.07,85.38,1414476.0,121560450.126
2026-03-11T08:00:00+00:00,85.38,85.58,84.32,84.5,1626649.3,138334085.482
2026-03-11T12:00:00+00:00,84.5,87.39,84.3,85.35,4992259.9,429089323.245
2026-03-11T16:00:00+00:00,85.35,88.08,85.23,87.27,3331311.9,289870640.517
2026-03-11T20:00:00+00:00,87.27,87.91,86.41,86.53,1152731.2,100451132.206
2026-03-12T00:00:00+00:00,86.53,86.74,84.61,84.94,1606877.4,137539805.31
2026-03-12T04:00:00+00:00,84.94,85.86,84.81,85.77,1387737.1,118228218.982
2026-03-12T08:00:00+00:00,85.77,87.13,85.33,86.79,2219421.9,191446325.7
2026-03-12T12:00:00+00:00,86.79,87.68,85.01,86.52,4522862.8,391300279.25
2026-03-12T16:00:00+00:00,86.52,87.07,85.61,86.75,1935257.0,167304409.303
2026-03-12T20:00:00+00:00,86.75,87.18,85.88,86.79,1069538.0,92585497.289
2026-03-13T00:00:00+00:00,86.79,91.14,86.67,89.69,4525914.7,405463338.688
2026-03-13T04:00:00+00:00,89.69,89.72,88.1,88.64,1699842.2,150956462.453
2026-03-13T08:00:00+00:00,88.64,90.42,88.26,90.28,2207186.2,197660085.042
2026-03-13T12:00:00+00:00,90.28,92.97,89.22,89.41,5753041.2,524725740.313
2026-03-13T16:00:00+00:00,89.41,90.08,88.28,88.85,2959919.3,263592415.706
2026-03-13T20:00:00+00:00,88.85,89.09,87.68,88.12,1492886.8,131894240.572
2026-03-14T00:00:00+00:00,88.12,88.55,87.74,88.33,837920.7,73860751.386
2026-03-14T04:00:00+00:00,88.33,88.64,86.82,87.26,1268367.5,111192995.853
2026-03-14T08:00:00+00:00,87.26,87.53,86.44,86.87,1088194.4,94549780.752
2026-03-14T12:00:00+00:00,86.87,87.31,86.55,86.67,980197.9,85198780.95
2026-03-14T16:00:00+00:00,86.67,87.09,86.57,86.95,476154.5,41379314.93
2026-03-14T20:00:00+00:00,86.95,88.13,86.8,87.99,833012.5,72935594.591
2026-03-15T00:00:00+00:00,87.99,88.63,87.52,87.82,935195.6,82309918.062
2026-03-15T04:00:00+00:00,87.82,88.6,87.81,88.18,689882.7,60893131.133
2026-03-15T08:00:00+00:00,88.18,88.84,88.09,88.52,739988.5,65483355.569
2026-03-15T12:00:00+00:00,88.52,88.53,87.31,87.86,1120191.8,98402931.704
2026-03-15T16:00:00+00:00,87.86,88.77,87.4,88.13,1109327.4,97683339.76
2026-03-15T20:00:00+00:00,88.13,93.24,87.91,92.29,4560309.3,415350669.337
2026-03-16T00:00:00+00:00,92.29,93.93,91.13,93.13,2706631.2,250290201.618
2026-03-16T04:00:00+00:00,93.13,94.31,92.88,93.52,2495680.8,233589682.109
2026-03-16T08:00:00+00:00,93.52,93.99,92.53,93.71,1999742.2,186673956.687
2026-03-16T12:00:00+00:00,93.71,95.15,92.28,93.13,4335202.6,406436319.299
2026-03-16T16:00:00+00:00,93.13,95.45,93.07,95.16,2048018.0,193259887.771
2026-03-16T20:00:00+00:00,95.16,97.68,95.0,96.14,2742269.7,263863599.415
2026-03-17T00:00:00+00:00,96.14,96.92,93.65,93.99,2022525.8,192595750.644
2026-03-17T04:00:00+00:00,93.99,94.6,93.1,94.36,1327735.7,124670451.065
2026-03-17T08:00:00+00:00,94.36,95.08,93.17,93.59,1689679.2,158965460.053
2026-03-17T12:00:00+00:00,93.59,95.11,93.06,93.78,2454365.9,230639866.784
2026-03-17T16:00:00+00:00,93.78,95.65,93.66,94.6,1526356.9,144742974.597
2026-03-17T20:00:00+00:00,94.6,95.58,94.3,94.55,1294954.1,122969434.35
2026-03-18T00:00:00+00:00,94.55,95.63,94.01,95.0,905097.5,85755389.172
2026-03-18T04:00:00+00:00,95.0,95.06,93.66,93.89,1319928.4,124273282.833
2026-03-18T08:00:00+00:00,93.89,94.38,91.74,91.95,2180217.6,202723710.024
2026-03-18T12:00:00+00:00,91.95,91.98,88.5,89.29,3970369.2,357510614.809
2026-03-18T16:00:00+00:00,89.29,90.81,88.57,89.65,2482449.2,222701574.938
2026-03-18T20:00:00+00:00,89.65,90.6,88.92,90.02,1273669.2,114511056.843
2026-03-19T00:00:00+00:00,90.02,91.38,89.71,90.68,1183337.0,107118965.403
2026-03-19T04:00:00+00:00,90.68,90.68,88.56,89.35,2115787.8,189501578.009
2026-03-19T08:00:00+00:00,89.35,90.43,89.02,89.56,1301926.1,116869491.263
2026-03-19T12:00:00+00:00,89.56,89.58,87.09,87.57,3221662.6,283795457.02
2026-03-19T16:00:00+00:00,87.57,89.32,86.92,88.66,1882246.5,165942180.073
2026-03-19T20:00:00+00:00,88.66,89.3,88.33,88.86,929577.1,82650503.014
2026-03-20T00:00:00+00:00,88.86,89.77,88.82,89.52,853930.8,76290980.696
2026-03-20T04:00:00+00:00,89.52,89.72,88.42,89.32,1318263.3,117408898.682
2026-03-20T08:00:00+00:00,89.32,90.42,88.55,89.08,1868516.1,167129489.442
2026-03-20T12:00:00+00:00,89.08,89.71,88.42,88.9,2311736.0,205722606.626
2026-03-20T16:00:00+00:00,88.9,89.19,88.06,88.94,1325084.4,117435014.196
2026-03-20T20:00:00+00:00,88.94,90.24,88.61,89.81,1241240.7,111126104.463
2026-03-21T00:00:00+00:00,89.81,90.64,89.68,90.4,706442.6,63669096.437
2026-03-21T04:00:00+00:00,90.4,90.77,89.84,90.1,678523.9,61242828.209
2026-03-21T08:00:00+00:00,90.1,90.4,89.76,89.91,527743.2,47507245.265
2026-03-21T12:00:00+00:00,89.91,90.39,89.32,89.75,712828.1,64052788.402
2026-03-21T16:00:00+00:00,89.75,89.93,89.33,89.74,502522.3,45036659.905
2026-03-21T20:00:00+00:00,89.74,90.29,87.07,87.5,1552201.6,137599293.776
2026-03-22T00:00:00+00:00,87.5,89.11,86.17,88.61,2871043.2,251130045.718
2026-03-22T04:00:00+00:00,88.61,89.15,87.61,87.65,993118.0,87900751.036
2026-03-22T08:00:00+00:00,87.65,87.69,86.76,86.78,1327222.7,115754274.381
2026-03-22T12:00:00+00:00,86.78,87.69,86.75,87.53,871027.0,75996248.439
2026-03-22T16:00:00+00:00,87.53,87.66,86.43,86.81,736034.9,64028828.029
2026-03-22T20:00:00+00:00,86.81,87.12,85.07,86.16,2251525.7,193719788.258
2026-03-23T00:00:00+00:00,86.16,87.19,85.4,86.35,1171692.5,101140901.265
2026-03-23T04:00:00+00:00,86.35,87.29,85.01,85.94,1799761.3,154919713.144
2026-03-23T08:00:00+00:00,85.94,92.04,85.11,88.72,6490510.3,579710181.994
2026-03-23T12:00:00+00:00,88.72,92.25,88.28,89.9,4122748.7,373495949.071
2026-03-23T16:00:00+00:00,89.9,91.87,89.35,91.35,2244844.9,203521241.43
2026-03-23T20:00:00+00:00,91.35,92.0,90.93,91.38,883438.3,80845482.177
2026-03-24T00:00:00+00:00,91.38,91.64,89.86,90.29,1126472.6,102008820.995
2026-03-24T04:00:00+00:00,90.29,91.94,89.91,91.69,1576306.3,142811732.134
2026-03-24T08:00:00+00:00,91.69,92.23,91.08,91.72,1991561.6,182636770.817
2026-03-24T12:00:00+00:00,91.72,91.82,88.64,89.68,3727270.4,335455400.582
2026-03-24T16:00:00+00:00,89.68,89.94,88.35,88.46,2026021.4,180410340.952
2026-03-24T20:00:00+00:00,88.46,91.12,88.42,90.75,1902499.8,171409147.586
2026-03-25T00:00:00+00:00,90.75,91.98,90.67,91.68,1537778.0,140430028.364
2026-03-25T04:00:00+00:00,91.68,92.98,91.57,91.8,1839006.9,169823107.247
2026-03-25T08:00:00+00:00,91.8,93.46,91.79,92.96,1696563.0,157116069.487
2026-03-25T12:00:00+00:00,92.96,93.41,90.95,91.7,2510504.2,231724457.03
2026-03-25T16:00:00+00:00,91.7,92.68,91.35,91.71,1231103.8,113308617.783
2026-03-25T20:00:00+00:00,91.71,91.9,90.97,91.66,1111253.6,101553979.358
2026-03-26T00:00:00+00:00,91.66,91.92,90.5,91.01,1034269.8,94367893.379
2026-03-26T04:00:00+00:00,91.01,91.01,88.73,89.03,2218845.2,198533245.523
2026-03-26T08:00:00+00:00,89.03,89.03,87.36,87.51,2135313.5,188107119.112
2026-03-26T12:00:00+00:00,87.51,88.19,86.64,87.48,2588721.5,226537748.644
2026-03-26T16:00:00+00:00,87.48,87.68,85.38,85.42,2099514.5,181300587.11
2026-03-26T20:00:00+00:00,85.42,87.12,85.38,86.48,2045065.4,177030116.899
2026-03-27T00:00:00+00:00,86.48,87.0,86.13,86.37,659682.9,57102968.833
2026-03-27T04:00:00+00:00,86.37,86.71,85.64,85.87,1116486.4,96086198.863
2026-03-27T08:00:00+00:00,85.87,86.09,82.55,83.31,3826281.7,321661346.643
2026-03-27T12:00:00+00:00,83.31,83.94,82.37,83.26,2167820.3,180197794.372
2026-03-27T16:00:00+00:00,83.26,83.39,81.76,82.73,1953055.0,161210549.387
2026-03-27T20:00:00+00:00,82.73,83.1,82.31,83.04,814046.6,67342838.007
2026-03-28T00:00:00+00:00,83.04,83.06,82.19,82.56,481805.3,39798654.113
2026-03-28T04:00:00+00:00,82.56,83.64,82.31,83.57,875801.6,72644934.544
2026-03-28T08:00:00+00:00,83.57,83.69,82.67,82.9,654428.9,54425433.611
2026-03-28T12:00:00+00:00,82.9,84.23,82.53,83.75,1929989.4,160886732.175
2026-03-28T16:00:00+00:00,83.75,83.87,82.9,83.21,792843.4,66092905.838
2026-03-28T20:00:00+00:00,83.21,83.44,81.62,82.03,1139594.2,94031241.097
2026-03-29T00:00:00+00:00,82.03,83.21,81.8,82.96,692135.0,57066929.34
2026-03-29T04:00:00+00:00,82.96,82.98,82.16,82.38,583691.0,48184099.271
2026-03-29T08:00:00+00:00,82.38,82.86,81.92,82.54,762926.7,62831758.494
2026-03-29T12:00:00+00:00,82.54,82.6,81.21,81.78,1312828.8,107484688.605
2026-03-29T16:00:00+00:00,81.78,82.1,81.09,81.55,805178.3,65675273.166
2026-03-29T20:00:00+00:00,81.55,82.19,78.72,81.36,3022850.9,243502860.822
2026-03-30T00:00:00+00:00,81.36,83.9,81.07,83.23,2194098.3,181608476.822
2026-03-30T04:00:00+00:00,83.23,84.24,83.22,83.98,1176870.1,98485531.752
2026-03-30T08:00:00+00:00,83.98,84.93,83.53,84.22,1610281.2,135629158.454
2026-03-30T12:00:00+00:00,84.22,84.98,83.61,84.45,2167755.2,182749891.423
2026-03-30T16:00:00+00:00,84.45,84.51,81.93,82.34,1719694.3,142918383.987
2026-03-30T20:00:00+00:00,82.34,83.72,82.07,82.5,1127615.3,93404835.261
2026-03-31T00:00:00+00:00,82.5,84.57,82.11,83.56,1291108.6,107732859.687
2026-03-31T04:00:00+00:00,83.56,83.88,82.64,83.07,1195889.7,99554826.163
2026-03-31T08:00:00+00:00,83.07,83.31,79.94,80.79,3334911.9,270165984.554
2026-03-31T12:00:00+00:00,80.79,82.54,80.33,80.83,3014729.7,244865383.999
2026-03-31T16:00:00+00:00,80.83,83.43,80.81,82.66,2435671.2,200953395.329
2026-03-31T20:00:00+00:00,82.66,83.36,82.28,83.15,1080195.2,89531099.094
2026-04-01T00:00:00+00:00,83.15,83.57,82.42,83.38,1077273.1,89480403.725
2026-04-01T04:00:00+00:00,83.38,84.7,83.2,83.8,1673809.7,140673138.497
2026-04-01T08:00:00+00:00,83.8,84.02,83.02,83.31,1240391.4,103506798.719
2026-04-01T12:00:00+00:00,83.31,83.85,82.31,83.56,2414557.3,200604927.214
2026-04-01T16:00:00+00:00,83.56,86.6,82.95,83.79,4278242.3,362219845.109
2026-04-01T20:00:00+00:00,83.79,83.85,80.73,81.14,3463626.8,283643859.468
2026-04-02T00:00:00+00:00,81.14,81.73,78.22,78.95,4003829.5,319112863.84
2026-04-02T04:00:00+00:00,78.95,79.62,78.55,79.59,1582096.7,125016390.803
2026-04-02T08:00:00+00:00,79.59,79.59,78.07,78.27,1505394.3,118674652.664
2026-04-02T12:00:00+00:00,78.27,79.68,76.64,79.0,4581748.8,358535615.089
2026-04-02T16:00:00+00:00,79.0,79.91,78.38,78.94,2032569.6,160802571.925
2026-04-02T20:00:00+00:00,78.94,79.34,78.56,78.9,651133.8,51419705.501
2026-04-03T00:00:00+00:00,78.9,79.77,78.82,78.95,1090476.1,86385969.859
2026-04-03T04:00:00+00:00,78.95,80.13,78.93,79.9,1308230.9,104031862.813
2026-04-03T08:00:00+00:00,79.9,80.43,79.58,80.13,1621504.7,129623993.441
2026-04-03T12:00:00+00:00,80.13,80.89,79.11,80.31,2408072.1,192619596.341
2026-04-03T16:00:00+00:00,80.31,80.66,79.82,80.17,975263.1,78271804.752
2026-04-03T20:00:00+00:00,80.17,80.68,79.89,80.36,676619.2,54316520.341
2026-04-04T00:00:00+00:00,80.36,80.37,80.0,80.12,468928.0,37582110.591
2026-04-04T04:00:00+00:00,80.12,80.5,80.06,80.28,290108.7,23271584.459
2026-04-04T08:00:00+00:00,80.28,80.36,79.86,80.14,668305.2,53495906.029
2026-04-04T12:00:00+00:00,80.14,81.6,79.53,81.04,1987011.3,160186965.424
2026-04-04T16:00:00+00:00,81.04,81.31,80.57,80.8,1149696.6,93018004.476
2026-04-04T20:00:00+00:00,80.8,81.02,80.58,80.8,678531.3,54841432.316
2026-04-05T00:00:00+00:00,80.8,80.82,80.31,80.51,525654.7,42331195.99
2026-04-05T04:00:00+00:00,80.51,80.52,79.33,79.54,1151041.3,91890138.992
2026-04-05T08:00:00+00:00,79.54,80.24,79.49,79.87,524071.9,41825887.708
2026-04-05T12:00:00+00:00,79.87,80.29,78.47,79.56,2281641.7,180877371.078
2026-04-05T16:00:00+00:00,79.56,80.18,79.31,79.75,845648.5,67436802.228
2026-04-05T20:00:00+00:00,79.75,82.11,79.04,81.88,2466525.1,198857568.012
2026-04-06T00:00:00+00:00,81.88,82.96,81.64,82.08,1767827.3,145527182.211
2026-04-06T04:00:00+00:00,82.08,82.32,80.91,81.77,1441334.1,117652294.102
2026-04-06T08:00:00+00:00,81.77,83.16,81.66,82.41,1817907.5,149869970.02
2026-04-06T12:00:00+00:00,82.41,82.82,81.67,82.25,2114637.2,173794970.543
2026-04-06T16:00:00+00:00,82.25,82.44,81.1,81.86,1185125.2,96817557.173
2026-04-06T20:00:00+00:00,81.86,82.1,79.52,79.96,1567892.4,126169842.132
2026-04-07T00:00:00+00:00,79.96,80.16,79.31,79.73,1241248.9,98966857.298
2026-04-07T04:00:00+00:00,79.73,80.11,79.24,79.8,925859.5,73738220.453
2026-04-07T08:00:00+00:00,79.8,80.54,78.89,79.16,2210782.5,176121975.547
2026-04-07T12:00:00+00:00,79.16,79.33,78.32,78.82,2025480.3,159676856.476
2026-04-07T16:00:00+00:00,78.82,81.76,78.61,81.56,2935648.1,235603299.174
2026-04-07T20:00:00+00:00,81.56,87.0,81.56,85.53,5522617.3,464448811.096
2026-04-08T00:00:00+00:00,85.53,85.88,84.25,84.53,1226528.0,103975180.345
2026-04-08T04:00:00+00:00,84.53,85.01,83.84,84.48,1301524.5,109981453.428
2026-04-08T08:00:00+00:00,84.48,85.0,84.12,84.44,1208015.7,102251005.249
2026-04-08T12:00:00+00:00,84.44,84.96,82.48,83.31,2384973.2,199692621.423
2026-04-08T16:00:00+00:00,83.31,84.14,82.73,83.16,1187920.5,99033467.148
2026-04-08T20:00:00+00:00,83.16,83.59,82.21,82.53,1137274.5,94272410.113
2026-04-09T00:00:00+00:00,82.53,82.64,81.65,81.97,1511975.8,124004222.256
2026-04-09T04:00:00+00:00,81.97,82.46,81.67,82.24,811945.0,66639666.469
2026-04-09T08:00:00+00:00,82.24,82.7,81.96,82.14,1215399.4,100090906.359
2026-04-09T12:00:00+00:00,82.14,83.9,81.34,83.7,2765516.5,228139747.125
2026-04-09T16:00:00+00:00,83.7,84.69,82.87,84.13,2677838.8,224679222.631
2026-04-09T20:00:00+00:00,84.13,85.93,83.11,83.28,1784325.4,150647958.411
2026-04-10T00:00:00+00:00,83.28,83.75,82.64,82.85,1505526.0,125172801.199
2026-04-10T04:00:00+00:00,82.85,83.55,82.83,82.92,799664.2,66545613.472
2026-04-10T08:00:00+00:00,82.92,83.7,82.65,83.49,1585480.5,131984121.752
2026-04-10T12:00:00+00:00,83.49,85.55,83.31,84.21,2523084.2,212826277.269
2026-04-10T16:00:00+00:00,84.21,85.47,84.09,85.42,1064702.4,90362546.865
2026-04-10T20:00:00+00:00,85.42,85.66,84.59,84.79,693808.7,59043690.56
2026-04-11T00:00:00+00:00,84.79,84.88,84.23,84.36,468004.1,39584267.768
2026-04-11T04:00:00+00:00,84.36,84.56,83.82,84.21,726402.2,61114774.742
2026-04-11T08:00:00+00:00,84.21,84.75,83.72,84.19,797849.3,67215878.789
2026-04-11T12:00:00+00:00,84.19,84.87,83.76,84.65,1018869.8,85829109.382
2026-04-11T16:00:00+00:00,84.65,86.27,84.57,85.99,1599272.6,136482267.196
2026-04-11T20:00:00+00:00,85.99,86.13,84.45,84.87,1129443.7,96347358.842
2026-04-12T00:00:00+00:00,84.87,84.97,81.8,82.3,2910709.8,241417151.665
2026-04-12T04:00:00+00:00,82.3,82.47,82.03,82.21,967589.5,79605169.604
2026-04-12T08:00:00+00:00,82.21,82.35,81.9,82.15,925100.1,75969677.999
2026-04-12T12:00:00+00:00,82.15,82.53,81.25,81.55,2106848.5,172362925.973
2026-04-12T16:00:00+00:00,81.55,82.29,81.48,81.93,671870.6,55063375.075
2026-04-12T20:00:00+00:00,81.93,82.88,81.15,81.49,1515226.6,124388574.475
2026-04-13T00:00:00+00:00,81.49,82.39,81.36,81.86,970932.9,79594365.464
2026-04-13T04:00:00+00:00,81.86,82.55,81.47,82.11,1019098.4,83651667.325
2026-04-13T08:00:00+00:00,82.11,82.23,81.59,81.81,903378.4,73979448.791
2026-04-13T12:00:00+00:00,81.81,83.86,81.77,82.62,2770529.3,229642536.061
2026-04-13T16:00:00+00:00,82.62,84.2,82.29,84.06,2130062.2,177612131.496
2026-04-13T20:00:00+00:00,84.06,86.84,83.78,86.5,2992095.1,255235778.508
2026-04-14T00:00:00+00:00,86.5,86.73,85.67,86.04,1510341.9,130081537.975
2026-04-14T04:00:00+00:00,86.04,86.17,85.41,85.88,1010022.5,86696817.217
2026-04-14T08:00:00+00:00,85.88,86.55,85.56,85.76,1196108.7,102898998.731
2026-04-14T12:00:00+00:00,85.76,87.62,85.17,85.92,3571068.4,308224857.649
2026-04-14T16:00:00+00:00,85.92,86.13,83.66,83.89,2290133.4,194007122.471
2026-04-14T20:00:00+00:00,83.89,84.11,83.25,83.67,1309627.4,109509362.167
2026-04-15T00:00:00+00:00,83.67,84.02,83.06,83.4,1129359.0,94407771.457
2026-04-15T04:00:00+00:00,83.4,83.74,82.59,82.9,1135521.2,94313546.648
2026-04-15T08:00:00+00:00,82.9,83.62,82.68,83.54,1847245.4,153620851.127
2026-04-15T12:00:00+00:00,83.54,84.46,83.15,83.97,2111409.7,176906297.376
2026-04-15T16:00:00+00:00,83.97,85.81,83.88,85.48,1606019.8,136276951.807
2026-04-15T20:00:00+00:00,85.48,85.61,84.15,84.87,1634441.9,138700464.909
2026-04-16T00:00:00+00:00,84.87,85.56,84.43,85.25,795977.1,67683254.69
2026-04-16T04:00:00+00:00,85.25,85.61,84.92,85.14,872744.0,74429334.636
2026-04-16T08:00:00+00:00,85.14,85.46,84.58,85.03,1358540.9,115579832.211
2026-04-16T12:00:00+00:00,85.03,87.13,83.68,86.58,4440385.4,379720039.147
2026-04-16T16:00:00+00:00,86.58,90.12,85.57,90.05,4273160.8,373884353.443
2026-04-16T20:00:00+00:00,90.05,90.45,88.68,89.02,1672377.1,149551386.545
2026-04-17T00:00:00+00:00,89.02,89.16,87.42,87.66,1296220.2,114174391.802
2026-04-17T04:00:00+00:00,87.66,88.45,87.29,88.1,1394259.3,122490381.195
2026-04-17T08:00:00+00:00,88.1,89.49,87.32,88.17,2152571.8,190129899.133
2026-04-17T12:00:00+00:00,88.17,90.72,87.86,89.9,4943552.5,442790975.058
2026-04-17T16:00:00+00:00,89.9,90.58,88.82,89.16,1684227.2,150919217.233
2026-04-17T20:00:00+00:00,89.16,89.42,88.38,88.7,1050101.2,93362301.389
2026-04-18T00:00:00+00:00,88.7,89.11,88.18,88.27,542739.4,48140764.007
2026-04-18T04:00:00+00:00,88.27,88.6,88.12,88.42,510811.0,45138253.594
2026-04-18T08:00:00+00:00,88.42,88.47,86.24,86.5,2329654.1,203170593.534
2026-04-18T12:00:00+00:00,86.5,86.94,86.36,86.7,1010862.7,87646162.111
2026-04-18T16:00:00+00:00,86.7,86.94,85.73,86.08,1192951.0,102997712.648
2026-04-18T20:00:00+00:00,86.08,86.43,85.87,86.1,469283.9,40423570.251
2026-04-19T00:00:00+00:00,86.1,86.33,85.17,85.56,770955.3,65985674.281
2026-04-19T04:00:00+00:00,85.56,85.93,84.36,84.82,1238979.7,105452729.107
2026-04-19T08:00:00+00:00,84.82,85.64,84.32,85.54,1336297.9,113420830.404
2026-04-19T12:00:00+00:00,85.54,87.07,85.49,86.32,1699631.6,146577698.479
2026-04-19T16:00:00+00:00,86.32,86.47,84.82,85.29,1312743.7,112178572.492
2026-04-19T20:00:00+00:00,85.29,85.34,82.86,83.42,2228494.7,187065844.566
2026-04-20T00:00:00+00:00,83.42,84.6,83.28,84.54,828610.8,69611517.822
2026-04-20T04:00:00+00:00,84.54,85.72,83.68,84.68,1435249.5,121490415.319
2026-04-20T08:00:00+00:00,84.68,85.36,84.49,85.01,932198.3,79160387.81
2026-04-20T12:00:00+00:00,85.01,85.87,84.36,85.82,1927476.5,164198757.873
2026-04-20T16:00:00+00:00,85.82,86.2,85.21,85.77,1024863.0,87938131.477
2026-04-20T20:00:00+00:00,85.77,86.19,85.16,85.25,719391.4,61627439.65
2026-04-21T00:00:00+00:00,85.25,85.79,84.94,85.13,736761.9,62859167.686
2026-04-21T04:00:00+00:00,85.13,85.93,84.94,85.66,825450.5,70572782.087
2026-04-21T08:00:00+00:00,85.66,86.3,85.45,85.78,877307.0,75357788.146
2026-04-21T12:00:00+00:00,85.78,86.86,85.15,86.0,1991067.3,170976375.25
2026-04-21T16:00:00+00:00,86.0,86.27,84.24,84.52,1736527.5,147891189.803
2026-04-21T20:00:00+00:00,84.52,86.09,84.37,86.0,1221192.8,104184385.871
2026-04-22T00:00:00+00:00,86.0,87.83,85.96,87.2,1706248.4,148247794.011
2026-04-22T04:00:00+00:00,87.2,88.29,86.92,88.02,1721327.6,151166394.284
2026-04-22T08:00:00+00:00,88.02,88.9,87.57,88.27,1218063.6,107421844.364
2026-04-22T12:00:00+00:00,88.27,89.28,87.96,88.11,2008385.8,177915645.804
2026-04-22T16:00:00+00:00,88.11,88.4,87.03,87.33,1274267.1,111820764.664
2026-04-22T20:00:00+00:00,87.33,87.67,86.74,86.82,605252.5,52771981.202
2026-04-23T00:00:00+00:00,86.82,87.12,85.42,85.73,1681263.1,144961742.25
2026-04-23T04:00:00+00:00,85.73,86.18,85.45,85.86,1042916.0,89591673.041
2026-04-23T08:00:00+00:00,85.86,85.9,85.13,85.75,1201311.2,102742559.777
2026-04-23T12:00:00+00:00,85.75,86.59,85.5,86.31,1941023.4,166909115.739
2026-04-23T16:00:00+00:00,86.31,86.37,84.38,85.25,2559897.3,218346836.448
2026-04-23T20:00:00+00:00,85.25,86.22,85.23,86.09,838807.9,71985575.846
2026-04-24T00:00:00+00:00,86.09,86.33,85.31,85.64,712819.0,61201795.124
2026-04-24T04:00:00+00:00,85.64,85.78,85.1,85.44,1039153.0,88740633.416
2026-04-24T08:00:00+00:00,85.44,86.28,84.84,86.14,1211128.8,103713082.479
2026-04-24T12:00:00+00:00,86.14,86.76,85.44,86.46,2514706.2,216758286.734
2026-04-24T16:00:00+00:00,86.46,86.53,85.88,86.27,761382.6,65686886.247
2026-04-24T20:00:00+00:00,86.27,86.88,86.04,86.14,764184.4,66058578.699
2026-04-25T00:00:00+00:00,86.14,86.46,85.97,86.42,500737.6,43161663.288
2026-04-25T04:00:00+00:00,86.42,86.6,86.08,86.32,863474.8,74562154.093
2026-04-25T08:00:00+00:00,86.32,86.76,86.19,86.32,896611.4,77563685.254
2026-04-25T12:00:00+00:00,86.32,86.65,86.04,86.17,495826.3,42848123.53
2026-04-25T16:00:00+00:00,86.17,86.3,85.47,85.62,981187.5,84131986.648
2026-04-25T20:00:00+00:00,85.62,86.13,85.55,86.13,322044.7,27658985.0
2026-04-26T00:00:00+00:00,86.13,86.41,85.77,85.95,573381.4,49353980.737
2026-04-26T04:00:00+00:00,85.95,86.69,85.89,86.59,861091.7,74437976.652
2026-04-26T08:00:00+00:00,86.59,86.72,86.38,86.42,437167.4,37824651.877
2026-04-26T12:00:00+00:00,86.42,86.55,85.84,86.51,964680.0,83145611.719
2026-04-26T16:00:00+00:00,86.51,87.2,86.21,86.82,1010064.0,87544652.759
2026-04-26T20:00:00+00:00,86.82,87.28,86.11,86.87,1142040.2,99037369.906
2026-04-27T00:00:00+00:00,86.87,88.07,86.49,87.69,1435605.1,125534017.932
2026-04-27T04:00:00+00:00,87.69,87.8,85.2,85.22,2362195.9,203181957.326
2026-04-27T08:00:00+00:00,85.22,85.58,84.95,85.2,1224424.7,104402704.083
2026-04-27T12:00:00+00:00,85.2,85.78,83.57,84.1,2103805.2,178264121.91
2026-04-27T16:00:00+00:00,84.1,84.65,83.78,84.15,769171.8,64812853.464
2026-04-27T20:00:00+00:00,84.15,84.86,84.06,84.76,431191.6,36401211.148
2026-04-28T00:00:00+00:00,84.76,84.89,83.84,84.13,578399.2,48794582.902
2026-04-28T04:00:00+00:00,84.13,84.39,83.58,83.98,1054329.2,88565673.1
2026-04-28T08:00:00+00:00,83.98,84.15,83.22,83.36,729042.1,60981328.93
2026-04-28T12:00:00+00:00,83.36,83.97,82.93,83.43,1348744.5,112427207.665
2026-04-28T16:00:00+00:00,83.43,83.99,83.28,83.84,786309.8,65813602.085
2026-04-28T20:00:00+00:00,83.84,84.1,83.53,84.05,926250.9,77646430.901
2026-04-29T00:00:00+00:00,84.05,84.72,83.75,84.57,1086379.5,91424064.94
2026-04-29T04:00:00+00:00,84.57,85.04,84.41,84.66,798714.7,67708262.918
2026-04-29T08:00:00+00:00,84.66,85.53,84.3,84.88,1484139.0,126202875.468
2026-04-29T12:00:00+00:00,84.88,84.88,82.94,83.22,2907622.6,243404999.829
2026-04-29T16:00:00+00:00,83.22,83.62,81.35,82.14,2897669.9,238759658.809
2026-04-29T20:00:00+00:00,82.14,83.19,82.12,83.02,1106114.8,91461764.165
2026-04-30T00:00:00+00:00,83.02,84.02,82.66,83.03,1255505.8,104689886.732
2026-04-30T04:00:00+00:00,83.03,83.38,82.12,83.32,796242.5,65840917.077
2026-04-30T08:00:00+00:00,83.32,83.53,82.74,82.98,707281.6,58798919.688
2026-04-30T12:00:00+00:00,82.98,83.8,82.65,83.3,1081691.7,90023678.159
2026-04-30T16:00:00+00:00,83.3,83.4,82.82,82.99,435987.8,36214189.089
2026-04-30T20:00:00+00:00,82.99,83.16,82.74,83.04,319196.6,26474141.862
2026-05-01T00:00:00+00:00,83.04,84.39,83.02,83.86,1168100.4,97903826.891
2026-05-01T04:00:00+00:00,83.86,84.22,83.63,83.92,991259.3,83153332.627
2026-05-01T08:00:00+00:00,83.92,84.29,83.7,83.99,516760.4,43404914.28
2026-05-01T12:00:00+00:00,83.99,84.8,83.82,84.43,1917243.3,161756375.134
2026-05-01T16:00:00+00:00,84.43,84.64,83.74,83.85,722975.9,60800714.154
2026-05-01T20:00:00+00:00,83.85,83.9,83.27,83.72,736460.9,61598514.326
2026-05-02T00:00:00+00:00,83.72,84.15,83.41,83.77,592418.3,49646012.288
2026-05-02T04:00:00+00:00,83.77,83.81,83.49,83.67,278947.3,23333619.664
2026-05-02T08:00:00+00:00,83.67,84.13,83.46,83.65,456880.0,38294424.506
2026-05-02T12:00:00+00:00,83.65,84.06,83.63,83.99,509909.4,42778354.403
2026-05-02T16:00:00+00:00,83.99,84.28,83.9,84.17,287981.8,24215711.686
2026-05-02T20:00:00+00:00,84.17,85.0,84.02,84.23,805539.1,68027772.331
2026-05-03T00:00:00+00:00,84.23,84.27,83.53,83.6,555584.7,46577639.674
2026-05-03T04:00:00+00:00,83.6,83.96,83.53,83.82,385056.4,32234331.846
2026-05-03T08:00:00+00:00,83.82,84.13,83.67,83.87,651014.0,54649060.22
2026-05-03T12:00:00+00:00,83.87,84.39,83.87,84.11,400787.5,33724401.214
2026-05-03T16:00:00+00:00,84.11,84.47,83.93,84.34,319794.9,26916993.926
2026-05-03T20:00:00+00:00,84.34,84.93,83.77,83.85,1155320.7,97419313.273
2026-05-04T00:00:00+00:00,83.85,85.61,83.3,85.39,2333620.7,197371547.288
2026-05-04T04:00:00+00:00,85.39,85.89,84.45,84.83,1326529.9,113027118.157
2026-05-04T08:00:00+00:00,84.83,85.15,83.22,83.89,2608771.4,219412837.674
2026-05-04T12:00:00+00:00,83.89,85.29,83.52,84.44,2281773.1,192674257.849
2026-05-04T16:00:00+00:00,84.44,85.17,83.91,84.42,1065702.9,90152958.453
2026-05-04T20:00:00+00:00,84.42,84.54,83.96,84.04,513356.5,43227879.396
2026-05-05T00:00:00+00:00,84.04,84.93,84.0,84.72,784346.2,66265451.812
2026-05-05T04:00:00+00:00,84.72,85.09,84.52,84.83,1250135.0,106032477.361
2026-05-05T08:00:00+00:00,84.83,84.98,84.41,84.95,594402.6,50373823.391
2026-05-05T12:00:00+00:00,84.95,86.07,84.86,85.47,1654811.9,141594038.183
2026-05-05T16:00:00+00:00,85.47,86.54,84.96,86.47,1074824.8,92173698.74
2026-05-05T20:00:00+00:00,86.47,86.98,86.13,86.27,1529226.6,132347801.256
2026-05-06T00:00:00+00:00,86.27,87.44,86.07,87.29,1924901.8,167036025.459
2026-05-06T04:00:00+00:00,87.29,87.88,86.64,87.68,1442683.1,125901621.747
2026-05-06T08:00:00+00:00,87.68,90.06,87.62,89.86,2402794.4,213853424.841
2026-05-06T12:00:00+00:00,89.86,89.96,87.42,88.93,2821756.0,250008762.339
2026-05-06T16:00:00+00:00,88.93,89.48,88.41,89.21,1417320.2,126063770.781
2026-05-06T20:00:00+00:00,89.21,89.55,88.6,89.1,1218759.9,108652770.49
2026-05-07T00:00:00+00:00,89.1,89.2,87.62,87.72,1582305.3,139599666.148
2026-05-07T04:00:00+00:00,87.72,90.38,87.66,90.1,2060747.9,183408565.551
2026-05-07T08:00:00+00:00,90.1,90.2,88.75,89.53,1733103.6,154908463.554
2026-05-07T12:00:00+00:00,89.53,90.05,87.72,88.27,2653770.1,235263475.913
2026-05-07T16:00:00+00:00,88.27,89.04,87.86,88.39,1881111.9,166508985.261
2026-05-07T20:00:00+00:00,88.39,88.8,87.6,88.39,1316843.6,115867626.589
2026-05-08T00:00:00+00:00,88.39,88.62,87.6,88.18,918215.1,80849542.094
2026-05-08T04:00:00+00:00,88.18,88.39,87.56,88.19,832987.5,73320211.819
2026-05-08T08:00:00+00:00,88.19,88.68,87.95,88.59,1169814.9,103451141.336
2026-05-08T12:00:00+00:00,88.59,89.58,87.95,89.56,2053207.2,182252772.257
2026-05-08T16:00:00+00:00,89.56,92.76,89.31,92.53,3927470.0,359050007.949
2026-05-08T20:00:00+00:00,92.53,92.66,91.69,91.97,1156663.7,106603932.157
2026-05-09T00:00:00+00:00,91.97,93.83,91.79,93.58,1601045.2,149121736.405
2026-05-09T04:00:00+00:00,93.58,94.14,92.77,93.69,1408379.5,131733759.55
2026-05-09T08:00:00+00:00,93.69,93.89,93.0,93.56,796344.6,74380282.65
2026-05-09T12:00:00+00:00,93.56,93.68,92.35,92.95,1212280.6,112767967.502
2026-05-09T16:00:00+00:00,92.95,93.6,92.63,93.47,877157.9,81726541.854
2026-05-09T20:00:00+00:00,93.47,93.49,92.97,93.07,440048.8,41024874.505
2026-05-10T00:00:00+00:00,93.07,93.4,92.56,93.34,1148259.0,106792249.263
2026-05-10T04:00:00+00:00,93.34,93.58,93.17,93.39,422684.3,39465800.087
2026-05-10T08:00:00+00:00,93.39,94.81,92.84,93.52,2369567.1,222423171.871
2026-05-10T12:00:00+00:00,93.52,94.7,93.17,94.49,1288547.1,121033302.378
2026-05-10T16:00:00+00:00,94.49,96.88,94.12,96.44,2789219.3,267019152.776
2026-05-10T20:00:00+00:00,96.44,96.84,93.37,96.44,3198465.6,304257875.218
2026-05-11T00:00:00+00:00,96.44,96.66,94.43,94.74,1715900.6,164006454.151
2026-05-11T04:00:00+00:00,94.74,96.14,94.37,95.3,971901.3,92658462.575
2026-05-11T08:00:00+00:00,95.3,95.55,94.52,95.23,1131804.6,107640718.975
2026-05-11T12:00:00+00:00,95.23,96.78,94.23,96.74,3001151.6,286273144.742
2026-05-11T16:00:00+00:00,96.74,98.36,96.43,98.13,3183604.3,310426490.849
2026-05-11T20:00:00+00:00,98.13,98.33,97.04,97.32,895658.0,87443085.51
2026-05-12T00:00:00+00:00,97.32,97.62,95.44,96.09,1763636.3,169947067.111
2026-05-12T04:00:00+00:00,96.09,96.94,95.78,96.0,968593.6,93219628.059
2026-05-12T08:00:00+00:00,96.0,96.1,94.55,94.94,1582616.6,150872546.015
2026-05-12T12:00:00+00:00,94.94,95.55,93.56,93.82,2878716.9,272259299.539
2026-05-12T16:00:00+00:00,93.82,94.94,93.55,94.86,1249475.0,117817214.516
2026-05-12T20:00:00+00:00,94.86,94.99,94.17,94.24,403908.4,38239114.053
2026-05-13T00:00:00+00:00,94.24,95.54,93.98,95.51,689753.5,65466286.815
2026-05-13T04:00:00+00:00,95.51,95.94,94.82,95.08,846294.2,80655523.713
2026-05-13T08:00:00+00:00,95.08,95.86,94.2,94.28,1382615.2,131495648.064
2026-05-13T12:00:00+00:00,94.28,94.59,90.25,90.4,5028594.3,463766326.217
2026-05-13T16:00:00+00:00,90.4,91.38,90.38,90.91,1612485.1,146576768.069
2026-05-13T20:00:00+00:00,90.91,91.29,90.55,91.1,640997.3,58322047.546
2026-05-14T00:00:00+00:00,91.1,91.39,89.75,89.89,1409459.7,127704840.454
2026-05-14T04:00:00+00:00,89.89,91.68,89.82,90.85,1166084.3,106104949.179
2026-05-14T08:00:00+00:00,90.85,91.26,90.52,90.58,790196.1,71770497.743
2026-05-14T12:00:00+00:00,90.58,93.18,90.47,93.1,2236761.9,205226199.357
2026-05-14T16:00:00+00:00,93.1,93.63,92.22,92.86,2382404.9,221711445.932
2026-05-14T20:00:00+00:00,92.86,92.96,92.1,92.14,810085.0,74933089.37
2026-05-15T00:00:00+00:00,92.14,92.63,91.39,92.02,1539407.9,141591632.279
2026-05-15T04:00:00+00:00,92.02,92.02,90.18,91.56,1889471.9,172106083.822
2026-05-15T08:00:00+00:00,91.56,91.6,90.87,91.21,950128.9,86655241.189
2026-05-15T12:00:00+00:00,91.21,91.23,88.46,89.0,2999135.0,268387336.853
2026-05-15T16:00:00+00:00,89.0,90.07,88.74,89.38,910206.2,81483708.904
2026-05-15T20:00:00+00:00,89.38,89.47,88.95,89.2,479673.5,42792075.113
2026-05-16T00:00:00+00:00,89.2,89.41,88.9,89.0,362768.8,32334819.292
2026-05-16T04:00:00+00:00,89.0,89.05,86.65,87.41,2244929.8,197189426.049
2026-05-16T08:00:00+00:00,87.41,87.61,85.44,86.04,2364587.8,203834201.761
2026-05-16T12:00:00+00:00,86.04,86.66,85.94,86.44,825979.4,71250755.011
2026-05-16T16:00:00+00:00,86.44,86.92,86.3,86.64,592002.8,51294285.684
2026-05-16T20:00:00+00:00,86.64,86.85,86.38,86.49,312303.5,27046704.855
2026-05-17T00:00:00+00:00,86.49,86.68,85.51,86.46,944984.6,81298984.28
2026-05-17T04:00:00+00:00,86.46,87.29,86.41,86.95,851736.1,73999239.039
2026-05-17T08:00:00+00:00,86.95,87.24,86.55,86.85,795650.4,69119835.874
2026-05-17T12:00:00+00:00,86.85,86.97,85.88,86.4,797133.9,68858256.485
2026-05-17T16:00:00+00:00,86.4,86.93,85.94,86.75,764478.5,66102820.343
2026-05-17T20:00:00+00:00,86.75,86.94,83.29,85.18,3346965.9,283951442.477
2026-05-18T00:00:00+00:00,85.18,85.43,84.35,84.79,1347509.0,114419928.787
2026-05-18T04:00:00+00:00,84.79,85.35,84.17,84.71,1368670.3,115973106.936
2026-05-18T08:00:00+00:00,84.71,85.28,84.02,84.92,1277182.2,108050786.135
2026-05-18T12:00:00+00:00,84.92,85.75,83.54,84.17,2420294.6,204485560.687
2026-05-18T16:00:00+00:00,84.17,85.24,83.42,84.98,1737524.4,146570923.258
2026-05-18T20:00:00+00:00,84.98,85.74,84.75,85.35,1045007.4,89139025.316
2026-05-19T00:00:00+00:00,85.35,85.95,84.57,85.05,666559.2,56801487.559
2026-05-19T04:00:00+00:00,85.05,85.64,84.43,85.45,983340.7,83658694.553
2026-05-19T08:00:00+00:00,85.45,85.57,84.19,84.33,1422998.1,120584179.293
2026-05-19T12:00:00+00:00,84.33,85.07,83.59,84.32,1428801.4,120544005.58
2026-05-19T16:00:00+00:00,84.32,85.01,84.09,84.31,854872.1,72293481.484
2026-05-19T20:00:00+00:00,84.31,84.64,83.98,84.28,509554.5,42984623.135
2026-05-20T00:00:00+00:00,84.28,84.54,83.8,84.06,652884.6,54888499.541
2026-05-20T04:00:00+00:00,84.06,85.1,83.82,84.72,748976.9,63423732.819
2026-05-20T08:00:00+00:00,84.72,85.19,84.55,84.65,471266.5,40015958.378
2026-05-20T12:00:00+00:00,84.65,86.27,84.12,85.87,2679859.6,228716412.468
2026-05-20T16:00:00+00:00,85.87,87.03,85.47,86.13,2175195.2,187618107.875
2026-05-20T20:00:00+00:00,86.13,86.32,85.5,86.12,747145.2,64227340.634
2026-05-21T00:00:00+00:00,86.12,87.0,86.05,86.81,736479.0,63796744.733
2026-05-21T04:00:00+00:00,86.81,87.18,86.15,86.59,1032710.0,89512070.267
2026-05-21T08:00:00+00:00,86.59,87.19,85.54,85.55,1506191.3,129968700.492
2026-05-21T12:00:00+00:00,85.55,86.88,85.26,86.42,1990928.6,171215481.567
2026-05-21T16:00:00+00:00,86.42,87.98,86.02,87.8,2363634.5,206317865.595
2026-05-21T20:00:00+00:00,87.8,87.92,86.96,87.3,564727.5,49376494.661
2026-05-22T00:00:00+00:00,87.3,87.31,86.54,87.0,671859.9,58439710.414
2026-05-22T04:00:00+00:00,87.0,87.36,86.47,86.95,746006.8,64797817.772
2026-05-22T08:00:00+00:00,86.95,87.5,86.67,87.31,726807.3,63315441.776
2026-05-22T12:00:00+00:00,87.31,87.83,86.16,86.72,1772320.7,154163206.266
2026-05-22T16:00:00+00:00,86.72,87.16,83.91,84.51,2930366.5,249937934.346
2026-05-22T20:00:00+00:00,84.51,85.27,83.92,84.35,1408433.1,119296769.327
2026-05-23T00:00:00+00:00,84.35,84.69,84.01,84.62,705326.9,59515621.134
2026-05-23T04:00:00+00:00,84.62,84.65,81.35,82.19,2572646.4,213052273.61
2026-05-23T08:00:00+00:00,82.19,82.41,81.64,82.22,1283706.0,105353193.713
2026-05-23T12:00:00+00:00,82.22,84.5,82.06,84.04,1798727.9,150233505.107
2026-05-23T16:00:00+00:00,84.04,85.11,83.87,84.93,1392865.5,117793660.185
2026-05-23T20:00:00+00:00,84.93,87.5,84.75,85.73,2586475.1,222880812.81
2026-05-24T00:00:00+00:00,85.73,86.19,85.58,85.76,482348.1,41417673.596
2026-05-24T04:00:00+00:00,85.76,86.71,85.51,86.03,602725.7,51885388.346
2026-05-24T08:00:00+00:00,86.03,87.02,85.97,86.63,1175055.2,101643582.293
2026-05-24T12:00:00+00:00,86.63,86.64,84.34,85.25,1371033.6,117147392.439
2026-05-24T16:00:00+00:00,85.25,85.85,85.12,85.33,833919.0,71280884.212
2026-05-24T20:00:00+00:00,85.33,85.48,83.61,85.21,1808628.2,153165907.887
2026-05-25T00:00:00+00:00,85.21,85.71,84.71,84.89,898281.9,76531739.775
2026-05-25T04:00:00+00:00,84.89,86.15,84.87,85.94,980755.4,84136029.273
2026-05-25T08:00:00+00:00,85.94,86.24,85.62,85.75,548295.2,47113744.129
2026-05-25T12:00:00+00:00,85.75,86.5,85.62,86.2,829367.2,71395655.252
2026-05-25T16:00:00+00:00,86.2,86.43,85.5,85.6,544483.3,46828982.266
2026-05-25T20:00:00+00:00,85.6,85.85,84.63,85.0,1061005.5,90338910.7
2026-05-26T00:00:00+00:00,85.0,85.05,83.74,84.16,965616.1,81263284.711
2026-05-26T04:00:00+00:00,84.16,84.93,83.95,84.3,648337.6,54723852.013
2026-05-26T08:00:00+00:00,84.3,85.79,84.2,85.18,1436250.1,122172201.753
2026-05-26T12:00:00+00:00,85.18,86.11,83.96,84.43,2302965.0,195873213.541
2026-05-26T16:00:00+00:00,84.43,84.53,83.07,83.74,1859022.2,155742178.098
2026-05-26T20:00:00+00:00,83.74,83.93,83.47,83.65,452397.8,37873800.193
2026-05-27T00:00:00+00:00,83.65,84.17,83.42,83.57,529330.3,44352953.717
2026-05-27T04:00:00+00:00,83.57,84.17,82.72,84.17,1004092.2,83842779.595
2026-05-27T08:00:00+00:00,84.17,84.39,83.57,83.9,694294.6,58290004.085
2026-05-27T12:00:00+00:00,83.9,84.8,82.92,84.4,2601937.1,218367902.769
2026-05-27T16:00:00+00:00,84.4,84.72,83.12,83.88,1387133.2,116205013.184
2026-05-27T20:00:00+00:00,83.88,84.13,82.0,82.38,1597461.2,132267946.13
2026-05-28T00:00:00+00:00,82.38,82.72,80.39,80.66,2198731.2,178991291.577
2026-05-28T04:00:00+00:00,80.66,81.23,79.86,81.19,1881416.3,151507207.548
2026-05-28T08:00:00+00:00,81.19,81.27,80.54,80.83,627769.7,50783207.373
2026-05-28T12:00:00+00:00,80.83,81.63,79.91,81.09,1896338.8,153225354.634
2026-05-28T16:00:00+00:00,81.09,82.98,80.87,82.13,1484044.2,121912467.497
2026-05-28T20:00:00+00:00,82.13,82.65,81.73,82.08,715817.0,58864565.87
2026-05-29T00:00:00+00:00,82.08,82.45,81.43,81.59,611677.1,50095248.068
2026-05-29T04:00:00+00:00,81.59,82.47,81.32,82.19,640733.4,52554246.998
2026-05-29T08:00:00+00:00,82.19,82.61,81.46,81.73,657226.9,53941537.223
2026-05-29T12:00:00+00:00,81.73,83.22,80.31,82.53,2871524.6,234799972.446
2026-05-29T16:00:00+00:00,82.53,83.21,81.53,82.03,1537554.3,126731046.832
2026-05-29T20:00:00+00:00,82.03,82.38,81.57,81.99,693543.4,56828660.91
2026-05-30T00:00:00+00:00,81.99,83.07,81.9,82.63,690773.1,57093362.525
2026-05-30T04:00:00+00:00,82.63,82.76,81.82,82.33,874859.2,72006383.279
2026-05-30T08:00:00+00:00,82.33,82.52,82.15,82.3,190978.6,15719245.098
2026-05-30T12:00:00+00:00,82.3,82.89,82.2,82.64,423083.6,34912483.351
2026-05-30T16:00:00+00:00,82.64,83.11,82.57,82.94,425812.8,35277769.123
2026-05-30T20:00:00+00:00,82.94,83.15,82.39,82.71,484792.1,40122381.003
2026-05-31T00:00:00+00:00,82.71,83.36,82.58,83.19,366119.1,30413045.353
2026-05-31T04:00:00+00:00,83.19,83.26,82.47,82.62,276659.3,22928946.396
2026-05-31T08:00:00+00:00,82.62,83.02,82.43,82.72,372493.5,30800320.501
2026-05-31T12:00:00+00:00,82.72,83.11,81.73,81.84,1030967.9,84791443.685
2026-05-31T16:00:00+00:00,81.84,81.99,81.28,81.55,638584.6,52132736.053
2026-05-31T20:00:00+00:00,81.55,82.88,81.55,82.41,717172.0,58980507.177
2026-06-01T00:00:00+00:00,82.41,83.08,81.57,82.57,845438.0,69758202.735
2026-06-01T04:00:00+00:00,82.57,82.74,80.57,80.67,1148026.3,93489781.401
2026-06-01T08:00:00+00:00,80.67,81.24,80.39,80.78,1032834.4,83549939.25
2026-06-01T12:00:00+00:00,80.78,81.06,79.14,79.57,2951140.8,236096002.316
2026-06-01T16:00:00+00:00,79.57,81.28,79.06,81.16,1577612.1,126895252.28
2026-06-01T20:00:00+00:00,81.16,81.6,80.27,81.23,1307783.6,105854257.55
2026-06-02T00:00:00+00:00,81.23,81.26,79.33,80.87,1070134.8,85947566.545
2026-06-02T04:00:00+00:00,80.87,80.98,79.08,79.62,1371395.7,109517983.795
2026-06-02T08:00:00+00:00,79.62,79.77,78.72,78.9,934718.4,73988384.159
2026-06-02T12:00:00+00:00,78.9,79.19,75.38,76.33,4100985.4,317355228.949
2026-06-02T16:00:00+00:00,76.33,77.62,74.35,75.47,2474611.5,188323114.933
2026-06-02T20:00:00+00:00,75.47,76.04,72.67,74.17,2640906.3,196182084.678
2026-06-03T00:00:00+00:00,74.17,75.08,72.2,72.65,2045738.4,151039289.535
2026-06-03T04:00:00+00:00,72.65,75.39,72.62,75.23,1986175.5,147801478.085
2026-06-03T08:00:00+00:00,75.23,75.68,74.67,75.07,1398800.9,105117907.794
2026-06-03T12:00:00+00:00,75.07,75.33,73.19,73.25,1986526.0,147709563.901
2026-06-03T16:00:00+00:00,73.25,74.08,71.64,71.93,4338594.7,315338544.896
2026-06-03T20:00:00+00:00,71.93,73.12,70.71,71.57,3038503.2,218224305.949
2026-06-04T00:00:00+00:00,71.57,72.05,66.57,71.43,5272042.7,365825148.059
2026-06-04T04:00:00+00:00,71.43,71.73,69.06,69.09,2289014.1,160915880.3
2026-06-04T08:00:00+00:00,69.09,69.38,67.33,68.64,3554580.4,242717092.202
2026-06-04T12:00:00+00:00,68.64,70.58,68.26,69.61,3069962.1,213966597.986
2026-06-04T16:00:00+00:00,69.61,69.87,68.46,69.03,2150097.3,148884323.856
2026-06-04T20:00:00+00:00,69.03,69.08,67.51,68.81,1899369.5,129766927.483
2026-06-05T00:00:00+00:00,68.81,69.07,66.87,67.04,2270451.7,153903361.767
2026-06-05T04:00:00+00:00,67.04,68.05,63.76,66.13,6613007.0,434077907.0855
2026-06-05T08:00:00+00:00,66.13,66.76,65.03,66.03,2233349.8,147429050.745
2026-06-05T12:00:00+00:00,66.03,66.78,63.71,64.21,5155760.4,335957844.189
2026-06-05T16:00:00+00:00,64.21,66.03,61.42,63.39,6378094.3,407323805.605
2026-06-05T20:00:00+00:00,63.39,65.4,62.59,63.59,3386254.5,217175427.333
2026-06-06T00:00:00+00:00,63.59,64.81,62.5,62.79,1489432.1,94952325.265
2026-06-06T04:00:00+00:00,62.79,63.32,60.03,62.74,4204782.9,260056502.531
2026-06-06T08:00:00+00:00,62.74,63.56,61.13,62.4,2392675.4,148889038.703
2026-06-06T12:00:00+00:00,62.4,63.05,61.26,62.01,2295505.5,143103201.903
2026-06-06T16:00:00+00:00,62.01,62.36,61.32,61.6,1744470.8,107821304.831
2026-06-06T20:00:00+00:00,61.6,62.33,61.3,62.16,1282483.1,79211939.151
2026-06-07T00:00:00+00:00,62.16,64.19,61.91,63.78,2008596.6,126945098.613
2026-06-07T04:00:00+00:00,63.78,64.97,63.26,64.87,1327670.3,85445206.288
2026-06-07T08:00:00+00:00,64.87,66.06,64.38,64.99,2152270.4,140163213.57
2026-06-07T12:00:00+00:00,64.99,65.29,63.58,64.92,2189113.6,140863538.693
2026-06-07T16:00:00+00:00,64.92,65.56,63.55,63.89,1735141.4,112152353.543
2026-06-07T20:00:00+00:00,63.89,67.91,63.67,66.45,4137691.1,274000285.438
2026-06-08T00:00:00+00:00,66.45,67.06,65.35,66.31,1688612.1,111880766.571
2026-06-08T04:00:00+00:00,66.31,66.37,64.92,66.07,1171694.0,76852160.245
2026-06-08T08:00:00+00:00,66.07,67.03,65.4,66.64,1550205.9,102686133.309
2026-06-08T12:00:00+00:00,66.64,67.79,65.95,67.14,2238783.9,149852272.073
2026-06-08T16:00:00+00:00,67.14,67.79,66.5,67.42,1580113.5,106178870.061
2026-06-08T20:00:00+00:00,67.42,68.15,66.6,66.78,1638093.8,110255511.789
2026-06-09T00:00:00+00:00,66.78,66.84,65.23,65.99,1861672.7,122514945.437
2026-06-09T04:00:00+00:00,65.99,67.46,65.78,66.87,1865789.4,124737495.338
2026-06-09T08:00:00+00:00,66.87,66.9,65.85,66.08,1534011.0,101695549.165
2026-06-09T12:00:00+00:00,66.08,66.48,64.23,64.29,2878838.2,187977560.715
2026-06-09T16:00:00+00:00,64.29,65.63,63.5,65.38,2756639.6,178055265.727
2026-06-09T20:00:00+00:00,65.38,65.67,64.66,64.94,848257.2,55254156.7
2026-06-10T00:00:00+00:00,64.94,65.26,64.2,64.48,725763.0,46985194.004
2026-06-10T04:00:00+00:00,64.48,64.73,63.78,64.46,860608.3,55270404.371
2026-06-10T08:00:00+00:00,64.46,64.49,62.88,63.46,2325909.0,147636732.584
2026-06-10T12:00:00+00:00,63.46,65.76,63.26,65.41,4047404.6,261790970.536
2026-06-10T16:00:00+00:00,65.41,65.45,63.32,63.51,2321436.5,148977832.898
2026-06-10T20:00:00+00:00,63.51,63.62,62.3,63.15,1703709.6,107149752.44
2026-06-11T00:00:00+00:00,63.15,65.49,63.15,65.24,3035403.2,196175733.263
2026-06-11T04:00:00+00:00,65.24,65.41,64.73,65.03,970701.9,63183144.069
2026-06-11T08:00:00+00:00,65.03,66.29,64.99,65.86,1672815.6,109703938.192
2026-06-11T12:00:00+00:00,65.86,65.9,64.88,65.52,2434993.0,159143021.546
2026-06-11T16:00:00+00:00,65.52,67.36,65.01,66.9,2898850.0,192479219.711
2026-06-11T20:00:00+00:00,66.9,67.13,66.34,66.88,852353.1,56939690.097
2026-06-12T00:00:00+00:00,66.88,67.28,66.37,67.0,1065596.0,71164054.494
2026-06-12T04:00:00+00:00,67.0,67.22,65.9,66.27,1034940.8,68736426.265
2026-06-12T08:00:00+00:00,66.27,67.46,66.27,66.89,1053612.5,70547809.013
2026-06-12T12:00:00+00:00,66.89,68.8,66.32,67.2,3589555.4,242447524.65
2026-06-12T16:00:00+00:00,67.2,68.19,66.64,66.74,1539391.1,103642581.552
2026-06-12T20:00:00+00:00,66.74,66.99,66.38,66.78,841719.9,56081822.434
2026-06-13T00:00:00+00:00,66.78,67.47,66.64,66.84,723607.7,48497700.369
2026-06-13T04:00:00+00:00,66.84,67.49,66.5,67.32,954761.6,63982792.161
2026-06-13T08:00:00+00:00,67.32,67.91,67.22,67.87,840344.1,56732172.76
2026-06-13T12:00:00+00:00,67.87,68.69,67.74,68.56,1402756.5,95729165.937
2026-06-13T16:00:00+00:00,68.56,68.59,67.78,68.19,1206317.2,82086593.703
2026-06-13T20:00:00+00:00,68.19,69.69,68.0,68.89,1398648.4,96481416.698
2026-06-14T00:00:00+00:00,68.89,69.06,68.58,68.92,547718.2,37701500.596
2026-06-14T04:00:00+00:00,68.92,68.98,67.99,68.19,957543.5,65436108.345
2026-06-14T08:00:00+00:00,68.19,68.48,67.87,68.05,594423.9,40539358.433
2026-06-14T12:00:00+00:00,68.05,68.12,66.91,67.39,1464845.4,98816528.186
2026-06-14T16:00:00+00:00,67.39,67.7,67.14,67.52,548003.3,36980398.268
2026-06-14T20:00:00+00:00,67.52,71.26,67.4,71.23,3427880.6,239304589.155
2026-06-15T00:00:00+00:00,71.23,71.67,70.65,71.21,1442183.8,102701058.487
2026-06-15T04:00:00+00:00,71.21,71.5,70.78,71.24,701560.4,49942076.973
2026-06-15T08:00:00+00:00,71.24,72.85,70.74,72.57,2186648.9,157168564.577
2026-06-15T12:00:00+00:00,72.57,75.22,72.29,75.21,3444042.0,253691652.91
2026-06-15T16:00:00+00:00,75.21,76.06,74.52,75.24,2539569.8,191149833.659
2026-06-15T20:00:00+00:00,75.24,75.41,73.57,73.94,1274511.9,94742295.99
2026-06-16T00:00:00+00:00,73.94,74.36,72.73,73.7,1516150.2,111495894.078
2026-06-16T04:00:00+00:00,73.7,74.52,73.15,74.42,1168592.2,86316629.991
2026-06-16T08:00:00+00:00,74.42,75.61,74.3,74.64,1540605.1,115351799.738
2026-06-16T12:00:00+00:00,74.64,75.51,72.28,73.24,2794639.8,206068516.592
2026-06-16T16:00:00+00:00,73.24,74.31,72.94,73.8,1538711.0,113319132.64
2026-06-16T20:00:00+00:00,73.8,74.23,73.38,73.48,571764.9,42213722.983
2026-06-17T00:00:00+00:00,73.48,74.44,73.11,73.65,882881.9,65125352.933
2026-06-17T04:00:00+00:00,73.65,74.08,72.91,73.21,977732.9,71684714.698
2026-06-17T08:00:00+00:00,73.21,73.24,71.67,71.98,1455930.1,105320648.639
2026-06-17T12:00:00+00:00,71.98,73.86,71.55,73.78,2306348.7,167294717.021
2026-06-17T16:00:00+00:00,73.78,74.67,71.33,71.61,4304547.4,314949390.485
2026-06-17T20:00:00+00:00,71.61,72.2,70.77,71.99,1497392.3,107364689.56
2026-06-18T00:00:00+00:00,71.99,72.63,71.47,71.6,886978.5,63966376.611
2026-06-18T04:00:00+00:00,71.6,71.8,70.58,71.72,1002402.8,71330635.409
2026-06-18T08:00:00+00:00,71.72,72.12,70.67,70.89,1159554.3,82814970.803
2026-06-18T12:00:00+00:00,70.89,71.78,68.35,68.44,3843554.2,269833539.839
2026-06-18T16:00:00+00:00,68.44,69.49,68.19,69.35,2133174.3,146782723.153
2026-06-18T20:00:00+00:00,69.35,69.93,69.22,69.67,815588.2,56757833.752
2026-06-19T00:00:00+00:00,69.67,70.05,68.53,69.01,1113100.5,77115348.12
2026-06-19T04:00:00+00:00,69.01,69.24,67.92,68.33,1043897.0,71466901.403
2026-06-19T08:00:00+00:00,68.33,68.72,68.0,68.2,846296.6,57815677.065
2026-06-19T12:00:00+00:00,68.2,69.54,67.86,69.29,1849563.2,127358537.769
2026-06-19T16:00:00+00:00,69.29,69.53,68.58,68.92,782736.9,54069145.799
2026-06-19T20:00:00+00:00,68.92,69.87,68.67,69.69,707004.1,48999399.908
2026-06-20T00:00:00+00:00,69.69,70.11,69.45,69.96,646661.3,45125478.698
2026-06-20T04:00:00+00:00,69.96,72.49,69.82,71.55,2449630.4,175282329.01
2026-06-20T08:00:00+00:00,71.55,72.06,71.18,71.75,896014.7,64094950.019
2026-06-20T12:00:00+00:00,71.75,72.62,70.41,72.01,2188983.3,156570559.517
2026-06-20T16:00:00+00:00,72.01,72.04,71.06,71.84,925674.8,66299015.055
2026-06-20T20:00:00+00:00,71.84,74.28,71.68,73.19,1712101.0,125331760.258
2026-06-21T00:00:00+00:00,73.19,73.83,72.85,73.58,689117.1,50492487.608
2026-06-21T04:00:00+00:00,73.58,73.82,72.96,73.18,878205.3,64322052.866
2026-06-21T08:00:00+00:00,73.18,74.37,72.68,73.16,1588921.9,116860630.37
2026-06-21T12:00:00+00:00,73.16,74.29,72.88,74.12,1627653.9,119871311.947
2026-06-21T16:00:00+00:00,74.12,74.68,73.78,74.38,1285675.4,95461531.082
2026-06-21T20:00:00+00:00,74.38,74.54,72.23,72.42,2277356.7,166106882.455
2026-06-22T00:00:00+00:00,72.42,74.96,72.41,73.48,1732620.2,127967188.827
2026-06-22T04:00:00+00:00,73.48,74.46,73.31,74.07,962804.7,71176386.085
2026-06-22T08:00:00+00:00,74.07,74.42,73.53,74.16,1213377.7,89735227.39
2026-06-22T12:00:00+00:00,74.16,74.96,72.93,73.09,3330915.1,246468984.366
2026-06-22T16:00:00+00:00,73.09,73.53,72.4,72.65,2175097.7,158445756.474
2026-06-22T20:00:00+00:00,72.65,72.91,71.14,71.9,2234195.6,160783512.425
2026-06-23T00:00:00+00:00,71.9,72.01,71.25,71.95,841774.6,60396978.134
2026-06-23T04:00:00+00:00,71.95,72.0,69.61,69.97,2387630.8,168217522.28
2026-06-23T08:00:00+00:00,69.97,70.08,68.05,69.26,3042292.3,209584888.94
2026-06-23T12:00:00+00:00,69.26,69.63,68.33,68.87,2663569.3,183901768.535
2026-06-23T16:00:00+00:00,68.87,69.36,68.58,68.79,1153450.1,79485645.112
2026-06-23T20:00:00+00:00,68.79,69.79,68.79,69.66,921914.0,63915679.504
2026-06-24T00:00:00+00:00,69.66,70.35,69.04,69.51,1234681.4,86155068.152
2026-06-24T04:00:00+00:00,69.51,70.17,68.94,69.33,933766.8,65002874.147
2026-06-24T08:00:00+00:00,69.33,70.42,68.73,69.78,1465332.9,101619646.594
2026-06-24T12:00:00+00:00,69.78,69.89,67.2,67.28,4027580.7,276491620.164
2026-06-24T16:00:00+00:00,67.28,67.98,64.66,66.09,5150672.0,340839329.666
2026-06-24T20:00:00+00:00,66.09,68.52,65.95,68.07,2384014.3,160992221.819
2026-06-25T00:00:00+00:00,68.07,68.28,67.36,67.63,904638.2,61259820.935
2026-06-25T04:00:00+00:00,67.63,69.63,67.43,69.41,1911667.5,131578594.202
2026-06-25T08:00:00+00:00,69.41,69.42,67.95,68.13,1536917.5,105535861.953
2026-06-25T12:00:00+00:00,68.13,68.88,63.96,66.27,7383168.8,488394947.448
2026-06-25T16:00:00+00:00,66.27,67.33,65.6,66.16,2697445.7,179028484.444
2026-06-25T20:00:00+00:00,66.16,68.79,66.03,67.68,1969192.9,132236780.061
2026-06-26T00:00:00+00:00,67.68,68.48,65.87,68.18,2579166.3,172930204.457
2026-06-26T04:00:00+00:00,68.18,71.0,67.93,70.75,3409141.3,236482988.184
2026-06-26T08:00:00+00:00,70.75,70.86,68.37,68.59,2612821.8,181154153.322
2026-06-26T12:00:00+00:00,68.59,72.24,68.2,72.04,5111726.5,359676235.142
2026-06-26T16:00:00+00:00,72.04,73.91,71.97,72.99,3388148.3,246785207.454
2026-06-26T20:00:00+00:00,72.99,73.67,71.2,71.86,3000261.4,217113318.457
2026-06-27T00:00:00+00:00,71.86,72.56,71.3,72.21,1309984.6,94254725.516
2026-06-27T04:00:00+00:00,72.21,72.55,71.47,72.27,1293240.3,93164563.086
2026-06-27T08:00:00+00:00,72.27,72.3,71.49,71.77,631587.3,45408505.792
2026-06-27T12:00:00+00:00,71.77,73.17,71.61,72.81,1032330.5,74952048.423
2026-06-27T16:00:00+00:00,72.81,73.0,70.89,71.07,2178680.1,156417115.471
2026-06-27T20:00:00+00:00,71.07,71.6,70.19,70.46,1168826.0,82796210.124
2026-06-28T00:00:00+00:00,70.46,70.97,70.37,70.82,602576.3,42597026.263
2026-06-28T04:00:00+00:00,70.82,71.05,70.11,71.04,760085.7,53634618.565
2026-06-28T08:00:00+00:00,71.04,72.18,71.01,71.88,1521062.6,109004611.999
2026-06-28T12:00:00+00:00,71.88,72.39,71.28,72.06,888337.4,63789931.684
2026-06-28T16:00:00+00:00,72.06,72.11,70.18,70.69,1886457.9,134258440.975
2026-06-28T20:00:00+00:00,70.69,71.76,69.65,71.36,2118180.2,149865027.83
2026-06-29T00:00:00+00:00,71.36,73.35,70.27,72.65,2714610.6,194725501.436
2026-06-29T04:00:00+00:00,72.65,73.11,70.96,72.69,2132057.2,153806610.272
2026-06-29T08:00:00+00:00,72.69,73.64,72.19,72.48,1451118.6,105723307.951
2026-06-29T12:00:00+00:00,72.48,74.53,72.09,73.88,6021508.8,441933383.71
2026-06-29T16:00:00+00:00,73.88,76.46,72.84,75.96,3436778.2,258091134.432
2026-06-29T20:00:00+00:00,75.96,75.99,74.86,75.13,898348.7,67705132.659
2026-06-30T00:00:00+00:00,75.13,75.18,74.0,74.15,1280948.6,95363414.623
2026-06-30T04:00:00+00:00,74.15,74.23,73.61,74.12,1420082.3,105000725.374
2026-06-30T08:00:00+00:00,74.12,74.19,73.3,73.36,1402142.8,103185578.09
2026-06-30T12:00:00+00:00,73.36,74.18,71.86,73.1,4847599.4,353609659.638
2026-06-30T16:00:00+00:00,73.1,73.97,72.69,73.72,1574797.5,115503578.564
2026-06-30T20:00:00+00:00,73.72,73.93,73.14,73.63,758151.3,55717860.863
2026-07-01T00:00:00+00:00,73.63,75.68,72.21,75.45,2335319.4,173173100.722
2026-07-01T04:00:00+00:00,75.45,75.86,73.92,74.85,1905985.2,142574821.57
2026-07-01T08:00:00+00:00,74.85,75.55,74.43,74.78,1755125.5,131691335.298
2026-07-01T12:00:00+00:00,74.78,77.8,74.21,77.4,4386270.0,333746156.825
2026-07-01T16:00:00+00:00,77.4,78.22,76.73,76.96,2233759.6,172951724.115
2026-07-01T20:00:00+00:00,76.96,78.94,76.55,77.41,2155390.6,167704399.589
2026-07-02T00:00:00+00:00,77.41,78.98,76.85,78.68,1454507.9,113385913.086
2026-07-02T04:00:00+00:00,78.68,78.69,77.54,77.96,1002094.3,78225957.988
2026-07-02T08:00:00+00:00,77.96,82.74,77.91,82.35,4057463.2,327559269.242
2026-07-02T12:00:00+00:00,82.35,82.43,80.03,80.81,3284347.5,266593020.951
2026-07-02T16:00:00+00:00,80.81,81.28,80.11,80.77,1523683.7,123081683.852
2026-07-02T20:00:00+00:00,80.77,81.13,80.35,80.68,623252.7,50280489.466
2026-07-03T00:00:00+00:00,80.68,81.64,80.28,80.68,1211779.1,98134283.415
2026-07-03T04:00:00+00:00,80.68,81.49,80.43,81.19,699642.6,56642756.271
2026-07-03T08:00:00+00:00,81.19,81.84,80.61,81.51,1200427.3,97576591.468
2026-07-03T12:00:00+00:00,81.51,82.09,80.86,81.16,1282455.1,104410717.733
2026-07-03T16:00:00+00:00,81.16,83.25,81.01,82.45,1274341.9,104722009.792
2026-07-03T20:00:00+00:00,82.45,83.01,82.09,82.31,975259.6,80476343.678
2026-07-04T00:00:00+00:00,82.31,82.84,81.75,82.68,838712.4,68981858.91
2026-07-04T04:00:00+00:00,82.68,83.95,82.23,82.67,1355944.1,112670120.555
2026-07-04T08:00:00+00:00,82.67,82.74,81.37,81.78,1053989.9,86323093.281
2026-07-04T12:00:00+00:00,81.78,82.37,81.25,82.18,1026503.8,83981063.267
2026-07-04T16:00:00+00:00,82.18,82.79,81.65,81.82,983424.0,80842367.673
2026-07-04T20:00:00+00:00,81.82,82.19,81.4,81.74,459710.3,37595771.494
2026-07-05T00:00:00+00:00,81.74,81.77,80.14,80.51,1264213.9,102097189.177
2026-07-05T04:00:00+00:00,80.51,80.82,80.18,80.66,661649.2,53268431.727
2026-07-05T08:00:00+00:00,80.66,80.82,79.64,80.51,1203668.8,96458614.42
2026-07-05T12:00:00+00:00,80.51,81.73,80.31,81.31,1486335.1,120431052.017
2026-07-05T16:00:00+00:00,81.31,81.47,80.77,80.99,607991.7,49291375.303
2026-07-05T20:00:00+00:00,80.99,82.4,80.73,81.56,1459747.7,119308368.526
2026-07-06T00:00:00+00:00,81.56,82.32,80.41,80.76,1187364.4,96568107.22
2026-07-06T04:00:00+00:00,80.76,80.99,80.09,80.77,798722.1,64310662.975
2026-07-06T08:00:00+00:00,80.77,81.05,80.01,80.34,928672.4,74738832.03
2026-07-06T12:00:00+00:00,80.34,81.52,79.19,81.45,4178248.8,334847268.818
2026-07-06T16:00:00+00:00,81.45,82.39,81.22,82.02,1628383.2,133281388.873
2026-07-06T20:00:00+00:00,82.02,83.77,81.62,81.93,1994135.2,164961626.075
2026-07-07T00:00:00+00:00,81.93,82.47,80.93,81.02,1016042.3,83066424.141
2026-07-07T04:00:00+00:00,81.02,81.7,80.42,81.46,1136420.5,92110405.796
2026-07-07T08:00:00+00:00,81.46,81.55,80.72,81.28,860611.1,69891790.919
2026-07-07T12:00:00+00:00,81.28,82.33,80.46,82.07,1710637.7,139245727.544
2026-07-07T16:00:00+00:00,82.07,82.75,80.71,81.32,1420049.8,116136278.642
2026-07-07T20:00:00+00:00,81.32,81.45,80.26,80.53,857672.1,69343092.611
2026-07-08T00:00:00+00:00,80.53,80.73,78.16,78.68,1954007.0,154892342.735
2026-07-08T04:00:00+00:00,78.68,78.89,77.76,78.26,1234271.6,96643175.343
2026-07-08T08:00:00+00:00,78.26,78.38,76.85,77.51,2079011.8,160798661.92
2026-07-08T12:00:00+00:00,77.51,77.61,76.24,76.7,2129292.7,163863793.501
2026-07-08T16:00:00+00:00,76.7,77.63,76.7,77.37,1022025.7,78838137.012
2026-07-08T20:00:00+00:00,77.37,77.91,76.87,77.79,653223.3,50543159.058
2026-07-09T00:00:00+00:00,77.79,78.76,76.67,77.34,1268556.6,98446987.317
2026-07-09T04:00:00+00:00,77.34,78.83,77.18,78.17,1076835.2,84096312.724
2026-07-09T08:00:00+00:00,78.17,78.37,77.28,77.58,720564.8,56090980.783
2026-07-09T12:00:00+00:00,77.58,78.47,77.29,77.56,1735405.4,135016374.895
2026-07-09T16:00:00+00:00,77.56,78.42,77.2,78.1,917910.5,71494305.126
2026-07-09T20:00:00+00:00,78.1,78.27,77.72,77.99,339774.9,26514666.61
2026-07-10T00:00:00+00:00,77.99,79.44,77.75,79.02,1164179.0,91704643.55
2026-07-10T04:00:00+00:00,79.02,79.34,78.71,78.84,610020.8,48178861.848
2026-07-10T08:00:00+00:00,78.84,79.63,78.76,79.33,1081599.7,85748216.022
2026-07-10T12:00:00+00:00,79.33,79.52,77.03,78.1,2395324.8,187262859.012
2026-07-10T16:00:00+00:00,78.1,78.23,77.28,77.85,818358.5,63633621.569
2026-07-10T20:00:00+00:00,77.85,78.2,77.67,78.09,463491.6,36127851.362
2026-07-11T00:00:00+00:00,78.09,78.09,77.42,77.74,404134.6,31410937.944
2026-07-11T04:00:00+00:00,77.74,78.08,77.55,77.94,363365.8,28292189.221
2026-07-11T08:00:00+00:00,77.94,78.31,77.69,78.06,489384.2,38157867.102
2026-07-11T12:00:00+00:00,78.06,78.85,77.88,78.35,860659.3,67410508.027
2026-07-11T16:00:00+00:00,78.35,78.38,77.62,78.11,651812.6,50845122.686
2026-07-11T20:00:00+00:00,78.11,78.29,76.72,76.73,921240.7,71317767.655
2026-07-12T00:00:00+00:00,76.73,77.04,75.59,77.01,1560197.9,119111080.262
2026-07-12T04:00:00+00:00,77.01,77.05,75.8,76.47,707035.0,54015490.01
2026-07-12T08:00:00+00:00,76.47,77.24,76.34,76.9,505563.0,38804010.061
2026-07-12T12:00:00+00:00,76.9,77.69,76.73,77.44,806863.8,62341044.806
2026-07-12T16:00:00+00:00,77.44,77.77,77.19,77.63,461797.7,35772948.28
2026-07-12T20:00:00+00:00,77.63,77.69,76.42,76.88,650480.3,50024882.108
2026-07-13T00:00:00+00:00,76.88,78.19,75.38,75.82,2095456.8,160810915.393
2026-07-13T04:00:00+00:00,75.82,76.65,75.67,76.41,725198.2,55249832.76
2026-07-13T08:00:00+00:00,76.41,76.85,76.05,76.3,756005.9,57795553.492
2026-07-13T12:00:00+00:00,76.3,76.37,75.05,75.78,1916142.8,145112159.327
2026-07-13T16:00:00+00:00,75.78,76.0,74.42,75.15,1797833.7,134764945.27
2026-07-13T20:00:00+00:00,75.15,75.3,74.04,74.95,919984.0,68612510.958
2026-07-14T00:00:00+00:00,74.95,75.52,74.5,75.1,724186.5,54354063.865
2026-07-14T04:00:00+00:00,75.1,75.45,74.86,74.91,490277.9,36853039.598
2026-07-14T08:00:00+00:00,74.91,75.57,74.81,75.35,466906.7,35122495.999
2026-07-14T12:00:00+00:00,75.35,77.93,75.14,77.34,3736682.3,287118169.315
2026-07-14T16:00:00+00:00,77.34,77.63,76.77,77.13,1300611.1,100370464.358
2026-07-14T20:00:00+00:00,77.13,77.94,76.89,77.82,717487.1,55574721.73
2026-07-15T00:00:00+00:00,77.82,77.88,76.98,77.74,604527.5,46812080.522
2026-07-15T04:00:00+00:00,77.74,78.66,77.36,77.38,1198511.5,93513726.809
2026-07-15T08:00:00+00:00,77.38,77.87,77.17,77.49,658429.0,50999343.151
2026-07-15T12:00:00+00:00,77.49,79.01,77.21,78.02,2423618.0,189452501.403
2026-07-15T16:00:00+00:00,78.02,78.07,76.88,77.12,1577016.5,122162032.167
2026-07-15T20:00:00+00:00,77.12,77.74,77.04,77.23,620134.3,47983376.306
2026-07-16T00:00:00+00:00,77.23,77.44,76.64,76.89,616870.1,47472144.486
2026-07-16T04:00:00+00:00,76.89,77.6,76.15,76.4,1561390.5,119943335.647
2026-07-16T08:00:00+00:00,76.4,76.46,75.57,76.22,1172492.8,89148311.018
2026-07-16T12:00:00+00:00,76.22,76.86,75.63,76.58,1441139.0,109998055.328
2026-07-16T16:00:00+00:00,76.58,76.59,75.34,75.76,1086453.1,82380341.44
2026-07-16T20:00:00+00:00,75.76,76.03,74.96,75.26,806304.0,60827980.317
2026-07-17T00:00:00+00:00,75.26,75.7,74.66,75.18,958720.1,72084679.273
2026-07-17T04:00:00+00:00,75.18,75.31,74.24,74.56,985594.7,73564015.715
2026-07-17T08:00:00+00:00,74.56,74.97,74.15,74.82,566237.5,42247029.153
2026-07-17T12:00:00+00:00,74.82,74.83,73.3,74.74,2149309.4,159172477.967
2026-07-17T16:00:00+00:00,74.74,75.58,74.57,75.17,889673.2,66743051.285
2026-07-17T20:00:00+00:00,75.17,75.19,74.79,74.99,399980.7,29987567.319
2026-07-18T00:00:00+00:00,74.99,75.42,74.94,75.33,254925.4,19165346.899
2026-07-18T04:00:00+00:00,75.33,75.33,74.82,74.92,293631.3,22012568.57
2026-07-18T08:00:00+00:00,74.92,74.99,74.62,74.92,290877.8,21762190.788
2026-07-18T12:00:00+00:00,74.92,75.15,74.46,74.93,455667.7,34082545.327
2026-07-18T16:00:00+00:00,74.93,75.6,74.8,75.4,638895.4,48081558.178
2026-07-18T20:00:00+00:00,75.4,75.6,75.28,75.46,304081.7,22940543.285
2026-07-19T00:00:00+00:00,75.46,76.57,75.4,75.91,761765.2,57884291.003
2026-07-19T04:00:00+00:00,75.91,76.3,75.66,76.1,362686.4,27554016.877
2026-07-19T08:00:00+00:00,76.1,76.49,75.84,76.04,580870.9,44237549.365
2026-07-19T12:00:00+00:00,76.04,76.66,75.71,76.18,667720.0,50858900.656
2026-07-19T16:00:00+00:00,76.18,76.25,75.31,75.85,821985.1,62300880.561
2026-07-19T20:00:00+00:00,75.85,76.54,75.57,76.33,726822.1,55285225.87
2026-07-20T00:00:00+00:00,76.33,77.39,76.09,76.71,1411081.3,108320154.427
2026-07-20T04:00:00+00:00,76.71,76.91,75.46,76.19,857272.4,65161812.586
2026-07-20T08:00:00+00:00,76.19,77.22,75.85,77.11,1095637.8,83876745.103
2026-07-20T12:00:00+00:00,77.11,77.91,75.73,77.75,1921884.3,147695201.547
2026-07-20T16:00:00+00:00,77.75,78.36,77.24,77.6,1496580.8,116306027.753
2026-07-20T20:00:00+00:00,77.6,78.03,77.4,77.81,410044.2,31880817.394
2026-07-21T00:00:00+00:00,77.81,78.56,77.63,78.17,472361.4,36884247.416
2026-07-21T04:00:00+00:00,78.17,78.86,77.98,78.53,657652.9,51592371.27
2026-07-21T08:00:00+00:00,78.53,78.71,78.03,78.31,585342.3,45837584.376
2026-07-21T12:00:00+00:00,78.31,78.61,77.75,78.11,1194607.3,93409521.548
2026-07-21T16:00:00+00:00,78.11,78.22,77.34,77.83,692725.4,53890150.686
2026-07-21T20:00:00+00:00,77.83,78.17,77.76,78.09,454807.7,35454811.853
2026-07-22T00:00:00+00:00,78.09,78.55,77.74,77.83,573724.1,44908656.226
2026-07-22T04:00:00+00:00,77.83,78.21,76.93,77.07,1082232.0,83751630.327
2026-07-22T08:00:00+00:00,77.07,77.81,77.02,77.53,628680.5,48691039.798
2026-07-22T12:00:00+00:00,77.53,78.85,77.0,78.44,2077977.5,161662502.552
2026-07-22T16:00:00+00:00,78.44,78.78,77.26,77.62,1004426.0,78378205.083
2026-07-22T20:00:00+00:00,77.62,78.09,77.43,77.93,657563.4,51136496.376
2026-07-23T00:00:00+00:00,77.93,78.5,77.32,77.55,646570.5,50360507.072
2026-07-23T04:00:00+00:00,77.55,77.77,76.97,77.11,638057.7,49348283.083
2026-07-23T08:00:00+00:00,77.11,77.83,77.05,77.61,471870.9,36582634.78
2026-07-23T12:00:00+00:00,77.61,77.7,75.81,76.35,1927134.8,147503185.192
2026-07-23T16:00:00+00:00,76.35,76.36,75.36,75.69,1188668.2,90059783.681
2026-07-23T20:00:00+00:00,75.69,76.23,75.65,75.82,489707.5,37219715.575
2026-07-24T00:00:00+00:00,75.82,76.08,75.25,75.8,712624.8,53954362.136
2026-07-24T04:00:00+00:00,75.8,76.41,75.55,76.01,536422.1,40735078.82
2026-07-24T08:00:00+00:00,76.01,76.03,74.87,75.15,940950.9,70932108.98
2026-07-24T12:00:00+00:00,75.15,75.26,73.55,73.99,1912349.0,141921040.389
2026-07-24T16:00:00+00:00,73.99,74.18,73.66,73.91,569841.8,42128683.007
2026-07-24T20:00:00+00:00,73.91,73.99,73.39,73.92,508976.8,37508351.587
2026-07-25T00:00:00+00:00,73.92,74.28,73.89,74.09,333160.2,24670581.172
2026-07-25T04:00:00+00:00,74.09,74.32,73.72,73.75,405000.6,29966939.849
2026-07-25T08:00:00+00:00,73.75,74.02,73.51,73.87,377237.5,27850813.743
2026-07-25T12:00:00+00:00,73.87,74.28,73.73,74.12,364969.3,26996675.44
2026-07-25T16:00:00+00:00,74.12,74.69,74.04,74.52,464633.8,34589301.303
2026-07-25T20:00:00+00:00,74.52,74.56,74.22,74.49,357668.2,26616167.722
2026-07-26T00:00:00+00:00,74.49,75.05,74.43,74.99,444134.8,33212352.206
2026-07-26T04:00:00+00:00,74.99,75.19,74.7,74.83,365760.2,27417792.844
2026-07-26T08:00:00+00:00,74.83,75.27,74.8,74.91,364996.2,27390295.548
2026-07-26T12:00:00+00:00,74.91,75.46,74.71,75.45,651120.6,48871924.505
2026-07-26T16:00:00+00:00,75.45,75.94,75.21,75.29,470247.1,35506793.35
2026-07-26T20:00:00+00:00,75.29,77.08,75.27,76.74,1110131.1,84667337.322
2026-07-27T00:00:00+00:00,76.74,76.77,75.95,76.38,596456.0,45557338.881
2026-07-27T04:00:00+00:00,76.38,76.95,76.23,76.42,576378.9,44127431.266
2026-07-27T08:00:00+00:00,76.42,76.65,76.07,76.49,455823.3,34822445.032
2026-07-27T12:00:00+00:00,76.49,77.49,74.98,75.24,2264798.2,172761119.666
2026-07-27T16:00:00+00:00,75.24,76.23,75.11,75.94,934984.6,70765662.94
2026-07-27T20:00:00+00:00,75.94,76.12,73.69,74.17,1230243.0,91918353.135
2026-07-28T00:00:00+00:00,74.17,74.26,72.77,73.24,982223.0,72055456.935
2026-07-28T04:00:00+00:00,73.24,73.49,72.93,73.24,684782.5,50156471.539
2026-07-28T08:00:00+00:00,73.24,73.45,72.81,73.15,642669.3,47023017.546
2026-07-28T12:00:00+00:00,73.15,74.56,72.31,74.31,1739380.4,127685525.151
2026-07-28T16:00:00+00:00,74.31,74.54,73.51,74.28,694189.7,51361737.417
2026-07-28T20:00:00+00:00,74.28,74.37,73.13,73.77,634826.3,46817407.459
2026-07-29T00:00:00+00:00,73.77,74.15,72.97,73.04,731349.7,53786784.281
2026-07-29T04:00:00+00:00,73.04,74.25,72.68,74.22,741506.8,54517540.16
2026-07-29T08:00:00+00:00,74.22,74.3,73.67,73.92,481476.4,35611162.305
2026-07-29T12:00:00+00:00,73.92,73.92,72.93,73.09,1045083.8,76699945.167
2026-07-29T16:00:00+00:00,73.09,74.5,72.67,72.7,2588355.9,190661745.969
2026-07-29T20:00:00+00:00,72.7,73.76,72.24,73.64,1374967.2,100335938.035
2026-07-30T00:00:00+00:00,73.64,74.2,73.1,73.67,614280.6,45292828.65
2026-07-30T04:00:00+00:00,73.67,73.83,73.35,73.39,367563.6,27050745.63
2026-07-30T08:00:00+00:00,73.39,74.3,73.26,74.2,574908.0,42507688.814
2026-07-30T12:00:00+00:00,74.2,74.88,74.04,74.61,1349388.0,100463390.587
2026-07-30T16:00:00+00:00,74.61,74.94,74.38,74.73,548086.2,40906743.022
2026-07-30T20:00:00+00:00,74.73,74.99,74.36,74.47,838740.8,62608314.371
2026-07-31T00:00:00+00:00,74.47,75.27,73.82,74.11,1084935.1,80842161.522
2026-07-31T04:00:00+00:00,74.11,74.51,73.46,73.63,825099.3,61010157.873
2026-07-31T08:00:00+00:00,73.63,73.76,73.22,73.52,554466.4,40756695.191
2026-07-31T12:00:00+00:00,73.52,73.79,72.74,73.05,1699216.5,124416974.013
2026-07-31T16:00:00+00:00,73.05,73.45,72.88,73.04,498347.8,36461588.292
2026-07-31T20:00:00+00:00,73.04,73.19,72.51,72.83,590779.1,43044110.223
2026-08-01T00:00:00+00:00,72.83,73.12,72.83,73.0,251101.7,18325949.148
2026-08-01T04:00:00+00:00,73.0,73.19,72.83,72.93,212857.1,15538893.463
2026-08-01T08:00:00+00:00,72.93,73.04,72.61,72.85,247577.1,18032551.897
2026-08-01T12:00:00+00:00,72.85,73.03,72.69,72.76,217905.3,15881111.073
2026-08-01T16:00:00+00:00,72.76,72.9,70.53,71.21,2129811.8,152533575.348
2026-08-01T20:00:00+00:00,71.21,72.06,71.16,71.9,549306.5,39359910.143
2026-08-02T00:00:00+00:00,71.9,73.37,71.89,73.17,1111081.6,80851680.764
2026-08-02T04:00:00+00:00,73.17,73.65,73.17,73.44,553033.7,40623487.28
2026-08-02T08:00:00+00:00,73.44,73.53,72.91,72.96,578999.1,42390167.95
2026-08-02T12:00:00+00:00,72.96,73.22,72.65,73.0,656453.0,47896955.966
2026-08-02T16:00:00+00:00,73.0,73.84,72.89,73.68,590684.7,43358315.044
2026-08-02T20:00:00+00:00,73.68,74.31,73.42,73.6,601754.6,44419949.036
2026-08-03T00:00:00+00:00,73.6,73.64,72.62,72.85,673586.1,49205982.488
2026-08-03T04:00:00+00:00,72.85,73.04,72.39,72.5,702688.5,51069391.107
2026-08-03T08:00:00+00:00,72.5,72.77,71.92,72.41,1031976.1,74661342.049
2026-08-03T12:00:00+00:00,72.41,73.8,72.27,73.58,1276884.5,93428756.739
2026-08-03T16:00:00+00:00,73.58,74.28,73.19,73.98,754344.5,55663301.06
2026-08-03T20:00:00+00:00,73.98,74.12,73.33,73.53,507886.4,37397587.529
2026-08-04T00:00:00+00:00,73.53,74.09,73.01,73.64,694401.4,51069945.669
2026-08-04T04:00:00+00:00,73.64,74.09,73.15,73.64,619513.1,45606051.086
2026-08-04T08:00:00+00:00,73.64,73.97,73.05,73.91,774332.3,56863673.194
2026-08-04T12:00:00+00:00,73.91,74.17,73.28,73.94,1044693.3,77029063.89
2026-08-04T16:00:00+00:00,73.94,74.38,73.55,74.16,853086.2,63169169.768
2026-08-04T20:00:00+00:00,74.16,74.44,73.69,73.72,601726.0,44574469.22
2026-08-05T00:00:00+00:00,73.72,74.5,73.35,73.73,975825.7,72120781.689
2026-08-05T04:00:00+00:00,73.73,74.28,73.56,73.95,659219.2,48699331.909
2026-08-05T08:00:00+00:00,73.95,74.18,73.68,73.73,413221.6,30561721.651
2026-08-05T12:00:00+00:00,73.73,74.38,73.2,73.91,1496293.5,110519761.604
2026-08-05T16:00:00+00:00,73.91,74.81,73.89,74.43,826379.8,61508656.223
2026-08-05T20:00:00+00:00,74.43,74.56,73.79,73.99,547479.9,40591354.809
2026-08-06T00:00:00+00:00,73.99,74.23,73.33,73.45,615314.0,45290750.814
2026-08-06T04:00:00+00:00,73.45,74.32,73.34,73.85,581612.0,43023769.829
2026-08-06T08:00:00+00:00,73.85,74.06,73.11,73.42,937562.7,68851317.812
2026-08-06T12:00:00+00:00,73.42,73.6,72.79,73.27,969016.4,70921422.335
2026-08-06T16:00:00+00:00,73.27,73.51,72.49,72.76,553590.7,40378970.406
2026-08-06T20:00:00+00:00,72.76,72.96,72.27,72.64,646492.4,46964745.436
2026-08-07T00:00:00+00:00,72.64,72.91,72.45,72.58,361584.5,26281444.91
2026-08-07T04:00:00+00:00,72.58,73.06,72.4,72.88,469858.1,34195338.686
2026-08-07T08:00:00+00:00,72.88,73.75,72.87,73.59,891510.8,65479631.834
2026-08-07T12:00:00+00:00,73.59,74.33,73.51,73.84,1844802.7,136324972.218
2026-08-07T16:00:00+00:00,73.84,74.09,73.15,73.98,860070.9,63274714.288
2026-08-07T20:00:00+00:00,73.98,74.06,73.56,73.63,461248.6,34018527.909
2026-08-08T00:00:00+00:00,73.63,74.98,73.53,74.81,702786.6,52165705.933
2026-08-08T04:00:00+00:00,74.81,75.12,74.44,74.78,573472.3,42833510.86
2026-08-08T08:00:00+00:00,74.78,75.69,74.65,75.56,874391.0,65732387.659
2026-08-08T12:00:00+00:00,75.56,76.8,75.33,76.36,1412333.1,107434424.283
2026-08-08T16:00:00+00:00,76.36,76.48,75.94,76.12,552412.5,42100570.411
2026-08-08T20:00:00+00:00,76.12,76.33,75.73,75.98,548127.3,41687373.297
2026-08-09T00:00:00+00:00,75.98,76.06,75.71,75.95,444802.8,33754421.941
2026-08-09T04:00:00+00:00,75.95,76.46,75.84,76.33,519548.5,39578666.296
2026-08-09T08:00:00+00:00,76.33,76.62,76.08,76.45,513338.6,39205667.748
2026-08-09T12:00:00+00:00,76.45,77.44,76.26,77.38,1048530.5,80638273.961
2026-08-09T16:00:00+00:00,77.38,77.56,77.03,77.18,604264.4,46685517.868
2026-08-09T20:00:00+00:00,77.18,77.83,76.15,76.24,1001321.5,77061787.287
2026-08-10T00:00:00+00:00,76.24,77.15,76.18,76.59,840853.3,64440119.168
2026-08-10T04:00:00+00:00,76.59,77.09,76.39,76.95,340706.3,26171178.313
2026-08-10T08:00:00+00:00,76.95,77.11,76.5,77.04,618323.6,47481802.006
2026-08-10T12:00:00+00:00,77.04,77.11,75.78,75.92,1522491.9,116284906.62
2026-08-10T16:00:00+00:00,75.92,76.26,75.55,76.18,909123.1,68987946.105
2026-08-10T20:00:00+00:00,76.18,76.47,75.94,75.96,413862.0,31540579.019
2026-08-11T00:00:00+00:00,75.96,76.22,75.66,76.05,327176.6,24849221.616
2026-08-11T04:00:00+00:00,76.05,76.2,75.38,75.67,883655.5,66965412.256
2026-08-11T08:00:00+00:00,75.67,76.34,75.61,76.17,843243.1,64052606.162
2026-08-11T12:00:00+00:00,76.17,76.21,74.56,74.9,1850447.6,139483163.239
2026-08-11T16:00:00+00:00,74.9,75.68,74.75,75.62,764734.2,57460521.768
2026-08-11T20:00:00+00:00,75.62,76.65,75.61,76.25,1059641.0,80698902.944
2026-08-12T00:00:00+00:00,76.25,76.58,76.19,76.39,364157.2,27812662.324
2026-08-12T04:00:00+00:00,76.39,76.54,75.91,76.24,514652.7,39198761.053
2026-08-12T08:00:00+00:00,76.24,76.87,76.1,76.8,843356.0,64581461.719
2026-08-12T12:00:00+00:00,76.8,77.37,75.33,75.7,2421206.0,184723423.347
2026-08-12T16:00:00+00:00,75.7,76.06,75.51,75.72,456770.2,34612180.746
2026-08-12T20:00:00+00:00,75.72,75.98,75.27,75.59,546110.0,41282064.535
2026-08-13T00:00:00+00:00,75.59,76.3,75.43,76.24,674220.2,51219743.645
2026-08-13T04:00:00+00:00,76.24,76.61,76.0,76.41,563734.0,43043817.245
2026-08-13T08:00:00+00:00,76.41,76.46,75.51,75.62,831551.5,63093925.284
2026-08-13T12:00:00+00:00,75.62,76.56,75.59,75.59,1045240.8,79520270.267
2026-08-13T16:00:00+00:00,75.59,76.24,75.05,76.16,1291904.9,97738350.062
2026-08-13T20:00:00+00:00,76.16,76.42,76.08,76.23,366999.2,27971629.72
2026-08-14T00:00:00+00:00,76.23,76.28,75.7,75.72,364597.9,27710215.875
2026-08-14T04:00:00+00:00,75.72,76.0,75.45,75.55,397814.7,30100777.969
2026-08-14T08:00:00+00:00,75.55,75.86,75.31,75.49,611380.3,46202181.084
2026-08-14T12:00:00+00:00,75.49,75.75,75.01,75.62,834407.9,62873669.224
2026-08-14T16:00:00+00:00,75.62,75.68,74.62,74.96,1137719.6,85452062.38
2026-08-14T20:00:00+00:00,74.96,75.4,74.92,75.38,371572.3,27927197.465
2026-08-15T00:00:00+00:00,75.38,75.69,75.26,75.38,338694.5,25560668.804
2026-08-15T04:00:00+00:00,75.38,75.58,75.16,75.2,270331.8,20376764.963
2026-08-15T08:00:00+00:00,75.2,75.32,74.99,75.21,267371.3,20098025.031
2026-08-15T12:00:00+00:00,75.21,75.56,75.16,75.49,354745.7,26755898.069
2026-08-15T16:00:00+00:00,75.49,75.65,75.36,75.53,232732.2,17575968.873
2026-08-15T20:00:00+00:00,75.53,75.72,75.26,75.31,413209.8,31191280.429
2026-08-16T00:00:00+00:00,75.31,75.63,75.21,75.54,323697.1,24404920.546
2026-08-16T04:00:00+00:00,75.54,75.58,75.23,75.44,239685.0,18069487.347
2026-08-16T08:00:00+00:00,75.44,75.46,75.12,75.24,260760.5,19623900.255
2026-08-16T12:00:00+00:00,75.24,75.61,75.15,75.54,289961.9,21853392.637
2026-08-16T16:00:00+00:00,75.54,75.68,74.99,75.2,499145.7,37597550.618
2026-08-16T20:00:00+00:00,75.2,75.29,73.97,74.58,1085367.1,80839257.353
2026-08-17T00:00:00+00:00,74.58,75.56,74.39,75.47,742357.5,55804490.349
2026-08-17T04:00:00+00:00,75.47,75.98,75.32,75.75,618701.0,46786417.53
2026-08-17T08:00:00+00:00,75.75,75.91,75.14,75.66,658775.5,49750258.788
2026-08-17T12:00:00+00:00,75.66,76.2,75.24,76.06,1044089.9,79023173.284
2026-08-17T16:00:00+00:00,76.06,76.14,75.65,75.78,445288.2,33805719.558
2026-08-17T20:00:00+00:00,75.78,76.1,75.59,76.0,432237.6,32788896.809
2026-08-18T00:00:00+00:00,76.0,76.06,75.16,75.47,574010.0,43347284.305
2026-08-18T04:00:00+00:00,75.47,76.24,75.37,76.06,629862.7,47772175.023
2026-08-18T08:00:00+00:00,76.06,76.43,75.76,76.28,611244.4,46519232.76
2026-08-18T12:00:00+00:00,76.28,77.3,76.0,77.17,1432228.8,109813519.973
2026-08-18T16:00:00+00:00,77.17,77.4,76.8,77.15,584327.9,45047587.022
2026-08-18T20:00:00+00:00,77.15,77.22,76.69,77.02,620484.4,47768473.809
2026-08-19T00:00:00+00:00,77.02,77.09,76.65,76.96,648735.7,49861213.233
2026-08-19T04:00:00+00:00,76.96,77.15,76.59,76.9,545793.3,41975051.259
2026-08-19T08:00:00+00:00,76.9,77.6,76.87,77.49,864932.6,66892691.897
2026-08-19T12:00:00+00:00,77.49,83.31,77.38,81.8,6402970.9,515518484.902
2026-08-19T16:00:00+00:00,81.8,82.5,81.0,82.32,1760111.1,143969810.346
2026-08-19T20:00:00+00:00,82.32,87.34,82.23,85.37,4183336.1,356799883.634
2026-08-20T00:00:00+00:00,85.37,85.79,83.95,84.49,999712.8,84992238.552
2026-08-20T04:00:00+00:00,84.49,86.18,84.42,86.15,895206.3,76461167.068
2026-08-20T08:00:00+00:00,86.15,88.09,86.02,87.18,2108426.3,184258266.622
2026-08-20T12:00:00+00:00,87.18,87.49,86.11,87.33,1763012.2,153058176.863
2026-08-20T16:00:00+00:00,87.33,87.93,86.62,87.29,1423848.2,124268849.75
2026-08-20T20:00:00+00:00,87.29,87.99,87.15,87.63,852434.4,74598468.733
2026-08-21T00:00:00+00:00,87.63,90.19,87.55,89.09,2291148.7,203595366.882
2026-08-21T04:00:00+00:00,89.09,91.34,88.83,90.41,1838238.4,165853284.349
2026-08-21T08:00:00+00:00,90.41,93.4,89.83,90.29,3549837.3,324341449.508
2026-08-21T12:00:00+00:00,90.29,92.15,89.71,91.33,1653795.4,150460908.278
2026-08-21T16:00:00+00:00,91.33,92.06,90.7,90.93,1511312.6,138028942.007
2026-08-21T20:00:00+00:00,90.93,95.02,90.51,93.72,2359969.2,220420996.306
2026-08-22T00:00:00+00:00,93.72,97.59,92.83,96.75,1827107.0,173885117.531
2026-08-22T04:00:00+00:00,96.75,102.74,87.64,94.46,8088246.8,772523069.01
2026-08-22T08:00:00+00:00,94.46,95.02,91.34,93.31,2103626.0,196002555.818
2026-08-22T12:00:00+00:00,93.31,94.36,92.78,93.07,870253.6,81448078.79
2026-08-22T16:00:00+00:00,93.07,94.83,93.06,94.46,986731.2,93026405.893
2026-08-22T20:00:00+00:00,94.46,94.8,92.55,93.81,886476.9,82988805.546
2026-08-23T00:00:00+00:00,93.81,97.24,93.39,93.71,2925386.3,279172538.638
2026-08-23T04:00:00+00:00,93.71,94.09,91.54,92.46,1407893.9,130386971.012
2026-08-23T08:00:00+00:00,92.46,94.79,92.28,94.61,855080.4,80105233.787
2026-08-23T12:00:00+00:00,94.61,95.9,93.13,95.34,1653615.6,156967523.563
2026-08-23T16:00:00+00:00,95.34,95.7,94.77,95.06,675783.6,64370142.788
2026-08-23T20:00:00+00:00,95.06,96.28,94.75,95.42,1047386.5,99980041.719
2026-08-24T00:00:00+00:00,95.42,95.57,93.44,93.65,1596735.4,150764381.41
2026-08-24T04:00:00+00:00,93.65,95.46,93.41,94.09,1292489.9,121881508.082
2026-08-24T08:00:00+00:00,94.09,96.39,93.22,95.84,1470569.7,139516534.494
2026-08-24T12:00:00+00:00,95.84,97.64,93.94,96.46,2813403.2,269717624.413
2026-08-24T16:00:00+00:00,96.46,97.58,94.73,96.5,2011140.8,192885976.968
2026-08-24T20:00:00+00:00,96.5,98.98,95.7,98.97,1751249.9,170959582.178
2026-08-25T00:00:00+00:00,98.97,102.87,98.54,101.62,3697164.7,373613882.335
2026-08-25T04:00:00+00:00,101.62,103.21,99.34,100.22,1939181.6,196502073.746
2026-08-25T08:00:00+00:00,100.22,101.12,98.4,98.59,1439111.5,143467351.8
2026-08-25T12:00:00+00:00,98.59,98.82,96.12,98.3,2916336.5,284526596.489
2026-08-25T16:00:00+00:00,98.3,98.76,97.38,97.88,1069286.8,104833023.795
2026-08-25T20:00:00+00:00,97.88,97.98,94.84,96.54,1995963.5,192845141.733
2026-08-26T00:00:00+00:00,96.54,97.51,96.11,97.01,634437.6,61440474.323
2026-08-26T04:00:00+00:00,97.01,97.29,96.17,96.88,778905.8,75425284.656
2026-08-26T08:00:00+00:00,96.88,97.83,95.71,96.98,1112024.1,107700590.667
2026-08-26T12:00:00+00:00,96.98,97.54,94.84,95.89,2220953.4,213689677.881
2026-08-26T16:00:00+00:00,95.89,97.24,95.4,96.74,1139083.0,109905664.071
2026-08-26T20:00:00+00:00,96.74,102.45,96.21,102.04,2969196.2,295517490.987
2026-08-27T00:00:00+00:00,102.04,102.11,100.48,101.06,1108602.4,112305535.935
2026-08-27T04:00:00+00:00,101.06,102.28,100.67,101.78,1260641.9,127778402.457
2026-08-27T08:00:00+00:00,101.78,105.79,101.69,103.9,3307683.2,344252084.47
2026-08-27T12:00:00+00:00,103.9,107.97,103.89,107.1,3528278.3,374250331.773
2026-08-27T16:00:00+00:00,107.1,109.87,106.61,109.32,3591860.8,388884338.437
2026-08-27T20:00:00+00:00,109.32,110.61,108.14,109.08,1516516.8,165666061.357
2026-08-28T00:00:00+00:00,109.08,110.07,105.79,106.78,2007407.8,216214086.345
2026-08-28T04:00:00+00:00,106.78,107.79,106.18,106.31,1203345.2,128745248.212
2026-08-28T08:00:00+00:00,106.31,106.88,104.38,105.74,1759769.0,186049884.739
2026-08-28T12:00:00+00:00,105.74,107.95,103.53,105.2,6497576.3,684350890.999
2026-08-28T16:00:00+00:00,105.2,105.74,102.17,103.38,3749496.0,390727097.596
2026-08-28T20:00:00+00:00,103.38,104.36,102.79,104.09,832536.2,86355001.389
2026-08-29T00:00:00+00:00,104.09,104.67,103.56,103.83,754088.6,78496144.864
2026-08-29T04:00:00+00:00,103.83,104.15,103.26,103.68,550352.2,57074115.064
2026-08-29T08:00:00+00:00,103.68,103.68,102.97,103.43,494227.1,51081990.242
2026-08-29T12:00:00+00:00,103.43,105.45,103.31,104.96,1195717.4,125014771.044
2026-08-29T16:00:00+00:00,104.96,105.83,104.31,105.31,963234.6,101243573.331
2026-08-29T20:00:00+00:00,105.31,105.74,104.7,105.56,662408.8,69656458.025
2026-08-30T00:00:00+00:00,105.56,105.66,104.87,105.01,509417.9,53603059.891
2026-08-30T04:00:00+00:00,105.01,105.39,104.6,104.77,430335.3,45166637.452
2026-08-30T08:00:00+00:00,104.77,105.3,104.34,105.04,520702.4,54548768.384
2026-08-30T12:00:00+00:00,105.04,107.43,105.0,106.22,1381226.6,146913981.983
2026-08-30T16:00:00+00:00,106.22,107.11,105.18,105.74,1121671.0,119204662.614
2026-08-30T20:00:00+00:00,105.74,105.95,100.21,101.7,2532090.5,260990905.575
2026-08-31T00:00:00+00:00,101.7,102.54,101.05,101.89,1255549.7,127748134.1
2026-08-31T04:00:00+00:00,101.89,103.12,100.81,102.91,1165066.7,119133119.516
2026-08-31T08:00:00+00:00,102.91,104.14,102.38,103.34,1050526.6,108485794.618
2026-08-31T12:00:00+00:00,103.34,103.88,102.1,102.82,1371207.3,141107831.966
2026-08-31T16:00:00+00:00,102.82,105.01,102.36,103.55,1568124.1,162542138.486
2026-08-31T20:00:00+00:00,103.55,104.26,102.76,102.99,618671.2,63988072.508
2026-09-01T00:00:00+00:00,102.99,104.14,102.63,103.59,547667.5,56572920.977
2026-09-01T04:00:00+00:00,103.59,104.35,102.71,103.07,697408.9,72270377.957
2026-09-01T08:00:00+00:00,103.07,103.15,101.7,102.22,1158517.7,118411412.415
2026-09-01T12:00:00+00:00,102.22,102.53,100.9,101.96,1641901.3,167162555.377
2026-09-01T16:00:00+00:00,101.96,102.0,98.27,100.01,2397707.0,239709089.849
2026-09-01T20:00:00+00:00,100.01,100.28,98.87,99.93,761921.8,75946844.787
2026-09-02T00:00:00+00:00,99.93,100.67,98.44,100.25,1388665.5,138239917.99
2026-09-02T04:00:00+00:00,100.25,100.39,99.6,99.78,662331.0,66228369.375
2026-09-02T08:00:00+00:00,99.78,99.99,97.29,98.06,2008670.3,197489437.261
2026-09-02T12:00:00+00:00,98.06,99.76,97.56,99.27,1689216.7,166981600.23
2026-09-02T16:00:00+00:00,99.27,99.78,98.13,99.38,1139170.6,112854582.401
2026-09-02T20:00:00+00:00,99.38,100.48,99.12,100.4,983743.7,98092773.111
2026-09-03T00:00:00+00:00,100.4,101.33,99.13,100.46,1339588.2,134454920.39
2026-09-03T04:00:00+00:00,100.46,101.35,99.65,100.33,1372803.2,138117273.414
2026-09-03T08:00:00+00:00,100.33,101.1,99.86,100.75,806251.2,80986480.978
2026-09-03T12:00:00+00:00,100.75,105.62,100.53,105.12,3549913.2,366419883.342
2026-09-03T16:00:00+00:00,105.12,105.94,103.81,105.25,1407477.0,147551101.133
2026-09-03T20:00:00+00:00,105.25,105.7,103.53,103.87,1356536.7,141734190.186
2026-09-04T00:00:00+00:00,103.87,104.28,103.14,103.64,768212.5,79633881.056
2026-09-04T04:00:00+00:00,103.64,104.31,103.26,103.54,749152.9,77693238.866
2026-09-04T08:00:00+00:00,103.54,104.73,103.16,104.02,982440.0,102238818.334
2026-09-04T12:00:00+00:00,104.02,104.4,100.01,101.38,3347943.2,339942803.132
2026-09-04T16:00:00+00:00,101.38,102.03,101.01,101.62,538901.9,54727393.503
2026-09-04T20:00:00+00:00,101.62,101.91,101.39,101.85,332866.6,33848568.326
2026-09-05T00:00:00+00:00,101.85,102.11,101.63,101.81,350964.4,35740234.453
2026-09-05T04:00:00+00:00,101.81,102.57,101.52,102.16,494618.8,50457237.649
2026-09-05T08:00:00+00:00,102.16,102.77,102.05,102.28,518938.9,53127584.873
2026-09-05T12:00:00+00:00,102.28,103.43,102.24,102.88,877702.1,90285738.553
2026-09-05T16:00:00+00:00,102.88,104.34,102.74,103.37,1179854.8,122302484.531
2026-09-05T20:00:00+00:00,103.37,103.95,102.87,103.11,689443.9,71240928.252
2026-09-06T00:00:00+00:00,103.11,107.1,103.1,105.93,1456441.9,152822823.639
2026-09-06T04:00:00+00:00,105.93,106.83,104.63,105.17,1121732.2,118567422.749
2026-09-06T08:00:00+00:00,105.17,107.28,104.93,106.42,1147833.1,122000111.626
2026-09-06T12:00:00+00:00,106.42,107.32,104.85,105.69,1748985.4,185465738.419
2026-09-06T16:00:00+00:00,105.69,106.54,105.28,105.44,597221.7,63259794.742
2026-09-06T20:00:00+00:00,105.44,106.73,104.88,106.49,907475.2,96089657.628
2026-09-07T00:00:00+00:00,106.49,107.05,104.85,104.9,1223458.8,129350355.914
2026-09-07T04:00:00+00:00,104.9,105.76,103.68,104.43,1391724.3,145812714.411
2026-09-07T08:00:00+00:00,104.43,105.13,104.39,104.88,656720.8,68831951.857
2026-09-07T12:00:00+00:00,104.88,105.89,102.85,103.19,1800895.9,188016535.383
2026-09-07T16:00:00+00:00,103.19,104.38,103.14,104.29,792994.1,82315164.331
2026-09-07T20:00:00+00:00,104.29,104.35,103.08,103.73,669715.7,69503785.46
2026-09-08T00:00:00+00:00,103.73,104.49,102.62,103.28,843011.8,87257687.492
2026-09-08T04:00:00+00:00,103.28,103.45,102.15,102.91,906981.6,93307091.096
2026-09-08T08:00:00+00:00,102.91,104.04,102.41,102.8,860178.0,88756999.392
2026-09-08T12:00:00+00:00,102.8,104.4,101.63,104.26,1806548.9,185887295.805
2026-09-08T16:00:00+00:00,104.26,104.79,102.77,103.18,1281666.5,132944492.06
2026-09-08T20:00:00+00:00,103.18,103.76,102.73,103.31,627610.8,64796452.105
2026-09-09T00:00:00+00:00,103.31,104.0,102.9,103.24,689045.5,71305000.823
2026-09-09T04:00:00+00:00,103.24,105.15,103.24,104.52,1079776.6,112586938.946
2026-09-09T08:00:00+00:00,104.52,105.02,103.24,104.19,1208323.2,125591947.12
2026-09-09T12:00:00+00:00,104.19,104.77,102.0,103.01,2087113.7,216213197.889
2026-09-09T16:00:00+00:00,103.01,103.81,102.11,102.29,851093.2,87682748.656
2026-09-09T20:00:00+00:00,102.29,102.64,100.07,101.5,1659028.5,168536451.396
2026-09-10T00:00:00+00:00,101.5,102.04,100.42,101.78,792260.3,80258290.317
2026-09-10T04:00:00+00:00,101.78,102.15,100.76,101.26,726924.0,73847159.559
2026-09-10T08:00:00+00:00,101.26,101.48,100.72,100.96,665254.2,67285153.787
2026-09-10T12:00:00+00:00,100.96,101.47,98.3,99.68,2556085.5,254878901.434
2026-09-10T16:00:00+00:00,99.68,100.42,98.78,99.62,845500.7,84220966.709
2026-09-10T20:00:00+00:00,99.62,100.1,98.54,98.61,475985.9,47287464.052
2026-09-11T00:00:00+00:00,98.61,99.47,98.5,99.26,601794.6,59620393.306
2026-09-11T04:00:00+00:00,99.26,100.08,99.18,99.69,599864.7,59798514.003
2026-09-11T08:00:00+00:00,99.69,100.26,98.52,99.43,1011933.5,100510785.79
2026-09-11T12:00:00+00:00,99.43,105.77,97.76,101.56,5148428.0,524761930.717
2026-09-11T16:00:00+00:00,101.56,102.45,100.25,101.96,1543383.6,156685913.148
2026-09-11T20:00:00+00:00,101.96,103.05,101.45,102.41,1119300.0,114470773.748
2026-09-12T00:00:00+00:00,102.41,102.54,101.38,101.6,536781.9,54692311.445
2026-09-12T04:00:00+00:00,101.6,101.89,101.36,101.61,388785.3,39509843.521
2026-09-12T08:00:00+00:00,101.61,102.21,101.51,102.08,540364.9,55051918.105
2026-09-12T12:00:00+00:00,102.08,102.37,101.71,102.01,544999.5,55583246.56
2026-09-12T16:00:00+00:00,102.01,102.11,101.15,101.21,417874.6,42510209.355
2026-09-12T20:00:00+00:00,101.21,101.81,101.18,101.71,338781.5,34387322.921
2026-09-13T00:00:00+00:00,101.71,102.32,101.48,101.59,524390.5,53430832.442
2026-09-13T04:00:00+00:00,101.59,101.9,100.54,100.67,547715.3,55424405.649
2026-09-13T08:00:00+00:00,100.67,100.82,99.35,99.77,917265.8,91675713.938
2026-09-13T12:00:00+00:00,99.77,100.8,99.4,100.18,554847.9,55573820.9
2026-09-13T16:00:00+00:00,100.18,101.3,100.17,100.93,506924.9,51152454.652
2026-09-13T20:00:00+00:00,100.93,101.59,99.11,99.21,1283182.0,128482003.228
2026-09-14T00:00:00+00:00,99.21,101.28,98.9,100.93,894966.6,89597421.951
2026-09-14T04:00:00+00:00,100.93,101.99,100.81,101.55,762145.5,77277168.7
