timestamp,open,high,low,close,volume,quote_volume
2022-01-01 00:00:00+00:00,100.0,100.025591081235,99.96730669944658,100.0,1000000.0,100000000.0
2022-01-01 04:00:00+00:00,100.0,100.0975231848163,99.97843866256113,100.05,1000000.0,100050000.0
2022-01-01 08:00:00+00:00,100.05,100.10720798063598,100.00663397471789,100.1,1000000.0,100100000.0
2022-01-01 12:00:00+00:00,100.1,100.19743247235687,100.06839324412499,100.15,1000000.0,100150000.0
2022-01-01 16:00:00+00:00,100.15,100.21559157260053,100.10948628239468,100.2,1000000.0,100200000.0
2022-01-01 20:00:00+00:00,100.2,100.27116632244864,100.182910263803,100.25,1000000.0,100250000.0
2022-01-02 00:00:00+00:00,100.25,100.34138512969102,100.22281653551657,100.3,1000000.0,100300000.0
2022-01-02 04:00:00+00:00,100.3,100.37045995681845,100.29018515574425,100.35,1000000.0,100350000.0
2022-01-02 08:00:00+00:00,100.35,100.42747968438366,100.30019294049406,100.4,1000000.0,100400000.0
2022-01-02 12:00:00+00:00,100.4,100.45137795566215,100.38783922678469,100.45,1000000.0,100450000.0
2022-01-02 16:00:00+00:00,100.45,100.53767565543374,100.43715662663865,100.5,1000000.0,100500000.0
2022-01-02 20:00:00+00:00,100.5,100.57690716566096,100.49634049638045,100.55,1000000.0,100550000.0
2022-01-03 00:00:00+00:00,100.55,100.61648658582494,100.53710984405016,100.6,1000000.0,100600000.0
2022-01-03 04:00:00+00:00,100.6,100.68942143517143,100.5618435733728,100.65,1000000.0,100650000.0
2022-01-03 08:00:00+00:00,100.65,100.71515974146459,100.61510532146585,100.7,1000000.0,100700000.0
2022-01-03 12:00:00+00:00,100.7,100.77267489447404,100.69356633938415,100.75,1000000.0,100750000.0
2022-01-03 16:00:00+00:00,100.75,100.80670208486235,100.7311880749286,100.8,1000000.0,100800000.0
2022-01-03 20:00:00+00:00,100.8,100.87015564932236,100.77895393026913,100.85,1000000.0,100850000.0
2022-01-04 00:00:00+00:00,100.85,100.91017276203381,100.8167507876819,100.9,1000000.0,100900000.0
2022-01-04 04:00:00+00:00,100.9,100.9631156670221,100.87720355184781,100.95,1000000.0,100950000.0
2022-01-04 08:00:00+00:00,100.95,102.0375182336315,100.92067408365872,102.0,1000000.0,102000000.0
2022-01-04 12:00:00+00:00,102.0,104.0140204378993,101.95801576981955,104.0,1000000.0,104000000.0
2022-01-04 16:00:00+00:00,104.0,106.02425954872159,103.96367631948438,106.0,1000000.0,106000000.0
2022-01-04 20:00:00+00:00,106.0,108.04903685999007,105.98174963682457,108.0,1000000.0,108000000.0
2022-01-05 00:00:00+00:00,108.0,108.04808285968319,105.97758018453277,106.0,1000000.0,106000000.0
2022-01-05 04:00:00+00:00,106.0,106.03623949703868,103.9816150215155,104.0,1000000.0,104000000.0
2022-01-05 08:00:00+00:00,104.0,104.02706134277737,101.99451326679967,102.0,1000000.0,102000000.0
2022-01-05 12:00:00+00:00,102.0,102.01384456020227,99.98983792279563,100.0,1000000.0,100000000.0
2022-01-05 16:00:00+00:00,100.0,102.00803260043875,99.98580967555279,102.0,1000000.0,102000000.0
2022-01-05 20:00:00+00:00,102.0,104.0484962706608,101.98429330521988,104.0,1000000.0,104000000.0
2022-01-06 00:00:00+00:00,104.0,106.02580342927739,103.98434760705901,106.0,1000000.0,106000000.0
2022-01-06 04:00:00+00:00,106.0,108.00579328062354,105.97116501418735,108.0,1000000.0,108000000.0
2022-01-06 08:00:00+00:00,108.0,108.03117448777688,105.95141550121902,106.0,1000000.0,106000000.0
2022-01-06 12:00:00+00:00,106.0,106.03883415571711,103.96126679325381,104.0,1000000.0,104000000.0
2022-01-06 16:00:00+00:00,104.0,104.03065016505265,101.96044330259136,102.0,1000000.0,102000000.0
2022-01-06 20:00:00+00:00,102.0,102.04586488523954,99.96203657497303,100.0,1000000.0,100000000.0
2022-01-07 00:00:00+00:00,100.0,102.00197964383321,99.9701506134738,102.0,1000000.0,102000000.0
2022-01-07 04:00:00+00:00,102.0,104.026429463163,101.95411538714146,104.0,1000000.0,104000000.0
2022-01-07 08:00:00+00:00,104.0,106.02296679414427,103.96551849222764,106.0,1000000.0,106000000.0
2022-01-07 12:00:00+00:00,106.0,108.00311747895749,105.97498217846315,108.0,1000000.0,108000000.0
2022-01-07 16:00:00+00:00,108.0,108.03206640845697,105.99614580957497,106.0,1000000.0,106000000.0
2022-01-07 20:00:00+00:00,106.0,106.04263164192403,103.97557753864572,104.0,1000000.0,104000000.0
2022-01-08 00:00:00+00:00,104.0,104.02964705090521,101.98935845023298,102.0,1000000.0,102000000.0
2022-01-08 04:00:00+00:00,102.0,102.01300487238686,99.99336518512266,100.0,1000000.0,100000000.0
2022-01-08 08:00:00+00:00,100.0,102.04199407605157,99.97469675387353,102.0,1000000.0,102000000.0
2022-01-08 12:00:00+00:00,102.0,104.02547479407608,101.96074573537015,104.0,1000000.0,104000000.0
2022-01-08 16:00:00+00:00,104.0,106.02554444422333,103.98524967785973,106.0,1000000.0,106000000.0
2022-01-08 20:00:00+00:00,106.0,108.0376515103851,105.96156141200454,108.0,1000000.0,108000000.0
2022-01-09 00:00:00+00:00,108.0,108.00739610178925,105.97371852384188,106.0,1000000.0,106000000.0
2022-01-09 04:00:00+00:00,106.0,106.04098133595596,103.99254759883146,104.0,1000000.0,104000000.0
2022-01-09 08:00:00+00:00,104.0,104.03416434530017,101.95175161280102,102.0,1000000.0,102000000.0
2022-01-09 12:00:00+00:00,102.0,102.03935484707775,99.97991818880557,100.0,1000000.0,100000000.0
2022-01-09 16:00:00+00:00,100.0,102.009580812951,99.98523828721686,102.0,1000000.0,102000000.0
2022-01-09 20:00:00+00:00,102.0,104.04011820805673,101.95765008146832,104.0,1000000.0,104000000.0
2022-01-10 00:00:00+00:00,104.0,106.00956619630286,103.99377698337423,106.0,1000000.0,106000000.0
2022-01-10 04:00:00+00:00,106.0,108.00407763086818,105.96332047694631,108.0,1000000.0,108000000.0
2022-01-10 08:00:00+00:00,108.0,108.04276134871435,105.99060876287173,106.0,1000000.0,106000000.0
2022-01-10 12:00:00+00:00,106.0,106.04306417480889,103.98037541119938,104.0,1000000.0,104000000.0
2022-01-10 16:00:00+00:00,104.0,104.04382685482084,101.98840500607689,102.0,1000000.0,102000000.0
2022-01-10 20:00:00+00:00,102.0,102.02359548596795,99.95793860036538,100.0,1000000.0,100000000.0
2022-01-11 00:00:00+00:00,100.0,109.51370241943069,99.980496272403,109.5,1800000.0,197100000.0
2022-01-11 04:00:00+00:00,109.5,111.00035459143015,109.45126535935589,111.0,1800000.0,199800000.0
2022-01-11 08:00:00+00:00,111.0,112.53228604477874,110.96873692577924,112.5,1800000.0,202500000.0
2022-01-11 12:00:00+00:00,112.5,114.03599546917543,112.46531885826485,114.0,1800000.0,205200000.0
2022-01-11 16:00:00+00:00,114.0,115.54177846082501,113.97392374389338,115.5,1800000.0,207900000.0
2022-01-11 20:00:00+00:00,115.5,117.01409389136823,115.48455159004622,117.0,1800000.0,210600000.0
2022-01-12 00:00:00+00:00,117.0,118.51076090835815,116.98022217894737,118.5,1800000.0,213300000.0
2022-01-12 04:00:00+00:00,118.5,120.03196656900333,118.4529532906169,120.0,1800000.0,216000000.0
2022-01-12 08:00:00+00:00,120.0,120.04025274165726,119.08993983996376,119.1,1000000.0,119100000.0
2022-01-12 12:00:00+00:00,119.1,120.94818354364226,119.05058905493898,120.9,1000000.0,120900000.0
2022-01-12 16:00:00+00:00,120.9,120.90752624152107,119.06208470689981,119.1,1000000.0,119100000.0
2022-01-12 20:00:00+00:00,119.1,120.92411061940997,119.08201065367537,120.9,1000000.0,120900000.0
2022-01-13 00:00:00+00:00,120.9,120.94473579310981,119.06792432052471,119.1,1000000.0,119100000.0
2022-01-13 04:00:00+00:00,119.1,120.92113584534728,119.08095092303535,120.9,1000000.0,120900000.0
2022-01-13 08:00:00+00:00,120.9,120.92947510310421,119.080925353368,119.1,1000000.0,119100000.0
2022-01-13 12:00:00+00:00,119.1,120.90122453387467,119.07480985249026,120.9,1000000.0,120900000.0
2022-01-13 16:00:00+00:00,120.9,123.13367299435765,120.89916385891824,123.10000000000001,2200000.0,270820000.0
2022-01-13 20:00:00+00:00,123.10000000000001,125.3459544309817,123.07532142200284,125.30000000000001,2200000.0,275660000.0
2022-01-14 00:00:00+00:00,125.30000000000001,127.54134126647783,125.25142007932767,127.5,2200000.0,280500000.0
2022-01-14 04:00:00+00:00,127.5,129.7442760133355,127.48572673856071,129.70000000000002,2200000.0,285340000.00000006
2022-01-14 08:00:00+00:00,129.70000000000002,131.93301776902604,129.66258910204618,131.9,2200000.0,290180000.0
2022-01-14 12:00:00+00:00,131.9,134.11227761336215,131.87786055549648,134.1,2200000.0,295020000.0
2022-01-14 16:00:00+00:00,134.1,136.33842584994483,134.0895359478691,136.3,2200000.0,299860000.0
2022-01-14 20:00:00+00:00,136.3,138.5105837371304,136.2547498714591,138.5,2200000.0,304700000.0
2022-01-15 00:00:00+00:00,138.5,138.54156374173323,138.49915863576598,138.5,1000000.0,138500000.0
2022-01-15 04:00:00+00:00,138.5,138.50313589612853,136.8575518263973,136.87272727272727,1000000.0,136872727.27272728
2022-01-15 08:00:00+00:00,136.87272727272727,136.91400166339696,135.19550325133835,135.24545454545455,1000000.0,135245454.54545456
2022-01-15 12:00:00+00:00,135.24545454545455,135.25367990877825,133.60507447837233,133.61818181818182,1000000.0,133618181.81818183
2022-01-15 16:00:00+00:00,133.61818181818182,133.63693916800665,131.94845686481614,131.9909090909091,1000000.0,131990909.0909091
2022-01-15 20:00:00+00:00,131.9909090909091,132.00674599923695,130.33335220620359,130.36363636363637,1000000.0,130363636.36363637
2022-01-16 00:00:00+00:00,130.36363636363637,130.39820321540026,128.6960618509873,128.73636363636365,1000000.0,128736363.63636366
2022-01-16 04:00:00+00:00,128.73636363636365,128.74529223027236,127.07757502131874,127.10909090909091,1000000.0,127109090.9090909
2022-01-16 08:00:00+00:00,127.10909090909091,127.12890371720177,125.4636833389653,125.48181818181818,1000000.0,125481818.18181819
2022-01-16 12:00:00+00:00,125.48181818181818,125.48210941157359,123.81650601531628,123.85454545454546,1000000.0,123854545.45454545
2022-01-16 16:00:00+00:00,123.85454545454546,123.86767019018296,122.22594849982754,122.22727272727273,1000000.0,122227272.72727273
2022-01-16 20:00:00+00:00,122.22727272727273,122.24833216798419,120.57765935241329,120.60000000000001,1000000.0,120600000.00000001
2022-01-17 00:00:00+00:00,120.60000000000001,122.90529606183537,120.5814072715065,122.9,1000000.0,122900000.0
2022-01-17 04:00:00+00:00,122.9,124.93165799730184,122.87614629971814,124.9,1000000.0,124900000.0
2022-01-17 08:00:00+00:00,124.9,140.0,123.7,123.9,3000000.0,371700000.0
2022-01-17 12:00:00+00:00,123.9,123.93626469690382,121.8888746567027,121.9,1000000.0,121900000.0
2022-01-17 16:00:00+00:00,121.9,121.9159452595825,121.87315124958226,121.9,1219000.0,121900000.00000001
2022-01-17 20:00:00+00:00,121.9,121.97914303519109,121.88157460982343,121.96095000000001,1219000.0,121960950.00000001
2022-01-18 00:00:00+00:00,121.96095000000001,122.07152705888922,121.9235676781179,122.0219,1219000.0,122021900.00000001
2022-01-18 04:00:00+00:00,122.0219,122.08845227667315,122.00450288269238,122.08285000000002,1219000.0,122082850.00000001
2022-01-18 08:00:00+00:00,122.08285000000002,122.18037612705761,122.02740786803538,122.14380000000001,1219000.0,122143800.00000001
2022-01-18 12:00:00+00:00,122.14380000000001,122.24915576410919,122.08517402604784,122.20475,1219000.0,122204750.00000001
2022-01-18 16:00:00+00:00,122.20475,122.27715257042169,122.20112744495168,122.26570000000001,1219000.0,122265700.00000001
2022-01-18 20:00:00+00:00,122.26570000000001,122.33001118693595,122.25295781011751,122.32665,1219000.0,122326650.00000001
2022-01-19 00:00:00+00:00,122.32665,122.4043593829739,122.29233373698057,122.38760000000002,1219000.0,122387600.00000001
2022-01-19 04:00:00+00:00,122.38760000000002,122.48862054225668,122.34062825901296,122.44855000000001,1219000.0,122448550.00000001
2022-01-19 08:00:00+00:00,122.44855000000001,122.54377009214647,122.44464772310079,122.5095,1219000.0,122509500.00000001
2022-01-19 12:00:00+00:00,122.5095,122.57959629494847,122.498236276384,122.57045000000001,1219000.0,122570450.00000001
2022-01-19 16:00:00+00:00,122.57045000000001,122.65776884669955,122.54261290858297,122.6314,1219000.0,122631400.00000001
2022-01-19 20:00:00+00:00,122.6314,122.73314367034814,122.59064329826637,122.69235000000002,1219000.0,122692350.00000001
2022-01-20 00:00:00+00:00,122.69235000000002,122.77906872583583,122.63729216285004,122.75330000000001,1219000.0,122753300.00000001
2022-01-20 04:00:00+00:00,122.75330000000001,122.85284258913576,122.70045799787216,122.81425000000002,1219000.0,122814250.00000001
2022-01-20 08:00:00+00:00,122.81425000000002,122.9341652213045,122.76587060743027,122.8752,1219000.0,122875200.00000001
2022-01-20 12:00:00+00:00,122.8752,122.97778280091977,122.87198597586121,122.93615,1219000.0,122936150.00000001
2022-01-20 16:00:00+00:00,122.93615,123.02096953357623,122.87662400573385,122.99710000000002,1219000.0,122997100.00000001
2022-01-20 20:00:00+00:00,122.99710000000002,123.06946304412445,122.95963842649925,123.05805000000001,1219000.0,123058050.00000001
2022-01-21 00:00:00+00:00,123.05805000000001,124.35908630256661,123.05280124106349,124.33800000000001,1219000.0,124338000.00000001
2022-01-21 04:00:00+00:00,124.33800000000001,126.80714947108906,124.32246209114001,126.77600000000001,1219000.0,126776000.00000001
2022-01-21 08:00:00+00:00,126.77600000000001,129.26831921350907,126.7381650385457,129.214,1219000.0,129214000.00000001
2022-01-21 12:00:00+00:00,129.214,131.6992706222937,129.19049523487595,131.65200000000002,1219000.0,131652000.00000001
2022-01-21 16:00:00+00:00,131.65200000000002,131.67139103530752,129.18677951816886,129.214,1219000.0,129214000.00000001
2022-01-21 20:00:00+00:00,129.214,129.2703310198421,126.72696054025177,126.77600000000001,1219000.0,126776000.00000001
2022-01-22 00:00:00+00:00,126.77600000000001,126.8047019575161,124.28777531192657,124.33800000000001,1219000.0,124338000.00000001
2022-01-22 04:00:00+00:00,124.33800000000001,124.38028460143224,121.86667333355803,121.9,1219000.0,121900000.00000001
2022-01-22 08:00:00+00:00,121.9,124.34453428545025,121.85170010520788,124.33800000000001,1219000.0,124338000.00000001
2022-01-22 12:00:00+00:00,124.33800000000001,126.78237192988651,124.31325399957178,126.77600000000001,1219000.0,126776000.00000001
2022-01-22 16:00:00+00:00,126.77600000000001,129.2263062589269,126.71660533201545,129.214,1219000.0,129214000.00000001
2022-01-22 20:00:00+00:00,129.214,131.7059072076113,129.17711554886728,131.65200000000002,1219000.0,131652000.00000001
2022-01-23 00:00:00+00:00,131.65200000000002,131.6934345085775,129.15501880795523,129.214,1219000.0,129214000.00000001
2022-01-23 04:00:00+00:00,129.214,129.2657609539243,126.77331895016917,126.77600000000001,1219000.0,126776000.00000001
2022-01-23 08:00:00+00:00,126.77600000000001,126.81527839060809,124.28419988280923,124.33800000000001,1219000.0,124338000.00000001
2022-01-23 12:00:00+00:00,124.33800000000001,124.36277875913832,121.86590596041916,121.9,1219000.0,121900000.00000001
2022-01-23 16:00:00+00:00,121.9,124.36948544093192,121.85650370106306,124.33800000000001,1219000.0,124338000.00000001
2022-01-23 20:00:00+00:00,124.33800000000001,126.81217038240723,124.32626133625067,126.77600000000001,1219000.0,126776000.00000001
2022-01-24 00:00:00+00:00,126.77600000000001,129.26654609118012,126.74255726063336,129.214,1219000.0,129214000.00000001
2022-01-24 04:00:00+00:00,129.214,131.67870744682742,129.1963685105248,131.65200000000002,1219000.0,131652000.00000001
2022-01-24 08:00:00+00:00,131.65200000000002,131.70638203470247,129.20757096493497,129.214,1219000.0,129214000.00000001
2022-01-24 12:00:00+00:00,129.214,129.25140604739565,126.77580576633083,126.77600000000001,1219000.0,126776000.00000001
2022-01-24 16:00:00+00:00,126.77600000000001,126.82654925586792,124.28272810078926,124.33800000000001,1219000.0,124338000.00000001
2022-01-24 20:00:00+00:00,124.33800000000001,124.36835651654721,121.85910838199858,121.9,1219000.0,121900000.00000001
2022-01-25 00:00:00+00:00,121.9,124.38020898013505,121.88750392545494,124.33800000000001,1219000.0,124338000.00000001
2022-01-25 04:00:00+00:00,124.33800000000001,126.79666359658489,124.32228595160255,126.77600000000001,1219000.0,126776000.00000001
2022-01-25 08:00:00+00:00,126.77600000000001,129.24586639731416,126.74762202671276,129.214,1219000.0,129214000.00000001
2022-01-25 12:00:00+00:00,129.214,131.66517881568262,129.16412539191325,131.65200000000002,1219000.0,131652000.00000001
2022-01-25 16:00:00+00:00,131.65200000000002,131.65813788454304,129.20683071950455,129.214,1219000.0,129214000.00000001
2022-01-25 20:00:00+00:00,129.214,129.21635292171868,126.71701351460152,126.77600000000001,1219000.0,126776000.00000001
2022-01-26 00:00:00+00:00,126.77600000000001,126.81878382058574,124.28046863878627,124.33800000000001,1219000.0,124338000.00000001
2022-01-26 04:00:00+00:00,124.33800000000001,124.36581944634274,121.88508796716754,121.9,1219000.0,121900000.00000001
2022-01-26 08:00:00+00:00,121.9,124.39271689626534,121.86094434566337,124.33800000000001,1219000.0,124338000.00000001
2022-01-26 12:00:00+00:00,124.33800000000001,126.82690441632602,124.31605205537792,126.77600000000001,1219000.0,126776000.00000001
2022-01-26 16:00:00+00:00,126.77600000000001,129.23747154844662,126.7334981421524,129.214,1219000.0,129214000.00000001
2022-01-26 20:00:00+00:00,129.214,131.71134572101354,129.208702463696,131.65200000000002,1219000.0,131652000.00000001
2022-01-27 00:00:00+00:00,131.65200000000002,131.68808617957524,129.18535557960143,129.214,1219000.0,129214000.00000001
2022-01-27 04:00:00+00:00,129.214,129.26068058800143,126.74013148551509,126.77600000000001,1219000.0,126776000.00000001
2022-01-27 08:00:00+00:00,126.77600000000001,126.80081849614935,124.2998163038954,124.33800000000001,1219000.0,124338000.00000001
2022-01-27 12:00:00+00:00,124.33800000000001,124.34995655613449,121.85777411584925,121.9,1219000.0,121900000.00000001
2022-01-27 16:00:00+00:00,121.9,133.49096980906924,121.8456703053156,133.4805,2194200.0,240264900.00000003
2022-01-27 20:00:00+00:00,133.4805,135.3200445194888,133.46579579970614,135.309,2194200.0,243556200.00000003
2022-01-28 00:00:00+00:00,135.309,137.17430194627715,135.29966280635855,137.13750000000002,2194200.0,246847500.00000003
2022-01-28 04:00:00+00:00,137.13750000000002,138.97286497251903,137.1136925071769,138.966,2194200.0,250138800.00000003
2022-01-28 08:00:00+00:00,138.966,140.79571356014165,138.93132992439834,140.7945,2194200.0,253430100.00000003
2022-01-28 12:00:00+00:00,140.7945,142.6737711649673,140.7359557720219,142.62300000000002,2194200.0,256721400.00000003
2022-01-28 16:00:00+00:00,142.62300000000002,144.45755910763802,142.5796946845567,144.4515,2194200.0,260012700.00000003
2022-01-28 20:00:00+00:00,144.4515,146.3074631274419,144.4064919265367,146.28,2194200.0,263304000.00000003
2022-01-29 00:00:00+00:00,146.28,146.3097739880295,145.12361289557023,145.1829,1219000.0,145182900.0
2022-01-29 04:00:00+00:00,145.1829,147.41490560329098,145.16658105422985,147.3771,1219000.0,147377100.0
2022-01-29 08:00:00+00:00,147.3771,147.4078196827024,145.1670858139242,145.1829,1219000.0,145182900.0
2022-01-29 12:00:00+00:00,145.1829,147.43423106461032,145.15714613595017,147.3771,1219000.0,147377100.0
2022-01-29 16:00:00+00:00,147.3771,147.42283667242646,145.16489415054778,145.1829,1219000.0,145182900.0
2022-01-29 20:00:00+00:00,145.1829,147.41211373304597,145.14321524867032,147.3771,1219000.0,147377100.0
2022-01-30 00:00:00+00:00,147.3771,147.41472273673222,145.12489303652603,145.1829,1219000.0,145182900.0
2022-01-30 04:00:00+00:00,145.1829,147.40797431341346,145.17354347452994,147.3771,1219000.0,147377100.0
2022-01-30 08:00:00+00:00,147.3771,150.117702232251,147.3455310887687,150.05890000000002,2681800.0,330129580.0
2022-01-30 12:00:00+00:00,150.05890000000002,152.75451285856178,150.01760161487826,152.74070000000003,2681800.0,336029540.0
2022-01-30 16:00:00+00:00,152.74070000000003,155.4644962040092,152.71064082122192,155.4225,2681800.0,341929500.0
2022-01-30 20:00:00+00:00,155.4225,158.13813314257885,155.36680731289752,158.10430000000002,2681800.0,347829460.0000001
2022-01-31 00:00:00+00:00,158.10430000000002,160.78866061854376,158.05938606774106,160.7861,2681800.0,353729420.0
2022-01-31 04:00:00+00:00,160.7861,163.48595034248683,160.73233132430755,163.46790000000001,2681800.0,359629380.0
2022-01-31 08:00:00+00:00,163.46790000000001,166.20621082471277,163.46108792397416,166.14970000000002,2681800.0,365529340.0
2022-01-31 12:00:00+00:00,166.14970000000002,168.87931922806038,166.13776821446191,168.8315,2681800.0,371429300.0
2022-01-31 16:00:00+00:00,168.8315,168.8322820551507,168.82749532744947,168.8315,1219000.0,168831500.0
2022-01-31 20:00:00+00:00,168.8315,168.84957937479297,166.79730752202315,166.84785454545457,1219000.0,166847854.54545456
2022-02-01 00:00:00+00:00,166.84785454545457,166.84845218147896,164.80552529347204,164.8642090909091,1219000.0,164864209.09090912
2022-02-01 04:00:00+00:00,164.8642090909091,164.9146432010836,162.879710883632,162.88056363636366,1219000.0,162880563.63636366
2022-02-01 08:00:00+00:00,162.88056363636366,162.8872905411149,160.84881317222423,160.8969181818182,1219000.0,160896918.1818182
2022-02-01 12:00:00+00:00,160.8969181818182,160.90042007496453,158.8689114157225,158.91327272727275,1219000.0,158913272.72727275
2022-02-01 16:00:00+00:00,158.91327272727275,158.9731185170405,156.8742732876095,156.9296272727273,1219000.0,156929627.2727273
2022-02-01 20:00:00+00:00,156.9296272727273,156.95680304187763,154.92950182358666,154.94598181818182,1219000.0,154945981.8181818
2022-02-02 00:00:00+00:00,154.94598181818182,154.96538787147477,152.91877069431322,152.96233636363638,1219000.0,152962336.36363637
2022-02-02 04:00:00+00:00,152.96233636363638,152.96532372973024,150.96421998446536,150.97869090909091,1219000.0,150978690.9090909
2022-02-02 08:00:00+00:00,150.97869090909091,151.00243674166893,148.99041123100275,148.99504545454548,1219000.0,148995045.45454547
2022-02-02 12:00:00+00:00,148.99504545454548,149.0173555350856,146.96597981237827,147.0114,1219000.0,147011400.00000003
2022-02-02 16:00:00+00:00,147.0114,149.847006154032,147.008827119393,149.81510000000003,1219000.0,149815100.0
2022-02-02 20:00:00+00:00,149.81510000000003,152.25351357418205,149.77245971747055,152.25310000000002,1219000.0,152253100.0
2022-02-03 00:00:00+00:00,152.25310000000002,170.66000000000003,150.7903,151.03410000000002,3657000.0000000005,453102300.00000006
2022-02-03 04:00:00+00:00,151.03410000000002,151.04689258374438,148.5663915440696,148.5961,1219000.0,148596100.0
2022-02-03 08:00:00+00:00,148.5961,148.6024635661029,148.56038143521354,148.5961,1485961.0,148596100.0
2022-02-03 12:00:00+00:00,148.5961,148.68799260885962,148.55625804770776,148.67039805000002,1485961.0,148670398.05
2022-02-03 16:00:00+00:00,148.67039805000002,148.80422923027962,148.61288357165253,148.7446961,1485961.0,148744696.1
2022-02-03 20:00:00+00:00,148.7446961,148.86224765406362,148.7154475735269,148.81899415,1485961.0,148818994.15
2022-02-04 00:00:00+00:00,148.81899415,148.9002857745676,148.81753787712245,148.89329220000002,1485961.0,148893292.20000002
2022-02-04 04:00:00+00:00,148.89329220000002,148.99977073706205,148.8540814090746,148.96759025,1485961.0,148967590.25
2022-02-04 08:00:00+00:00,148.96759025,149.07748087730184,148.95234187601434,149.0418883,1485961.0,149041888.3
2022-02-04 12:00:00+00:00,149.0418883,149.12805463986666,148.98681431147884,149.11618635,1485961.0,149116186.35
2022-02-04 16:00:00+00:00,149.11618635,149.2450620499243,149.08730690373963,149.19048440000003,1485961.0,149190484.4
2022-02-04 20:00:00+00:00,149.19048440000003,149.27322805941972,149.16221598582763,149.26478245,1485961.0,149264782.45000002
2022-02-05 00:00:00+00:00,149.26478245,149.36814799165887,149.1972117481596,149.33908050000002,1485961.0,149339080.5
2022-02-05 04:00:00+00:00,149.33908050000002,149.4517713379254,149.3098835623065,149.41337855,1485961.0,149413378.55
2022-02-05 08:00:00+00:00,149.41337855,149.51967142219215,149.3874595580782,149.4876766,1485961.0,149487676.6
2022-02-05 12:00:00+00:00,149.4876766,149.60557263960064,149.46181941230137,149.56197465000002,1485961.0,149561974.65
2022-02-05 16:00:00+00:00,149.56197465000002,149.69109260881214,149.52625470561938,149.6362727,1485961.0,149636272.70000002
2022-02-05 20:00:00+00:00,149.6362727,149.7816195423132,149.6293412782394,149.71057075000002,1485961.0,149710570.75
2022-02-06 00:00:00+00:00,149.71057075000002,149.80598439227427,149.66994848374708,149.7848688,1485961.0,149784868.8
2022-02-06 04:00:00+00:00,149.7848688,149.90735264281898,149.71640853635446,149.85916685,1485961.0,149859166.85
2022-02-06 08:00:00+00:00,149.85916685,149.98519239093142,149.81734283827745,149.93346490000002,1485961.0,149933464.9
2022-02-06 12:00:00+00:00,149.93346490000002,150.02951153084618,149.87819382221878,150.00776295,1485961.0,150007762.95000002
2022-02-06 16:00:00+00:00,150.00776295,151.56813271029907,149.9373922456511,151.568022,1485961.0,151568022.0
2022-02-06 20:00:00+00:00,151.568022,154.61227020016761,151.50545446886358,154.53994400000002,1485961.0,154539944.0
2022-02-07 00:00:00+00:00,154.53994400000002,157.5340366289878,154.484665779482,157.511866,1485961.0,157511866.0
2022-02-07 04:00:00+00:00,157.511866,160.50711654767846,157.45144951984713,160.483788,1485961.0,160483788.0
2022-02-07 08:00:00+00:00,160.483788,160.5500403936975,157.45093126847826,157.511866,1485961.0,157511866.0
2022-02-07 12:00:00+00:00,157.511866,157.55534246536618,154.52109048385182,154.53994400000002,1485961.0,154539944.0
2022-02-07 16:00:00+00:00,154.53994400000002,154.57496138906916,151.53221308542186,151.568022,1485961.0,151568022.0
2022-02-07 20:00:00+00:00,151.568022,151.62547497392674,148.57063681372375,148.5961,1485961.0,148596100.0
2022-02-08 00:00:00+00:00,148.5961,151.57027664919462,148.57665372666332,151.568022,1485961.0,151568022.0
2022-02-08 04:00:00+00:00,151.568022,154.59247012802527,151.5255568318996,154.53994400000002,1485961.0,154539944.0
2022-02-08 08:00:00+00:00,154.53994400000002,157.539671587052,154.51632569581048,157.511866,1485961.0,157511866.0
2022-02-08 12:00:00+00:00,157.511866,160.49053817945057,157.46590102502935,160.483788,1485961.0,160483788.0
2022-02-08 16:00:00+00:00,160.483788,160.53286186703477,157.46859358751306,157.511866,1485961.0,157511866.0
2022-02-08 20:00:00+00:00,157.511866,157.58107194805277,154.53218735978143,154.53994400000002,1485961.0,154539944.0
2022-02-09 00:00:00+00:00,154.53994400000002,154.55533789976565,151.5351512312036,151.568022,1485961.0,151568022.0
2022-02-09 04:00:00+00:00,151.568022,151.61483647316817,148.5671345430803,148.5961,1485961.0,148596100.0
2022-02-09 08:00:00+00:00,148.5961,151.59017493621784,148.54359710382744,151.568022,1485961.0,151568022.0
2022-02-09 12:00:00+00:00,151.568022,154.59505507490366,151.56147390156394,154.53994400000002,1485961.0,154539944.0
2022-02-09 16:00:00+00:00,154.53994400000002,157.5655214370236,154.52739073725468,157.511866,1485961.0,157511866.0
2022-02-09 20:00:00+00:00,157.511866,160.5000381295504,157.47378100858754,160.483788,1485961.0,160483788.0
2022-02-10 00:00:00+00:00,160.483788,160.54544697647918,157.48180547490438,157.511866,1485961.0,157511866.0
2022-02-10 04:00:00+00:00,157.511866,157.56072827684608,154.49051003908855,154.53994400000002,1485961.0,154539944.0
2022-02-10 08:00:00+00:00,154.53994400000002,154.59067462739617,151.5432913971703,151.568022,1485961.0,151568022.0
2022-02-10 12:00:00+00:00,151.568022,151.62895202908996,148.58144703008858,148.5961,1485961.0,148596100.0
2022-02-10 16:00:00+00:00,148.5961,151.59986413107222,148.52686570215005,151.568022,1485961.0,151568022.0
2022-02-10 20:00:00+00:00,151.568022,154.59631433628817,151.54990096614426,154.53994400000002,1485961.0,154539944.0
2022-02-11 00:00:00+00:00,154.53994400000002,157.57713536468435,154.52901740873313,157.511866,1485961.0,157511866.0
2022-02-11 04:00:00+00:00,157.511866,160.49139017067498,157.49107041012778,160.483788,1485961.0,160483788.0
2022-02-11 08:00:00+00:00,160.483788,160.54692413042548,157.48662514122555,157.511866,1485961.0,157511866.0
2022-02-11 12:00:00+00:00,157.511866,157.5411340326563,154.5232183207216,154.53994400000002,1485961.0,154539944.0
2022-02-11 16:00:00+00:00,154.53994400000002,154.57558358013333,151.52817473350305,151.568022,1485961.0,151568022.0
2022-02-11 20:00:00+00:00,151.568022,151.57889437318062,148.5264876422879,148.5961,1485961.0,148596100.0
2022-02-12 00:00:00+00:00,148.5961,151.6199137154982,148.5867370450692,151.568022,1485961.0,151568022.0
2022-02-12 04:00:00+00:00,151.568022,154.5616374418096,151.53717607883377,154.53994400000002,1485961.0,154539944.0
2022-02-12 08:00:00+00:00,154.53994400000002,157.57658994010833,154.4903012050382,157.511866,1485961.0,157511866.0
2022-02-12 12:00:00+00:00,157.511866,160.5042477792272,157.44613340199555,160.483788,1485961.0,160483788.0
2022-02-12 16:00:00+00:00,160.483788,160.52552936657275,157.43758258461432,157.511866,1485961.0,157511866.0
2022-02-12 20:00:00+00:00,157.511866,157.54155967790038,154.52927205497843,154.53994400000002,1485961.0,154539944.0
2022-02-13 00:00:00+00:00,154.53994400000002,154.58548198007486,151.52810182680562,151.568022,1485961.0,151568022.0
2022-02-13 04:00:00+00:00,151.568022,151.58263191206856,148.53062851905673,148.5961,1485961.0,148596100.0
2022-02-13 08:00:00+00:00,148.5961,162.72612451272394,148.5921599985659,162.71272950000002,2674729.8000000003,292882913.1
2022-02-13 12:00:00+00:00,162.71272950000002,164.99716127027602,162.66902046569157,164.941671,2674729.8000000003,296895007.8
2022-02-13 16:00:00+00:00,164.941671,167.22650123314918,164.9287497258676,167.1706125,2674729.8000000003,300907102.5
2022-02-13 20:00:00+00:00,167.1706125,169.44167935046502,167.11356420879014,169.39955400000002,2674729.8000000003,304919197.20000005
2022-02-14 00:00:00+00:00,169.39955400000002,171.69692992391674,169.3298898425003,171.6284955,2674729.8000000003,308931291.90000004
2022-02-14 04:00:00+00:00,171.6284955,173.8727256848221,171.5885017369473,173.857437,2674729.8000000003,312943386.6
2022-02-14 08:00:00+00:00,173.857437,176.14959879429998,173.85677080852213,176.08637850000002,2674729.8000000003,316955481.3
2022-02-14 12:00:00+00:00,176.08637850000002,178.32787542770635,176.08160482638968,178.31532,2674729.8000000003,320967576.0
2022-02-14 16:00:00+00:00,178.31532,178.3869698981649,176.94706925767156,176.9779551,1485961.0,176977955.10000002
2022-02-14 20:00:00+00:00,176.9779551,179.69902405349748,176.91500206725453,179.65268490000003,1485961.0,179652684.9
2022-02-15 00:00:00+00:00,179.65268490000003,179.69777518202577,176.9603637793411,176.9779551,1485961.0,176977955.10000002
2022-02-15 04:00:00+00:00,176.9779551,179.72479552351118,176.92823948313455,179.65268490000003,1485961.0,179652684.9
2022-02-15 08:00:00+00:00,179.65268490000003,179.71115989592073,176.94784151768047,176.9779551,1485961.0,176977955.10000002
2022-02-15 12:00:00+00:00,176.9779551,179.71137422813433,176.95825458642312,179.65268490000003,1485961.0,179652684.9
2022-02-15 16:00:00+00:00,179.65268490000003,179.65670396072701,176.92565751185737,176.9779551,1485961.0,176977955.10000002
2022-02-15 20:00:00+00:00,176.9779551,179.68012215243454,176.95505222415105,179.65268490000003,1485961.0,179652684.9
2022-02-16 00:00:00+00:00,179.65268490000003,182.92810661602712,179.6250548706416,182.92179910000002,3269114.2,402427958.02000004
2022-02-16 04:00:00+00:00,182.92179910000002,186.20529202192412,182.8649380364137,186.19091330000003,3269114.2,409620009.26000005
2022-02-16 08:00:00+00:00,186.19091330000003,189.4759174003678,186.15412091243095,189.46002750000002,3269114.2,416812060.5
2022-02-16 12:00:00+00:00,189.46002750000002,192.7929371212082,189.40178387956226,192.72914170000004,3269114.2,424004111.7400001
2022-02-16 16:00:00+00:00,192.72914170000004,196.00767354782087,192.6907815773201,195.99825590000003,3269114.2,431196162.98
2022-02-16 20:00:00+00:00,195.99825590000003,199.28941862351368,195.98637031723376,199.2673701,3269114.2,438388214.22
2022-02-17 00:00:00+00:00,199.2673701,202.5731018694825,199.23440421687278,202.53648430000004,3269114.2,445580265.46000004
2022-02-17 04:00:00+00:00,202.53648430000004,205.8687117521036,202.47163955773826,205.8055985,3269114.2,452772316.70000005
2022-02-17 08:00:00+00:00,205.8055985,205.87731331236697,205.76362620570382,205.8055985,1485961.0,205805598.5
2022-02-17 12:00:00+00:00,205.8055985,205.85821227557977,203.3158507769651,203.3875346909091,1485961.0,203387534.69090912
2022-02-17 16:00:00+00:00,203.3875346909091,203.40341123462272,200.96938555691642,200.9694708818182,1485961.0,200969470.8818182
2022-02-17 20:00:00+00:00,200.9694708818182,201.00996203233427,198.52611850801426,198.5514070727273,1485961.0,198551407.0727273
2022-02-18 00:00:00+00:00,198.5514070727273,198.60385845300107,196.07620433682777,196.1333432636364,1485961.0,196133343.26363638
2022-02-18 04:00:00+00:00,196.1333432636364,196.13719803427554,193.6642997761139,193.71527945454548,1485961.0,193715279.45454547
2022-02-18 08:00:00+00:00,193.71527945454548,193.7657935223961,191.2555360260886,191.29721564545457,1485961.0,191297215.6454546
2022-02-18 12:00:00+00:00,191.29721564545457,191.32457826765585,188.82983702352206,188.87915183636366,1485961.0,188879151.83636364
2022-02-18 16:00:00+00:00,188.87915183636366,188.9229654177558,186.39597092021583,186.46108802727275,1485961.0,186461088.02727276
2022-02-18 20:00:00+00:00,186.46108802727275,186.51083304447167,183.9922376789271,184.04302421818184,1485961.0,184043024.21818182
2022-02-19 00:00:00+00:00,184.04302421818184,184.09273908634685,181.58430239426826,181.62496040909093,1485961.0,181624960.40909094
2022-02-19 04:00:00+00:00,181.62496040909093,181.66382198746544,179.16510628953583,179.20689660000002,1485961.0,179206896.60000002
2022-02-19 08:00:00+00:00,179.20689660000002,182.6658228094942,179.15738609391047,182.62460690000003,1485961.0,182624606.9
2022-02-19 12:00:00+00:00,182.62460690000003,185.61125103732957,182.60054085550283,185.5965289,1485961.0,185596528.9
2022-02-19 16:00:00+00:00,185.5965289,208.03454000000002,183.81337570000002,184.1105679,4457883.0,552331703.7
2022-02-19 20:00:00+00:00,184.1105679,184.11988557926907,181.09295198107247,181.13864590000003,1485961.0,181138645.9
2022-02-20 00:00:00+00:00,181.13864590000003,181.2240578529856,181.13017924752066,181.13864590000003,1811386.4590000005,181138645.90000004
2022-02-20 04:00:00+00:00,181.13864590000003,181.2755258132141,181.1253802812609,181.22921522295005,1811386.4590000005,181229215.22295004
2022-02-20 08:00:00+00:00,181.22921522295005,181.40820227736018,181.16636979223506,181.31978454590003,1811386.4590000005,181319784.54590005
2022-02-20 12:00:00+00:00,181.31978454590003,181.41767513280422,181.29056532294112,181.41035386885005,1811386.4590000005,181410353.86885005
2022-02-20 16:00:00+00:00,181.41035386885005,181.55593099829358,181.34194801620356,181.50092319180004,1811386.4590000005,181500923.19180003
2022-02-20 20:00:00+00:00,181.50092319180004,181.62559064979683,181.4546749809492,181.59149251475003,1811386.4590000005,181591492.51475003
2022-02-21 00:00:00+00:00,181.59149251475003,181.7546894870895,181.5571043798927,181.68206183770005,1811386.4590000005,181682061.83770004
2022-02-21 04:00:00+00:00,181.68206183770005,181.78843802679413,181.61509047027056,181.77263116065004,1811386.4590000005,181772631.16065004
2022-02-21 08:00:00+00:00,181.77263116065004,181.94214390024257,181.75605871293354,181.86320048360005,1811386.4590000005,181863200.48360005
2022-02-21 12:00:00+00:00,181.86320048360005,182.00303421094165,181.83740519903222,181.95376980655004,1811386.4590000005,181953769.80655003
2022-02-21 16:00:00+00:00,181.95376980655004,182.1260521384252,181.92732892392885,182.04433912950003,1811386.4590000005,182044339.12950003
2022-02-21 20:00:00+00:00,182.04433912950003,182.17812392404736,182.00672405553425,182.13490845245005,1811386.4590000005,182134908.45245004
2022-02-22 00:00:00+00:00,182.13490845245005,182.26446753180647,182.05275176527977,182.22547777540004,1811386.4590000005,182225477.77540004
2022-02-22 04:00:00+00:00,182.22547777540004,182.38750146840167,182.15188661124287,182.31604709835005,1811386.4590000005,182316047.09835005
2022-02-22 08:00:00+00:00,182.31604709835005,182.49575049218302,182.24163503587766,182.40661642130004,1811386.4590000005,182406616.42130005
2022-02-22 12:00:00+00:00,182.40661642130004,182.53067155896773,182.3494536055231,182.49718574425003,1811386.4590000005,182497185.74425003
2022-02-22 16:00:00+00:00,182.49718574425003,182.675510661158,182.49644182410333,182.58775506720002,1811386.4590000005,182587755.06720003
2022-02-22 20:00:00+00:00,182.58775506720002,182.76246568109264,182.56184019023692,182.67832439015004,1811386.4590000005,182678324.39015004
2022-02-23 00:00:00+00:00,182.67832439015004,182.78498721028575,182.63287675799177,182.76889371310006,1811386.4590000005,182768893.71310005
2022-02-23 04:00:00+00:00,182.76889371310006,182.91460631476468,182.6875212746732,182.85946303605004,1811386.4590000005,182859463.03605005
2022-02-23 08:00:00+00:00,182.85946303605004,184.82525794077716,182.82651587038592,184.76141881800004,1811386.4590000005,184761418.81800005
2022-02-23 12:00:00+00:00,184.76141881800004,188.46958082689355,184.71155502014383,188.38419173600005,1811386.4590000005,188384191.73600003
2022-02-23 16:00:00+00:00,188.38419173600005,192.06725279557128,188.3073396045181,192.00696465400003,1811386.4590000005,192006964.65400004
2022-02-23 20:00:00+00:00,192.00696465400003,195.6418191352557,191.9760436991631,195.62973757200004,1811386.4590000005,195629737.57200006
2022-02-24 00:00:00+00:00,195.62973757200004,195.67482910334078,191.93921202257528,192.00696465400003,1811386.4590000005,192006964.65400004
2022-02-24 04:00:00+00:00,192.00696465400003,192.05167146815614,188.33030052406184,188.38419173600005,1811386.4590000005,188384191.73600003
2022-02-24 08:00:00+00:00,188.38419173600005,188.4294968832912,184.71383986415026,184.76141881800004,1811386.4590000005,184761418.81800005
2022-02-24 12:00:00+00:00,184.76141881800004,184.8482369666448,181.0816061631778,181.13864590000003,1811386.4590000005,181138645.90000004
2022-02-24 16:00:00+00:00,181.13864590000003,184.79311241137682,181.09473291382378,184.76141881800004,1811386.4590000005,184761418.81800005
2022-02-24 20:00:00+00:00,184.76141881800004,188.4044585372595,184.7511869701545,188.38419173600005,1811386.4590000005,188384191.73600003
2022-02-25 00:00:00+00:00,188.38419173600005,192.05424972031133,188.3029595866095,192.00696465400003,1811386.4590000005,192006964.65400004
2022-02-25 04:00:00+00:00,192.00696465400003,195.6878079884788,191.9191366170511,195.62973757200004,1811386.4590000005,195629737.57200006
2022-02-25 08:00:00+00:00,195.62973757200004,195.71479186200622,191.93150558570903,192.00696465400003,1811386.4590000005,192006964.65400004
2022-02-25 12:00:00+00:00,192.00696465400003,192.05967743101087,188.3521490464468,188.38419173600005,1811386.4590000005,188384191.73600003
2022-02-25 16:00:00+00:00,188.38419173600005,188.40844922482214,184.70400559028067,184.76141881800004,1811386.4590000005,184761418.81800005
2022-02-25 20:00:00+00:00,184.76141881800004,184.84562788265015,181.0688384083322,181.13864590000003,1811386.4590000005,181138645.90000004
2022-02-26 00:00:00+00:00,181.13864590000003,184.8059540441048,181.13300819695243,184.76141881800004,1811386.4590000005,184761418.81800005
2022-02-26 04:00:00+00:00,184.76141881800004,188.4453985627861,184.68991928746203,188.38419173600005,1811386.4590000005,188384191.73600003
2022-02-26 08:00:00+00:00,188.38419173600005,192.05007917581966,188.37650290250866,192.00696465400003,1811386.4590000005,192006964.65400004
2022-02-26 12:00:00+00:00,192.00696465400003,195.64938930608676,191.9218454137012,195.62973757200004,1811386.4590000005,195629737.57200006
2022-02-26 16:00:00+00:00,195.62973757200004,195.69246154179712,191.98509565062446,192.00696465400003,1811386.4590000005,192006964.65400004
2022-02-26 20:00:00+00:00,192.00696465400003,192.0767601350983,188.29696060611533,188.38419173600005,1811386.4590000005,188384191.73600003
2022-02-27 00:00:00+00:00,188.38419173600005,188.40147132174795,184.74039997777155,184.76141881800004,1811386.4590000005,184761418.81800005
2022-02-27 04:00:00+00:00,184.76141881800004,184.80307309988854,181.0901564552741,181.13864590000003,1811386.4590000005,181138645.90000004
2022-02-27 08:00:00+00:00,181.13864590000003,184.79418816300847,181.0633399382142,184.76141881800004,1811386.4590000005,184761418.81800005
2022-02-27 12:00:00+00:00,184.76141881800004,188.39965462015468,184.6719777959353,188.38419173600005,1811386.4590000005,188384191.73600003
2022-02-27 16:00:00+00:00,188.38419173600005,192.02701232396706,188.3202772270302,192.00696465400003,1811386.4590000005,192006964.65400004
2022-02-27 20:00:00+00:00,192.00696465400003,195.71691121657824,191.931364132457,195.62973757200004,1811386.4590000005,195629737.57200006
2022-02-28 00:00:00+00:00,195.62973757200004,195.70982105512311,191.97148084941466,192.00696465400003,1811386.4590000005,192006964.65400004
2022-02-28 04:00:00+00:00,192.00696465400003,192.04158856586784,188.31619982385553,188.38419173600005,1811386.4590000005,188384191.73600003
2022-02-28 08:00:00+00:00,188.38419173600005,188.45116532697043,184.72658180493215,184.76141881800004,1811386.4590000005,184761418.81800005
2022-02-28 12:00:00+00:00,184.76141881800004,184.76521983471306,181.05443033258592,181.13864590000003,1811386.4590000005,181138645.90000004
2022-02-28 16:00:00+00:00,181.13864590000003,184.8442949291769,181.06859025401738,184.76141881800004,1811386.4590000005,184761418.81800005
2022-02-28 20:00:00+00:00,184.76141881800004,188.43284293630296,184.72705614738936,188.38419173600005,1811386.4590000005,188384191.73600003
2022-03-01 00:00:00+00:00,188.38419173600005,192.08125575360233,188.31316546888286,192.00696465400003,1811386.4590000005,192006964.65400004
2022-03-01 04:00:00+00:00,192.00696465400003,195.65472911316374,192.00094074368957,195.62973757200004,1811386.4590000005,195629737.57200006
2022-03-01 08:00:00+00:00,195.62973757200004,195.66380285110503,191.92318111288293,192.00696465400003,1811386.4590000005,192006964.65400004
2022-03-01 12:00:00+00:00,192.00696465400003,192.03848673797887,188.32141578386162,188.38419173600005,1811386.4590000005,188384191.73600003
2022-03-01 16:00:00+00:00,188.38419173600005,188.47226493831437,184.7317845992443,184.76141881800004,1811386.4590000005,184761418.81800005
2022-03-01 20:00:00+00:00,184.76141881800004,184.80031470883054,181.08005233458726,181.13864590000003,1811386.4590000005,181138645.90000004
2022-03-02 00:00:00+00:00,181.13864590000003,198.39207409369305,181.06761455166193,198.34681726050005,3260495.6262000008,357024271.06890005
2022-03-02 04:00:00+00:00,198.34681726050005,201.1504793134463,198.28991119237162,201.06389694900005,3260495.6262000008,361915014.50820005
2022-03-02 08:00:00+00:00,201.06389694900005,203.86277845042838,200.98359783097908,203.78097663750003,3260495.6262000008,366805757.94750005
2022-03-02 12:00:00+00:00,203.78097663750003,206.53383216047243,203.74335803448838,206.49805632600004,3260495.6262000008,371696501.3868001
2022-03-02 16:00:00+00:00,206.49805632600004,209.24297321319324,206.46907317650448,209.21513601450005,3260495.6262000008,376587244.8261001
2022-03-02 20:00:00+00:00,209.21513601450005,212.005309488164,209.18153898652113,211.93221570300005,3260495.6262000008,381477988.2654001
2022-03-03 00:00:00+00:00,211.93221570300005,214.65902902063087,211.9066989775932,214.64929539150003,3260495.6262000008,386368731.7047001
2022-03-03 04:00:00+00:00,214.64929539150003,217.40189536438206,214.60590621965966,217.36637508000004,3260495.6262000008,391259475.1440001
2022-03-03 08:00:00+00:00,217.36637508000004,217.44575309743283,215.66752998156565,215.73612726690004,1811386.4590000005,215736127.26690003
2022-03-03 12:00:00+00:00,215.73612726690004,219.07973314532165,215.6569184618251,218.99662289310007,1811386.4590000005,218996622.89310005
2022-03-03 16:00:00+00:00,218.99662289310007,219.01776868067762,215.67881941751398,215.73612726690004,1811386.4590000005,215736127.26690003
2022-03-03 20:00:00+00:00,215.73612726690004,219.00375252383435,215.66496207276867,218.99662289310007,1811386.4590000005,218996622.89310005
2022-03-04 00:00:00+00:00,218.99662289310007,219.06796683930452,215.64826858957375,215.73612726690004,1811386.4590000005,215736127.26690003
2022-03-04 04:00:00+00:00,215.73612726690004,219.05293691150814,215.67637807913644,218.99662289310007,1811386.4590000005,218996622.89310005
2022-03-04 08:00:00+00:00,218.99662289310007,219.01813354362963,215.7284621472335,215.73612726690004,1811386.4590000005,215736127.26690003
2022-03-04 12:00:00+00:00,215.73612726690004,219.04244129718478,215.6794678592418,218.99662289310007,1811386.4590000005,218996622.89310005
2022-03-04 16:00:00+00:00,218.99662289310007,222.98814140291972,218.99482756967274,222.98167310290006,3985050.209800001,490559680.82638013
2022-03-04 20:00:00+00:00,222.98167310290006,227.0301297473257,222.9202972244418,226.96672331270008,3985050.209800001,499326791.2879401
2022-03-05 00:00:00+00:00,226.96672331270008,230.99947869042742,226.87629771889434,230.95177352250005,3985050.209800001,508093901.7495001
2022-03-05 04:00:00+00:00,230.95177352250005,235.0006432123006,230.90752211202,234.93682373230007,3985050.209800001,516861012.2110602
2022-03-05 08:00:00+00:00,234.93682373230007,238.92985938251846,234.85232088023275,238.92187394210006,3985050.209800001,525628122.6726201
2022-03-05 12:00:00+00:00,238.92187394210006,242.96532461198842,238.9201003706037,242.90692415190003,3985050.209800001,534395233.1341801
2022-03-05 16:00:00+00:00,242.90692415190003,246.9255154319006,242.81951200208854,246.89197436170008,3985050.209800001,543162343.5957401
2022-03-05 20:00:00+00:00,246.89197436170008,250.92224661026523,246.8767241900437,250.87702457150004,3985050.209800001,551929454.0573001
2022-03-06 00:00:00+00:00,250.87702457150004,250.90740899436477,250.8009895600485,250.87702457150004,1811386.4590000005,250877024.57150006
2022-03-06 04:00:00+00:00,250.87702457150004,250.93445335888407,247.90238879596717,247.92940478821825,1811386.4590000005,247929404.78821826
2022-03-06 08:00:00+00:00,247.92940478821825,247.98087179636664,244.94616850578467,244.98178500493643,1811386.4590000005,244981785.00493646
2022-03-06 12:00:00+00:00,244.98178500493643,245.03767667066862,242.02215875254055,242.0341652216546,1811386.4590000005,242034165.22165462
2022-03-06 16:00:00+00:00,242.0341652216546,242.03990547098823,239.08315520999525,239.08654543837278,1811386.4590000005,239086545.4383728
2022-03-06 20:00:00+00:00,239.08654543837278,239.10693636074427,236.07080000003157,236.138925655091,1811386.4590000005,236138925.655091
2022-03-07 00:00:00+00:00,236.138925655091,236.14543800247705,233.1237314059879,233.19130587180916,1811386.4590000005,233191305.87180918
2022-03-07 04:00:00+00:00,233.19130587180916,233.226020898555,230.23250031544669,230.2436860885273,1811386.4590000005,230243686.08852732
2022-03-07 08:00:00+00:00,230.2436860885273,230.2872507021418,227.23968059607034,227.29606630524552,1811386.4590000005,227296066.30524552
2022-03-07 12:00:00+00:00,227.29606630524552,227.3062410389404,224.32511907334796,224.3484465219637,1811386.4590000005,224348446.5219637
2022-03-07 16:00:00+00:00,224.3484465219637,224.40890961339124,221.31961317343394,221.40082673868187,1811386.4590000005,221400826.73868188
2022-03-07 20:00:00+00:00,221.40082673868187,221.44496631013445,218.44105365039258,218.45320695540005,1811386.4590000005,218453206.95540008
2022-03-08 00:00:00+00:00,218.45320695540005,222.66471033437355,218.39997774112226,222.61939581110005,1811386.4590000005,222619395.81110004
2022-03-08 04:00:00+00:00,222.61939581110005,226.29628080580542,222.53880810248583,226.24216872910006,1811386.4590000005,226242168.72910005
2022-03-08 08:00:00+00:00,226.24216872910006,253.59410426000005,224.06850497830004,224.43078227010005,5434159.377000001,673292346.8103001
2022-03-08 12:00:00+00:00,224.43078227010005,224.4841153714393,220.74725014849702,220.80800935210007,1811386.4590000005,220808009.35210004
2022-03-08 16:00:00+00:00,220.80800935210004,220.89688489865748,220.71327841792785,220.80800935210004,2208080.0935210004,220808009.35210004
2022-03-08 20:00:00+00:00,220.80800935210004,221.00761325550414,220.71650672599648,220.91841335677609,2208080.0935210004,220918413.35677612
2022-03-09 00:00:00+00:00,220.91841335677609,221.08571136710313,220.90298005840614,221.02881736145216,2208080.0935210004,221028817.36145216
2022-03-09 04:00:00+00:00,221.02881736145216,221.1707749830319,220.97062269554954,221.13922136612823,2208080.0935210004,221139221.3661282
2022-03-09 08:00:00+00:00,221.13922136612823,221.2555795363222,221.1107215110956,221.24962537080427,2208080.0935210004,221249625.37080425
2022-03-09 12:00:00+00:00,221.24962537080427,221.40235483518723,221.1953313641198,221.3600293754803,2208080.0935210004,221360029.3754803
2022-03-09 16:00:00+00:00,221.3600293754803,221.5155304578376,221.29895321701267,221.47043338015635,2208080.0935210004,221470433.38015637
2022-03-09 20:00:00+00:00,221.47043338015635,221.58583594755171,221.45870162415892,221.5808373848324,2208080.0935210004,221580837.3848324
2022-03-10 00:00:00+00:00,221.5808373848324,221.69662443603156,221.48540686112193,221.69124138950846,2208080.0935210004,221691241.38950846
2022-03-10 04:00:00+00:00,221.69124138950846,221.91195843866436,221.66047219979862,221.8016453941845,2208080.0935210004,221801645.3941845
2022-03-10 08:00:00+00:00,221.8016453941845,221.98407356130681,221.75228118889862,221.91204939886055,2208080.0935210004,221912049.39886054
2022-03-10 12:00:00+00:00,221.91204939886055,222.04834426893834,221.90572782048102,222.0224534035366,2208080.0935210004,222022453.40353662
2022-03-10 16:00:00+00:00,222.0224534035366,222.18087735980237,222.02215032175545,222.13285740821263,2208080.0935210004,222132857.40821266
2022-03-10 20:00:00+00:00,222.13285740821263,222.35081546992467,222.11131101547767,222.24326141288873,2208080.0935210004,222243261.4128887
2022-03-11 00:00:00+00:00,222.24326141288873,222.45277262040796,222.20553910426364,222.35366541756477,2208080.0935210004,222353665.41756475
2022-03-11 04:00:00+00:00,222.35366541756477,222.55727590966464,222.25119797909116,222.4640694222408,2208080.0935210004,222464069.4222408
2022-03-11 08:00:00+00:00,222.4640694222408,222.61779647331298,222.36583985611577,222.57447342691685,2208080.0935210004,222574473.42691687
2022-03-11 12:00:00+00:00,222.57447342691685,222.73930914725835,222.5214241904282,222.6848774315929,2208080.0935210004,222684877.4315929
2022-03-11 16:00:00+00:00,222.6848774315929,222.86999065063273,222.63467012645563,222.79528143626897,2208080.0935210004,222795281.43626896
2022-03-11 20:00:00+00:00,222.79528143626897,222.91239830395077,222.72164273313643,222.905685440945,2208080.0935210004,222905685.440945
2022-03-12 00:00:00+00:00,222.905685440945,225.28550957543257,222.81087546067823,225.22416953914205,2208080.0935210004,225224169.53914204
2022-03-12 04:00:00+00:00,225.22416953914205,229.67029907039992,225.18693054374015,229.64032972618406,2208080.0935210004,229640329.72618407
2022-03-12 08:00:00+00:00,229.64032972618406,234.1536069254802,229.5527070879902,234.05648991322605,2208080.0935210004,234056489.91322607
2022-03-12 12:00:00+00:00,234.05648991322605,238.47973963130536,234.01244012267045,238.47265010026805,2208080.0935210004,238472650.10026807
2022-03-12 16:00:00+00:00,238.47265010026805,238.54763446141564,233.9909039856171,234.05648991322605,2208080.0935210004,234056489.91322607
2022-03-12 20:00:00+00:00,234.05648991322605,234.15255116830562,229.55891041796764,229.64032972618406,2208080.0935210004,229640329.72618407
2022-03-13 00:00:00+00:00,229.64032972618406,229.6654266016989,225.1688176960012,225.22416953914205,2208080.0935210004,225224169.53914204
2022-03-13 04:00:00+00:00,225.22416953914205,225.3230306107535,220.73174494062565,220.80800935210004,2208080.0935210004,220808009.35210004
2022-03-13 08:00:00+00:00,220.80800935210004,225.32046341167225,220.73102315113306,225.22416953914205,2208080.0935210004,225224169.53914204
2022-03-13 12:00:00+00:00,225.22416953914205,229.6423741011703,225.22353883529655,229.64032972618406,2208080.0935210004,229640329.72618407
2022-03-13 16:00:00+00:00,229.64032972618406,234.13460025715062,229.6360167348678,234.05648991322605,2208080.0935210004,234056489.91322607
2022-03-13 20:00:00+00:00,234.05648991322605,238.4727825501404,234.04003548686185,238.47265010026805,2208080.0935210004,238472650.10026807
2022-03-14 00:00:00+00:00,238.47265010026805,238.5282234978748,234.0329037388544,234.05648991322605,2208080.0935210004,234056489.91322607
2022-03-14 04:00:00+00:00,234.05648991322605,234.10469970449634,229.61789401975216,229.64032972618406,2208080.0935210004,229640329.72618407
2022-03-14 08:00:00+00:00,229.64032972618406,229.6627696532529,225.21876354282523,225.22416953914205,2208080.0935210004,225224169.53914204
2022-03-14 12:00:00+00:00,225.22416953914205,225.26004450839324,220.78402834343038,220.80800935210004,2208080.0935210004,220808009.35210004
2022-03-14 16:00:00+00:00,220.80800935210004,225.3131789403187,220.74166235591875,225.22416953914205,2208080.0935210004,225224169.53914204
2022-03-14 20:00:00+00:00,225.22416953914205,229.67526730392163,225.12634329287616,229.64032972618406,2208080.0935210004,229640329.72618407
2022-03-15 00:00:00+00:00,229.64032972618406,234.07294436969943,229.60174310616748,234.05648991322605,2208080.0935210004,234056489.91322607
2022-03-15 04:00:00+00:00,234.05648991322605,238.54976862131343,234.01603735609424,238.47265010026805,2208080.0935210004,238472650.10026807
2022-03-15 08:00:00+00:00,238.47265010026805,238.5221711652658,234.01047995697124,234.05648991322605,2208080.0935210004,234056489.91322607
2022-03-15 12:00:00+00:00,234.05648991322605,234.14469603252223,229.56521726878734,229.64032972618406,2208080.0935210004,229640329.72618407
2022-03-15 16:00:00+00:00,229.64032972618406,229.66633168623775,225.13747215005043,225.22416953914205,2208080.0935210004,225224169.53914204
2022-03-15 20:00:00+00:00,225.22416953914205,225.25947504561273,220.70412381158079,220.80800935210004,2208080.0935210004,220808009.35210004
2022-03-16 00:00:00+00:00,220.80800935210004,225.31247944207692,220.76653056296374,225.22416953914205,2208080.0935210004,225224169.53914204
2022-03-16 04:00:00+00:00,225.22416953914205,229.69631207936482,225.1461388365664,229.64032972618406,2208080.0935210004,229640329.72618407
2022-03-16 08:00:00+00:00,229.64032972618406,234.11239684529087,229.60261196334937,234.05648991322605,2208080.0935210004,234056489.91322607
2022-03-16 12:00:00+00:00,234.05648991322605,238.49872687792393,233.96551681479562,238.47265010026805,2208080.0935210004,238472650.10026807
2022-03-16 16:00:00+00:00,238.47265010026805,238.47425496383332,234.03102535057914,234.05648991322605,2208080.0935210004,234056489.91322607
2022-03-16 20:00:00+00:00,234.05648991322605,234.15952156907034,229.544166324269,229.64032972618406,2208080.0935210004,229640329.72618407
2022-03-17 00:00:00+00:00,229.64032972618406,229.64980523722454,225.16840389641686,225.22416953914205,2208080.0935210004,225224169.53914204
2022-03-17 04:00:00+00:00,225.22416953914205,225.31745284168287,220.72792846623594,220.80800935210004,2208080.0935210004,220808009.35210004
2022-03-17 08:00:00+00:00,220.80800935210004,225.26478504596108,220.7489439807982,225.22416953914205,2208080.0935210004,225224169.53914204
2022-03-17 12:00:00+00:00,225.22416953914205,229.74532647184702,225.18926847621734,229.64032972618406,2208080.0935210004,229640329.72618407
2022-03-17 16:00:00+00:00,229.64032972618406,234.10058806167314,229.58575681698915,234.05648991322605,2208080.0935210004,234056489.91322607
2022-03-17 20:00:00+00:00,234.05648991322605,238.5760370540425,234.05091998552064,238.47265010026805,2208080.0935210004,238472650.10026807
2022-03-18 00:00:00+00:00,238.47265010026805,238.53405236672674,234.0517433618893,234.05648991322605,2208080.0935210004,234056489.91322607
2022-03-18 04:00:00+00:00,234.05648991322605,234.08300181513488,229.58181965261775,229.64032972618406,2208080.0935210004,229640329.72618407
2022-03-18 08:00:00+00:00,229.64032972618406,229.72218564770873,225.17148756607318,225.22416953914205,2208080.0935210004,225224169.53914204
2022-03-18 12:00:00+00:00,225.22416953914205,225.2986248643779,220.71602765484434,220.80800935210004,2208080.0935210004,220808009.35210004
2022-03-18 16:00:00+00:00,220.80800935210004,241.86030923601706,220.80578773449793,241.78477024054956,3974544.168337801,435212586.4329892
2022-03-18 20:00:00+00:00,241.78477024054956,245.14809844765057,241.72328803770918,245.09689038083107,3974544.168337801,441174402.6854959
2022-03-19 00:00:00+00:00,245.09689038083107,248.43350790663612,245.04272207966835,248.40901052111255,3974544.168337801,447136218.9380026
2022-03-19 04:00:00+00:00,248.40901052111255,251.79189301977124,248.34298924234216,251.72113066139406,3974544.168337801,453098035.1905093
2022-03-19 08:00:00+00:00,251.72113066139406,255.04507391090786,251.64058225956433,255.03325080167556,3974544.168337801,459059851.443016
2022-03-19 12:00:00+00:00,255.03325080167556,258.4217950532038,254.97531733704753,258.34537094195707,3974544.168337801,465021667.6955227
2022-03-19 16:00:00+00:00,258.34537094195707,261.7276403294648,258.28320926764405,261.65749108223855,3974544.168337801,470983483.9480294
2022-03-19 20:00:00+00:00,261.65749108223855,265.0111797131556,261.6031961724947,264.9696112225201,3974544.168337801,476945300.20053613
2022-03-20 00:00:00+00:00,264.9696112225201,265.05777139772437,262.9144178219667,262.98233913835116,2208080.0935210004,262982339.13835117
2022-03-20 04:00:00+00:00,262.98233913835116,266.97830449624934,262.95494490014016,266.95688330668895,2208080.0935210004,266956883.30668896
2022-03-20 08:00:00+00:00,266.95688330668895,266.9999915344337,262.92132840273945,262.98233913835116,2208080.0935210004,262982339.13835117
2022-03-20 12:00:00+00:00,262.98233913835116,267.04497840318083,262.90810494090715,266.95688330668895,2208080.0935210004,266956883.30668896
2022-03-20 16:00:00+00:00,266.95688330668895,266.9988893112886,262.96123952199474,262.98233913835116,2208080.0935210004,262982339.13835117
2022-03-20 20:00:00+00:00,262.98233913835116,267.035629831255,262.87299864655756,266.95688330668895,2208080.0935210004,266956883.30668896
2022-03-21 00:00:00+00:00,266.95688330668895,267.0245077252042,262.89992702250476,262.98233913835116,2208080.0935210004,262982339.13835117
2022-03-21 04:00:00+00:00,262.98233913835116,267.06077358275985,262.876866740704,266.95688330668895,2208080.0935210004,266956883.30668896
2022-03-21 08:00:00+00:00,266.95688330668895,271.9241445933349,266.9244304501498,271.8146595124352,4857776.205746201,597992250.9273573
2022-03-21 12:00:00+00:00,271.8146595124352,276.7523324747838,271.76569612281384,276.6724357181814,4857776.205746201,608679358.579999
2022-03-21 16:00:00+00:00,276.6724357181814,281.61951151960244,276.6435718547903,281.5302119239276,4857776.205746201,619366466.2326406
2022-03-21 20:00:00+00:00,281.5302119239276,286.404865040404,281.52505698260575,286.38798812967383,4857776.205746201,630053573.8852824
2022-03-22 00:00:00+00:00,286.38798812967383,291.32447027530185,286.3861469399434,291.24576433542,4857776.205746201,640740681.5379239
2022-03-22 04:00:00+00:00,291.24576433542,296.1971216672073,291.21852238561075,296.1035405411662,4857776.205746201,651427789.1905656
2022-03-22 08:00:00+00:00,296.1035405411662,301.00561367626995,296.0084537085283,300.9613167469124,4857776.205746201,662114896.8432072
2022-03-22 12:00:00+00:00,300.9613167469124,305.880173972639,300.9432442560401,305.8190929526586,4857776.205746201,672802004.4958489
2022-03-22 16:00:00+00:00,305.8190929526586,305.8720303206461,305.7429558558826,305.8190929526586,2208080.0935210004,305819092.9526586
2022-03-22 20:00:00+00:00,305.8190929526586,305.9249177304105,302.1984116774451,302.22594443683806,2208080.0935210004,302225944.43683803
2022-03-23 00:00:00+00:00,302.22594443683806,302.26097318099954,298.6255553021721,298.63279592101753,2208080.0935210004,298632795.9210175
2022-03-23 04:00:00+00:00,298.63279592101753,298.6771876630097,295.01839611786005,295.039647405197,2208080.0935210004,295039647.40519696
2022-03-23 08:00:00+00:00,295.039647405197,295.0397489535983,291.37165310622606,291.44649888937647,2208080.0935210004,291446498.88937646
2022-03-23 12:00:00+00:00,291.44649888937647,291.49288894470953,287.7979655195772,287.8533503735559,2208080.0935210004,287853350.3735559
2022-03-23 16:00:00+00:00,287.8533503735559,287.92306344837,284.1995866321053,284.26020185773535,2208080.0935210004,284260201.8577354
2022-03-23 20:00:00+00:00,284.26020185773535,284.3634253067499,280.61702219081013,280.6670533419148,2208080.0935210004,280667053.34191483
2022-03-24 00:00:00+00:00,280.6670533419148,280.76903093589755,277.0436157163067,277.0739048260943,2208080.0935210004,277073904.82609427
2022-03-24 04:00:00+00:00,277.0739048260943,277.11004555641523,273.42684075405134,273.48075631027376,2208080.0935210004,273480756.31027377
2022-03-24 08:00:00+00:00,273.48075631027376,273.5899305275701,269.7857660479026,269.88760779445323,2208080.0935210004,269887607.7944532
2022-03-24 12:00:00+00:00,269.88760779445323,269.90832785943246,266.2722134316506,266.2944592786327,2208080.0935210004,266294459.2786327
2022-03-24 16:00:00+00:00,266.2944592786327,271.4639338133798,266.2135624990379,271.37304349373096,2208080.0935210004,271373043.49373096
2022-03-24 20:00:00+00:00,271.37304349373096,275.80656575792034,271.34531777144866,275.78920368077297,2208080.0935210004,275789203.68077296
2022-03-25 00:00:00+00:00,275.78920368077297,309.1312130929401,273.1395075685478,273.58112358725197,6624240.2805630015,820743370.761756
2022-03-25 04:00:00+00:00,273.58112358725197,273.58923533511233,269.1292095731796,269.16496340020996,2208080.0935210004,269164963.40020996
2022-03-25 08:00:00+00:00,269.16496340020996,269.2373908941936,269.0366043693542,269.16496340020996,2691649.6340020997,269164963.40020996
2022-03-25 12:00:00+00:00,269.16496340020996,269.3457441274649,269.11116638521736,269.2995458819101,2691649.6340020997,269299545.8819101
2022-03-25 16:00:00+00:00,269.2995458819101,269.483798348656,269.27453129218634,269.43412836361017,2691649.6340020997,269434128.36361015
2022-03-25 20:00:00+00:00,269.43412836361017,269.6191115494118,269.39367630590453,269.5687108453103,2691649.6340020997,269568710.8453103
2022-03-26 00:00:00+00:00,269.5687108453103,269.836186124332,269.553528447021,269.7032933270104,2691649.6340020997,269703293.3270104
2022-03-26 04:00:00+00:00,269.7032933270104,269.9230337181893,269.5994197527967,269.83787580871046,2691649.6340020997,269837875.8087105
2022-03-26 08:00:00+00:00,269.83787580871046,270.0632104784476,269.799477699521,269.9724582904106,2691649.6340020997,269972458.2904106
2022-03-26 12:00:00+00:00,269.9724582904106,270.15144807280683,269.8791527814769,270.1070407721107,2691649.6340020997,270107040.7721107
2022-03-26 16:00:00+00:00,270.1070407721107,270.333128260002,270.04501115555576,270.2416232538108,2691649.6340020997,270241623.2538108
2022-03-26 20:00:00+00:00,270.2416232538108,270.3927556629038,270.224804072919,270.3762057355109,2691649.6340020997,270376205.7355109
2022-03-27 00:00:00+00:00,270.3762057355109,270.51775006562787,270.29717278570536,270.51078821721103,2691649.6340020997,270510788.217211
2022-03-27 04:00:00+00:00,270.51078821721103,270.7597915602846,270.3806233453178,270.6453706989111,2691649.6340020997,270645370.69891113
2022-03-27 08:00:00+00:00,270.6453706989111,270.7811504001969,270.62049036766456,270.7799531806112,2691649.6340020997,270779953.18061125
2022-03-27 12:00:00+00:00,270.7799531806112,271.04626062983783,270.6504075084199,270.9145356623113,2691649.6340020997,270914535.6623113
2022-03-27 16:00:00+00:00,270.9145356623113,271.1604182635997,270.89864545486927,271.04911814401146,2691649.6340020997,271049118.14401144
2022-03-27 20:00:00+00:00,271.04911814401146,271.2893762652758,270.9715410948657,271.18370062571154,2691649.6340020997,271183700.62571156
2022-03-28 00:00:00+00:00,271.18370062571154,271.32475430242124,271.1603401617417,271.3182831074116,2691649.6340020997,271318283.1074116
2022-03-28 04:00:00+00:00,271.3182831074116,271.4807832803599,271.18424270238404,271.45286558911175,2691649.6340020997,271452865.58911175
2022-03-28 08:00:00+00:00,271.45286558911175,271.70182509655626,271.37887358337804,271.5874480708119,2691649.6340020997,271587448.07081187
2022-03-28 12:00:00+00:00,271.5874480708119,271.78023677758694,271.4701295695073,271.72203055251197,2691649.6340020997,271722030.552512
2022-03-28 16:00:00+00:00,271.72203055251197,274.63270885991915,271.6268129700262,274.5482626682142,2691649.6340020997,274548262.66821414
2022-03-28 20:00:00+00:00,274.5482626682142,279.9480190049186,274.48789407202617,279.9315619362184,2691649.6340020997,279931561.9362184
2022-03-29 00:00:00+00:00,279.9315619362184,285.3399388084211,279.8966226573974,285.31486120422255,2691649.6340020997,285314861.20422256
2022-03-29 04:00:00+00:00,285.31486120422255,290.76508402199335,285.1974912186851,290.6981604722268,2691649.6340020997,290698160.47222674
2022-03-29 08:00:00+00:00,290.6981604722268,290.8003713689038,285.1957187757187,285.31486120422255,2691649.6340020997,285314861.20422256
2022-03-29 12:00:00+00:00,285.31486120422255,285.3875165265469,279.82604476909137,279.9315619362184,2691649.6340020997,279931561.9362184
2022-03-29 16:00:00+00:00,279.9315619362184,279.9459461224365,274.43967255812623,274.5482626682142,2691649.6340020997,274548262.66821414
2022-03-29 20:00:00+00:00,274.5482626682142,274.66483614027476,269.1593463256244,269.16496340020996,2691649.6340020997,269164963.40020996
2022-03-30 00:00:00+00:00,269.16496340020996,274.56705831085617,269.1354867644131,274.5482626682142,2691649.6340020997,274548262.66821414
2022-03-30 04:00:00+00:00,274.5482626682142,279.99073216832306,274.47363152992955,279.9315619362184,2691649.6340020997,279931561.9362184
2022-03-30 08:00:00+00:00,279.9315619362184,285.39384086274316,279.9209888873859,285.31486120422255,2691649.6340020997,285314861.20422256
2022-03-30 12:00:00+00:00,285.31486120422255,290.7411124042926,285.2354241239941,290.6981604722268,2691649.6340020997,290698160.47222674
2022-03-30 16:00:00+00:00,290.6981604722268,290.7544232393565,285.18737726862764,285.31486120422255,2691649.6340020997,285314861.20422256
2022-03-30 20:00:00+00:00,285.31486120422255,285.4342310865779,279.8839477291405,279.9315619362184,2691649.6340020997,279931561.9362184
2022-03-31 00:00:00+00:00,279.9315619362184,279.99268064596646,274.4553501672931,274.5482626682142,2691649.6340020997,274548262.66821414
2022-03-31 04:00:00+00:00,274.5482626682142,274.62083588286475,269.1377916730637,269.16496340020996,2691649.6340020997,269164963.40020996
2022-03-31 08:00:00+00:00,269.16496340020996,274.67887350677233,269.05777223633294,274.5482626682142,2691649.6340020997,274548262.66821414
2022-03-31 12:00:00+00:00,274.5482626682142,279.968704431627,274.4276172798441,279.9315619362184,2691649.6340020997,279931561.9362184
2022-03-31 16:00:00+00:00,279.9315619362184,285.4352842883094,279.82184563330713,285.31486120422255,2691649.6340020997,285314861.20422256
2022-03-31 20:00:00+00:00,285.31486120422255,290.74685988631757,285.255544729469,290.6981604722268,2691649.6340020997,290698160.47222674
2022-04-01 00:00:00+00:00,290.6981604722268,290.74015572674193,285.26799347642236,285.31486120422255,2691649.6340020997,285314861.20422256
2022-04-01 04:00:00+00:00,285.31486120422255,285.433467291107,279.92029097990945,279.9315619362184,2691649.6340020997,279931561.9362184
2022-04-01 08:00:00+00:00,279.9315619362184,279.94037665113046,274.4341392256027,274.5482626682142,2691649.6340020997,274548262.66821414
2022-04-01 12:00:00+00:00,274.5482626682142,274.6648992652991,269.043325025175,269.16496340020996,2691649.6340020997,269164963.40020996
2022-04-01 16:00:00+00:00,269.16496340020996,274.659665688573,269.08980156998996,274.5482626682142,2691649.6340020997,274548262.66821414
2022-04-01 20:00:00+00:00,274.5482626682142,280.0519748799476,274.44542464660026,279.9315619362184,2691649.6340020997,279931561.9362184
2022-04-02 00:00:00+00:00,279.9315619362184,285.32290348557285,279.9008918371907,285.31486120422255,2691649.6340020997,285314861.20422256
2022-04-02 04:00:00+00:00,285.31486120422255,290.73029952178575,285.21312333951346,290.6981604722268,2691649.6340020997,290698160.47222674
2022-04-02 08:00:00+00:00,290.6981604722268,290.80248256946055,285.2812471645608,285.31486120422255,2691649.6340020997,285314861.20422256
2022-04-02 12:00:00+00:00,285.31486120422255,285.37365357317356,279.8334425936437,279.9315619362184,2691649.6340020997,279931561.9362184
2022-04-02 16:00:00+00:00,279.9315619362184,279.9322769942921,274.54665146780957,274.5482626682142,2691649.6340020997,274548262.66821414
2022-04-02 20:00:00+00:00,274.5482626682142,274.6414771356865,269.11318990083294,269.16496340020996,2691649.6340020997,269164963.40020996
2022-04-03 00:00:00+00:00,269.16496340020996,274.655897655725,269.13290707458714,274.5482626682142,2691649.6340020997,274548262.66821414
2022-04-03 04:00:00+00:00,274.5482626682142,280.0625947969201,274.54282270651436,279.9315619362184,2691649.6340020997,279931561.9362184
2022-04-03 08:00:00+00:00,279.9315619362184,285.3351379566615,279.89663975900993,285.31486120422255,2691649.6340020997,285314861.20422256
2022-04-03 12:00:00+00:00,285.31486120422255,290.73206919802925,285.1912399403791,290.6981604722268,2691649.6340020997,290698160.47222674
2022-04-03 16:00:00+00:00,290.6981604722268,290.8113928687077,285.2741447081915,285.31486120422255,2691649.6340020997,285314861.20422256
2022-04-03 20:00:00+00:00,285.31486120422255,285.3272171039233,279.91589280593337,279.9315619362184,2691649.6340020997,279931561.9362184
2022-04-04 00:00:00+00:00,279.9315619362184,279.96847394995996,274.4585223921998,274.5482626682142,2691649.6340020997,274548262.66821414
2022-04-04 04:00:00+00:00,274.5482626682142,274.6090620144182,269.06102870882125,269.16496340020996,2691649.6340020997,269164963.40020996
2022-04-04 08:00:00+00:00,269.16496340020996,294.79193653961295,269.11856056255505,294.7356349232299,4844969.341203779,530524142.86181384
2022-04-04 12:00:00+00:00,294.7356349232299,298.8461518533526,294.6113848886842,298.77310937423306,4844969.341203779,537791596.8736196
2022-04-04 16:00:00+00:00,298.77310937423306,302.9274935091055,298.6792879711823,302.8105838252362,4844969.341203779,545059050.8854252
2022-04-04 20:00:00+00:00,302.8105838252362,306.93301526496225,302.7382395469455,306.8480582762394,4844969.341203779,552326504.8972309
2022-04-05 00:00:00+00:00,306.8480582762394,310.97354968094083,306.7273924528453,310.8855327272425,4844969.341203779,559593958.9090365
2022-04-05 04:00:00+00:00,310.8855327272425,315.00270982663875,310.77665666859514,314.92300717824565,4844969.341203779,566861412.9208422
2022-04-05 08:00:00+00:00,314.92300717824565,318.98885547152975,314.8416847948519,318.9604816292488,4844969.341203779,574128866.9326478
2022-04-05 12:00:00+00:00,318.9604816292488,323.0584723190539,318.9266634058624,322.997956080252,4844969.341203779,581396320.9444535
2022-04-05 16:00:00+00:00,322.997956080252,323.1308614476783,320.50515223008176,320.57547140965005,2691649.6340020997,320575471.4096501
2022-04-05 20:00:00+00:00,320.57547140965005,325.54280723805283,320.49195336639895,325.42044075085386,2691649.6340020997,325420440.75085384
2022-04-06 00:00:00+00:00,325.42044075085386,325.5237253244851,320.4547672514004,320.57547140965005,2691649.6340020997,320575471.4096501
2022-04-06 04:00:00+00:00,320.57547140965005,325.492264953776,320.4491147057508,325.42044075085386,2691649.6340020997,325420440.75085384
2022-04-06 08:00:00+00:00,325.42044075085386,325.5373748625302,320.56720800408175,320.57547140965005,2691649.6340020997,320575471.4096501
2022-04-06 12:00:00+00:00,320.57547140965005,325.5053464788206,320.5045817991766,325.42044075085386,2691649.6340020997,325420440.75085384
2022-04-06 16:00:00+00:00,325.42044075085386,325.47394660933634,320.44934132684443,320.57547140965005,2691649.6340020997,320575471.4096501
2022-04-06 20:00:00+00:00,320.57547140965005,325.4912741572822,320.51746370918096,325.42044075085386,2691649.6340020997,325420440.75085384
2022-04-07 00:00:00+00:00,325.42044075085386,331.36879580860904,325.31899310648447,331.34206994565847,5921629.194804619,728952553.8804486
2022-04-07 04:00:00+00:00,331.34206994565847,337.340790696649,331.3111492019204,337.26369914046313,5921629.194804619,741980138.1090188
2022-04-07 08:00:00+00:00,337.26369914046313,343.2275367025256,337.1464573687618,343.1853283352677,5921629.194804619,755007722.3375889
2022-04-07 12:00:00+00:00,343.1853283352677,349.2121201904046,343.1618610620909,349.10695753007235,5921629.194804619,768035306.5661592
2022-04-07 16:00:00+00:00,349.10695753007235,355.1399564770145,349.07171247936213,355.02858672487696,5921629.194804619,781062890.7947292
2022-04-07 20:00:00+00:00,355.02858672487696,361.0839634932539,354.9955040186785,360.95021591968157,5921629.194804619,794090475.0232995
2022-04-08 00:00:00+00:00,360.95021591968157,366.98421786894005,360.9310920124007,366.87184511448623,5921629.194804619,807118059.2518696
2022-04-08 04:00:00+00:00,366.87184511448623,372.80145011948395,366.7817497813142,372.7934743092908,5921629.194804619,820145643.4804398
2022-04-08 08:00:00+00:00,372.7934743092908,372.8909558564983,372.6800535515049,372.7934743092908,2691649.6340020997,372793474.3092908
2022-04-08 12:00:00+00:00,372.7934743092908,372.9022411124543,368.39222128338247,368.4134262685056,2691649.6340020997,368413426.2685056
2022-04-08 16:00:00+00:00,368.4134262685056,368.53081479124904,364.00656923972116,364.03337822772033,2691649.6340020997,364033378.2277204
2022-04-08 20:00:00+00:00,364.03337822772033,364.09954868743233,359.59984908667536,359.65333018693514,2691649.6340020997,359653330.1869351
2022-04-09 00:00:00+00:00,359.65333018693514,359.7173795525118,355.23278856204644,355.2732821461499,2691649.6340020997,355273282.1461499
2022-04-09 04:00:00+00:00,355.2732821461499,355.3447203595892,350.80737390750727,350.8932341053647,2691649.6340020997,350893234.1053647
2022-04-09 08:00:00+00:00,350.8932341053647,350.9140854103938,346.4974319718151,346.51318606457943,2691649.6340020997,346513186.0645794
2022-04-09 12:00:00+00:00,346.51318606457943,346.6419754932113,342.0547270362744,342.1331380237942,2691649.6340020997,342133138.0237942
2022-04-09 16:00:00+00:00,342.1331380237942,342.26597150823676,337.68530471107556,337.7530899830089,2691649.6340020997,337753089.9830089
2022-04-09 20:00:00+00:00,337.7530899830089,337.7884829019142,333.3572349190293,333.3730419422237,2691649.6340020997,333373041.94222367
2022-04-10 00:00:00+00:00,333.3730419422237,333.50188261586027,328.93268301067917,328.99299390143847,2691649.6340020997,328992993.9014385
2022-04-10 04:00:00+00:00,328.99299390143847,329.02101641040366,324.56250761827664,324.61294586065327,2691649.6340020997,324612945.8606533
2022-04-10 08:00:00+00:00,324.61294586065327,330.8151450397046,324.6038666242704,330.80374001885804,2691649.6340020997,330803740.0188581
2022-04-10 12:00:00+00:00,330.80374001885804,336.285584583961,330.7598823418768,336.1870392868623,2691649.6340020997,336187039.28686225
2022-04-10 16:00:00+00:00,336.1870392868623,376.83094876029395,332.95705972605975,333.4953896528602,8074948.902006299,1000486168.9585805
2022-04-10 20:00:00+00:00,333.4953896528602,333.5222696149276,327.9942907812129,328.11209038485595,2691649.6340020997,328112090.3848559
2022-04-11 00:00:00+00:00,328.11209038485595,328.21464107497485,327.9534238702418,328.11209038485595,3281120.9038485596,328112090.384856
2022-04-11 04:00:00+00:00,328.11209038485595,328.42333977792754,328.00418076080297,328.27614643004836,3281120.9038485596,328276146.4300484
2022-04-11 08:00:00+00:00,328.27614643004836,328.5674584018948,328.2058943099544,328.4402024752408,3281120.9038485596,328440202.4752408
2022-04-11 12:00:00+00:00,328.4402024752408,328.641205121372,328.3542797444283,328.60425852043323,3281120.9038485596,328604258.52043325
2022-04-11 16:00:00+00:00,328.60425852043323,328.8175586592283,328.4610688934686,328.7683145656257,3281120.9038485596,328768314.56562567
2022-04-11 20:00:00+00:00,328.7683145656257,329.07568233433403,328.7118447248853,328.9323706108181,3281120.9038485596,328932370.6108181
2022-04-12 00:00:00+00:00,328.9323706108181,329.0972904610543,328.8355298067509,329.0964266560105,3281120.9038485596,329096426.6560105
2022-04-12 04:00:00+00:00,329.0964266560105,329.39521018772245,328.98426410156054,329.26048270120293,3281120.9038485596,329260482.7012029
2022-04-12 08:00:00+00:00,329.26048270120293,329.5553028046202,329.20217492253755,329.4245387463954,3281120.9038485596,329424538.7463954
2022-04-12 12:00:00+00:00,329.4245387463954,329.66536234935865,329.3393775016355,329.5885947915878,3281120.9038485596,329588594.7915878
2022-04-12 16:00:00+00:00,329.5885947915878,329.80236513828925,329.4630513322933,329.7526508367802,3281120.9038485596,329752650.83678025
2022-04-12 20:00:00+00:00,329.7526508367802,329.9623842867742,329.6034944741562,329.91670688197263,3281120.9038485596,329916706.8819727
2022-04-13 00:00:00+00:00,329.91670688197263,330.1225758237554,329.89192420205364,330.0807629271651,3281120.9038485596,330080762.9271651
2022-04-13 04:00:00+00:00,330.0807629271651,330.3178364309095,329.9276298331572,330.24481897235756,3281120.9038485596,330244818.9723575
2022-04-13 08:00:00+00:00,330.24481897235756,330.49164920952336,330.2439693481133,330.40887501755,3281120.9038485596,330408875.01754993
2022-04-13 12:00:00+00:00,330.40887501755,330.6637356493482,330.2853445061909,330.5729310627424,3281120.9038485596,330572931.06274235
2022-04-13 16:00:00+00:00,330.5729310627424,330.90030494742297,330.4399592364382,330.7369871079348,3281120.9038485596,330736987.10793483
2022-04-13 20:00:00+00:00,330.7369871079348,331.03108413276806,330.71455013851426,330.9010431531272,3281120.9038485596,330901043.15312725
2022-04-14 00:00:00+00:00,330.9010431531272,331.16717146210266,330.83231947684175,331.0650991983197,3281120.9038485596,331065099.1983197
2022-04-14 04:00:00+00:00,331.0650991983197,331.3914001341937,330.93135147753355,331.2291552435121,3281120.9038485596,331229155.2435121
2022-04-14 08:00:00+00:00,331.2291552435121,334.7096548860811,331.2268139685723,334.6743321925531,3281120.9038485596,334674332.1925531
2022-04-14 12:00:00+00:00,334.6743321925531,341.2628577529171,334.5712292108322,341.2365740002502,3281120.9038485596,341236574.0002502
2022-04-14 16:00:00+00:00,341.2365740002502,347.8993066329481,341.1064736751586,347.79881580794734,3281120.9038485596,347798815.80794734
2022-04-14 20:00:00+00:00,347.79881580794734,354.36826656768835,347.71465446898,354.3610576156444,3281120.9038485596,354361057.61564445
2022-04-15 00:00:00+00:00,354.3610576156444,354.3669111810714,347.6797358226065,347.79881580794734,3281120.9038485596,347798815.80794734
2022-04-15 04:00:00+00:00,347.79881580794734,347.8832864315148,341.1994278591402,341.2365740002502,3281120.9038485596,341236574.0002502
2022-04-15 08:00:00+00:00,341.2365740002502,341.3130579170099,334.6417635981263,334.6743321925531,3281120.9038485596,334674332.1925531
2022-04-15 12:00:00+00:00,334.6743321925531,334.824799110201,328.05251721344587,328.11209038485595,3281120.9038485596,328112090.384856
2022-04-15 16:00:00+00:00,328.11209038485595,334.7775605633961,328.08265774148964,334.6743321925531,3281120.9038485596,334674332.1925531
2022-04-15 20:00:00+00:00,334.6743321925531,341.32091810811494,334.6175587214587,341.2365740002502,3281120.9038485596,341236574.0002502
2022-04-16 00:00:00+00:00,341.2365740002502,347.88033089871914,341.08102851638336,347.79881580794734,3281120.9038485596,347798815.80794734
2022-04-16 04:00:00+00:00,347.79881580794734,354.40166393487834,347.70475710971664,354.3610576156444,3281120.9038485596,354361057.61564445
2022-04-16 08:00:00+00:00,354.3610576156444,354.36299249683185,347.74302558571003,347.79881580794734,3281120.9038485596,347798815.80794734
2022-04-16 12:00:00+00:00,347.79881580794734,347.8303805427761,341.192028744952,341.2365740002502,3281120.9038485596,341236574.0002502
2022-04-16 16:00:00+00:00,341.2365740002502,341.3501060531482,334.5181443588406,334.6743321925531,3281120.9038485596,334674332.1925531
2022-04-16 20:00:00+00:00,334.6743321925531,334.7072429383294,328.03917104760706,328.11209038485595,3281120.9038485596,328112090.384856
2022-04-17 00:00:00+00:00,328.11209038485595,334.7349568582255,327.95125069929907,334.6743321925531,3281120.9038485596,334674332.1925531
2022-04-17 04:00:00+00:00,334.6743321925531,341.23718662523305,334.58975758225245,341.2365740002502,3281120.9038485596,341236574.0002502
2022-04-17 08:00:00+00:00,341.2365740002502,347.93499015581955,341.15107354623393,347.79881580794734,3281120.9038485596,347798815.80794734
2022-04-17 12:00:00+00:00,347.79881580794734,354.38639788973956,347.65173291527174,354.3610576156444,3281120.9038485596,354361057.61564445
2022-04-17 16:00:00+00:00,354.3610576156444,354.4049588992474,347.67696032281714,347.79881580794734,3281120.9038485596,347798815.80794734
2022-04-17 20:00:00+00:00,347.79881580794734,347.94323961958514,341.14131438777684,341.2365740002502,3281120.9038485596,341236574.0002502
2022-04-18 00:00:00+00:00,341.2365740002502,341.32020826439265,334.6043377622704,334.6743321925531,3281120.9038485596,334674332.1925531
2022-04-18 04:00:00+00:00,334.6743321925531,334.81331231165564,327.9680183577038,328.11209038485595,3281120.9038485596,328112090.384856
2022-04-18 08:00:00+00:00,328.11209038485595,334.7792816610034,328.04455734548355,334.6743321925531,3281120.9038485596,334674332.1925531
2022-04-18 12:00:00+00:00,334.6743321925531,341.358266008313,334.52294790582346,341.2365740002502,3281120.9038485596,341236574.0002502
2022-04-18 16:00:00+00:00,341.2365740002502,347.81382621506646,341.2253008313371,347.79881580794734,3281120.9038485596,347798815.80794734
2022-04-18 20:00:00+00:00,347.79881580794734,354.4498355308598,347.72827222333865,354.3610576156444,3281120.9038485596,354361057.61564445
2022-04-19 00:00:00+00:00,354.3610576156444,354.4443607205904,347.7135862611793,347.79881580794734,3281120.9038485596,347798815.80794734
2022-04-19 04:00:00+00:00,347.79881580794734,347.941764300108,341.08056684066065,341.2365740002502,3281120.9038485596,341236574.0002502
2022-04-19 08:00:00+00:00,341.2365740002502,341.29584155304224,334.633154248799,334.6743321925531,3281120.9038485596,334674332.1925531
2022-04-19 12:00:00+00:00,334.6743321925531,334.7724679049162,327.9798547900859,328.11209038485595,3281120.9038485596,328112090.384856
2022-04-19 16:00:00+00:00,328.11209038485595,334.68405278266744,328.0011111950976,334.6743321925531,3281120.9038485596,334674332.1925531
2022-04-19 20:00:00+00:00,334.6743321925531,341.30016734053123,334.5566899150335,341.2365740002502,3281120.9038485596,341236574.0002502
2022-04-20 00:00:00+00:00,341.2365740002502,347.85181187336786,341.13328067496803,347.79881580794734,3281120.9038485596,347798815.80794734
2022-04-20 04:00:00+00:00,347.79881580794734,354.38569878918474,347.63942540045275,354.3610576156444,3281120.9038485596,354361057.61564445
2022-04-20 08:00:00+00:00,354.3610576156444,354.4949828164969,347.74423740344025,347.79881580794734,3281120.9038485596,347798815.80794734
2022-04-20 12:00:00+00:00,347.79881580794734,347.8610662462153,341.1712344870324,341.2365740002502,3281120.9038485596,341236574.0002502
2022-04-20 16:00:00+00:00,341.2365740002502,341.3971435074071,334.64104329296185,334.6743321925531,3281120.9038485596,334674332.1925531
2022-04-20 20:00:00+00:00,334.6743321925531,334.7711238964048,328.1037720780728,328.11209038485595,3281120.9038485596,328112090.384856
2022-04-21 00:00:00+00:00,328.11209038485595,359.3820021075395,328.0771615083993,359.2827389714173,5906017.626927407,646708930.1485511
2022-04-21 04:00:00+00:00,359.2827389714173,364.30908752308056,359.13255150291064,364.2044203271901,5906017.626927407,655567956.5889422
2022-04-21 08:00:00+00:00,364.2044203271901,369.2370774347323,364.06658555375316,369.12610168296294,5906017.626927407,664426983.0293334
2022-04-21 12:00:00+00:00,369.12610168296294,374.072520724823,369.10766084155676,374.0477830387358,5906017.626927407,673286009.4697244
2022-04-21 16:00:00+00:00,374.0477830387358,379.04170048058046,373.94872943967215,378.96946439450863,5906017.626927407,682145035.9101155
2022-04-21 20:00:00+00:00,378.96946439450863,383.9304476664298,378.89084931268695,383.89114575028145,5906017.626927407,691004062.3505067
2022-04-22 00:00:00+00:00,383.89114575028145,388.8788593850379,383.7935841022934,388.8128271060543,5906017.626927407,699863088.7908977
2022-04-22 04:00:00+00:00,388.8128271060543,393.75037335303153,388.7046690557758,393.73450846182715,5906017.626927407,708722115.2312889
2022-04-22 08:00:00+00:00,393.73450846182715,393.8932865043085,390.73119030506746,390.7814996483634,3281120.9038485596,390781499.6483635
2022-04-22 12:00:00+00:00,390.7814996483634,396.7227899873599,390.6237842307336,396.6875172752909,3281120.9038485596,396687517.27529085
2022-04-22 16:00:00+00:00,396.6875172752909,396.79772441116694,390.705075774519,390.7814996483634,3281120.9038485596,390781499.6483635
2022-04-22 20:00:00+00:00,390.7814996483634,396.7368030057547,390.6784559061323,396.6875172752909,3281120.9038485596,396687517.27529085
2022-04-23 00:00:00+00:00,396.6875172752909,396.8309148953945,390.6772869528302,390.7814996483634,3281120.9038485596,390781499.6483635
2022-04-23 04:00:00+00:00,390.7814996483634,396.79615760633084,390.7513314812192,396.6875172752909,3281120.9038485596,396687517.27529085
2022-04-23 08:00:00+00:00,396.6875172752909,396.7091096455171,390.7713502525265,390.7814996483634,3281120.9038485596,390781499.6483635
2022-04-23 12:00:00+00:00,390.7814996483634,396.82615682626727,390.7139878257702,396.6875172752909,3281120.9038485596,396687517.27529085
2022-04-23 16:00:00+00:00,396.6875172752909,404.0610077236276,396.56217352057365,403.9059832637577,7218465.988466831,888593163.1802669
2022-04-23 20:00:00+00:00,403.9059832637577,411.272742265679,403.7722412012159,411.12444925222457,7218465.988466831,904473788.3548939
2022-04-24 00:00:00+00:00,411.12444925222457,418.43638111095953,411.00469010300026,418.34291524069135,7218465.988466831,920354413.529521
2022-04-24 04:00:00+00:00,418.34291524069135,425.58524481390606,418.3243432838838,425.56138122915826,7218465.988466831,936235038.7041482
2022-04-24 08:00:00+00:00,425.56138122915826,432.8114220174534,425.4115398427181,432.77984721762505,7218465.988466831,952115663.878775
2022-04-24 12:00:00+00:00,432.77984721762505,440.1505417430426,432.6482682685392,439.99831320609184,7218465.988466831,967996289.0534021
2022-04-24 16:00:00+00:00,439.99831320609184,447.3073916937804,439.85432263157975,447.2167791945587,7218465.988466831,983876914.2280291
2022-04-24 20:00:00+00:00,447.2167791945587,454.4648659118707,447.13092798478885,454.43524518302553,7218465.988466831,999757539.4026561
2022-04-25 00:00:00+00:00,454.43524518302553,454.58028006081247,454.28502965470483,454.43524518302553,3281120.9038485596,454435245.1830255
2022-04-25 04:00:00+00:00,454.43524518302553,454.54049889969167,449.08831303965025,449.0959666213083,3281120.9038485596,449095966.6213083
2022-04-25 08:00:00+00:00,449.0959666213083,449.18942841094724,443.75171899328285,443.7566880595911,3281120.9038485596,443756688.0595912
2022-04-25 12:00:00+00:00,443.7566880595911,443.8184203538406,438.41409301085775,438.4174094978739,3281120.9038485596,438417409.4978739
2022-04-25 16:00:00+00:00,438.4174094978739,438.4848291962155,433.0366627065033,433.0781309361567,3281120.9038485596,433078130.9361567
2022-04-25 20:00:00+00:00,433.0781309361567,433.1174205892556,427.6980730004925,427.73885237443955,3281120.9038485596,427738852.37443954
2022-04-26 00:00:00+00:00,427.73885237443955,427.7450959023849,422.3688127572275,422.39957381272234,3281120.9038485596,422399573.8127224
2022-04-26 04:00:00+00:00,422.39957381272234,422.5433228051039,416.9672663160374,417.0602952510051,3281120.9038485596,417060295.2510051
2022-04-26 08:00:00+00:00,417.0602952510051,417.13702922059264,411.71462082638953,411.7210166892879,3281120.9038485596,411721016.6892879
2022-04-26 12:00:00+00:00,411.7210166892879,411.8108595542791,406.28488142884413,406.3817381275707,3281120.9038485596,406381738.1275707
2022-04-26 16:00:00+00:00,406.3817381275707,406.4345909660794,401.0152244326267,401.0424595658535,3281120.9038485596,401042459.56585354
2022-04-26 20:00:00+00:00,401.0424595658535,401.16571896085946,395.5919717243688,395.7031810041363,3281120.9038485596,395703181.0041363
2022-04-27 00:00:00+00:00,395.7031810041363,403.2538927819629,395.6997234648352,403.24975908298796,3281120.9038485596,403249759.08298796
2022-04-27 04:00:00+00:00,403.24975908298796,409.873060134581,403.1988081647048,409.8120008906851,3281120.9038485596,409812000.8906851
2022-04-27 08:00:00+00:00,409.8120008906851,459.35692653879835,405.8746558060668,406.53087998683657,9843362.711545678,1219592639.9605095
2022-04-27 12:00:00+00:00,406.53087998683657,406.5510411791097,399.88031099831085,399.9686381791394,3281120.9038485596,399968638.17913944
2022-04-27 16:00:00+00:00,399.9686381791394,400.0340275072375,399.80217266829027,399.9686381791394,3999686.381791394,399968638.17913944
2022-04-27 20:00:00+00:00,399.9686381791394,400.36606238549683,399.87531980631746,400.16862249822896,3999686.381791394,400168622.49822897
2022-04-28 00:00:00+00:00,400.16862249822896,400.43234398733955,399.98328300947594,400.36860681731855,3999686.381791394,400368606.81731856
2022-04-28 04:00:00+00:00,400.36860681731855,400.7262885584069,400.3310460330271,400.56859113640814,3999686.381791394,400568591.13640815
2022-04-28 08:00:00+00:00,400.56859113640814,400.94254111706766,400.5659846541244,400.7685754554977,3999686.381791394,400768575.4554977
2022-04-28 12:00:00+00:00,400.7685754554977,401.04677060332926,400.66560849962474,400.9685597745873,3999686.381791394,400968559.7745873
2022-04-28 16:00:00+00:00,400.9685597745873,401.256113601915,400.82592865722336,401.1685440936768,3999686.381791394,401168544.0936768
2022-04-28 20:00:00+00:00,401.1685440936768,401.44307234834207,400.97062121093956,401.36852841276635,3999686.381791394,401368528.4127664
2022-04-29 00:00:00+00:00,401.36852841276635,401.5899017740208,401.2409744266362,401.568512731856,3999686.381791394,401568512.731856
2022-04-29 04:00:00+00:00,401.568512731856,401.86428263116375,401.55010461317534,401.76849705094554,3999686.381791394,401768497.0509455
2022-04-29 08:00:00+00:00,401.76849705094554,402.0167480144307,401.65679388039587,401.96848137003514,3999686.381791394,401968481.3700351
2022-04-29 12:00:00+00:00,401.96848137003514,402.2198907065633,401.89124642705366,402.1684656891247,3999686.381791394,402168465.6891247
2022-04-29 16:00:00+00:00,402.1684656891247,402.4053934228221,402.1314965039775,402.3684500082142,3999686.381791394,402368450.00821424
2022-04-29 20:00:00+00:00,402.3684500082142,402.6072041971121,402.2046357306553,402.56843432730386,3999686.381791394,402568434.3273038
2022-04-30 00:00:00+00:00,402.56843432730386,402.9311714188656,402.42557556285465,402.7684186463934,3999686.381791394,402768418.6463934
2022-04-30 04:00:00+00:00,402.7684186463934,403.0529931703346,402.6067312529426,402.96840296548294,3999686.381791394,402968402.96548295
2022-04-30 08:00:00+00:00,402.96840296548294,403.21956737253765,402.8463700623795,403.16838728457253,3999686.381791394,403168387.28457254
2022-04-30 12:00:00+00:00,403.16838728457253,403.4865429081205,403.02886971979535,403.36837160366207,3999686.381791394,403368371.6036621
2022-04-30 16:00:00+00:00,403.36837160366207,403.6892009064236,403.23105372495917,403.56835592275166,3999686.381791394,403568355.92275167
2022-04-30 20:00:00+00:00,403.56835592275166,403.89770170393047,403.51759288401547,403.76834024184126,3999686.381791394,403768340.24184126
2022-05-01 00:00:00+00:00,403.76834024184126,408.1502679279141,403.65638285889077,407.9680109427222,3999686.381791394,407968010.9427222
2022-05-01 04:00:00+00:00,407.9680109427222,415.99742257332883,407.7935210649429,415.967383706305,3999686.381791394,415967383.70630497
2022-05-01 08:00:00+00:00,415.967383706305,424.041028071888,415.8934249701003,423.9667564698878,3999686.381791394,423966756.4698878
2022-05-01 12:00:00+00:00,423.9667564698878,432.023048897862,423.9334336364747,431.96612923347055,3999686.381791394,431966129.23347056
2022-05-01 16:00:00+00:00,431.96612923347055,431.9694853807776,423.9623638074319,423.9667564698878,3999686.381791394,423966756.4698878
2022-05-01 20:00:00+00:00,423.9667564698878,424.00306441042926,415.9515834184501,415.967383706305,3999686.381791394,415967383.70630497
2022-05-02 00:00:00+00:00,415.967383706305,416.04631123380204,407.88091775983827,407.9680109427222,3999686.381791394,407968010.9427222
2022-05-02 04:00:00+00:00,407.9680109427222,408.0466669172695,399.96469364309183,399.9686381791394,3999686.381791394,399968638.17913944
2022-05-02 08:00:00+00:00,399.9686381791394,408.091346860748,399.83293866089645,407.9680109427222,3999686.381791394,407968010.9427222
2022-05-02 12:00:00+00:00,407.9680109427222,416.0578299201195,407.8232043802449,415.967383706305,3999686.381791394,415967383.70630497
2022-05-02 16:00:00+00:00,415.967383706305,424.0882130799043,415.7804452627157,423.9667564698878,3999686.381791394,423966756.4698878
2022-05-02 20:00:00+00:00,423.9667564698878,432.01073773276954,423.81818900663694,431.96612923347055,3999686.381791394,431966129.23347056
2022-05-03 00:00:00+00:00,431.96612923347055,431.9929245587902,423.88141924868734,423.9667564698878,3999686.381791394,423966756.4698878
2022-05-03 04:00:00+00:00,423.9667564698878,424.0326091816729,415.812088572478,415.967383706305,3999686.381791394,415967383.70630497
2022-05-03 08:00:00+00:00,415.967383706305,415.9866038859429,407.8162825299985,407.9680109427222,3999686.381791394,407968010.9427222
2022-05-03 12:00:00+00:00,407.9680109427222,408.0411731889528,399.9555214603926,399.9686381791394,3999686.381791394,399968638.17913944
2022-05-03 16:00:00+00:00,399.9686381791394,408.0600395881897,399.96329595676957,407.9680109427222,3999686.381791394,407968010.9427222
2022-05-03 20:00:00+00:00,407.9680109427222,416.11117016068636,407.929227088695,415.967383706305,3999686.381791394,415967383.70630497
2022-05-04 00:00:00+00:00,415.967383706305,424.14014784801554,415.77764851188294,423.9667564698878,3999686.381791394,423966756.4698878
2022-05-04 04:00:00+00:00,423.9667564698878,431.97649555114367,423.8905859720722,431.96612923347055,3999686.381791394,431966129.23347056
2022-05-04 08:00:00+00:00,431.96612923347055,432.1573334231494,423.80318931588266,423.9667564698878,3999686.381791394,423966756.4698878
2022-05-04 12:00:00+00:00,423.9667564698878,424.11076546308493,415.89447028655115,415.967383706305,3999686.381791394,415967383.70630497
2022-05-04 16:00:00+00:00,415.967383706305,416.16512292116937,407.83805890139104,407.9680109427222,3999686.381791394,407968010.9427222
2022-05-04 20:00:00+00:00,407.9680109427222,407.9917645020487,399.89399238803543,399.9686381791394,3999686.381791394,399968638.17913944
2022-05-05 00:00:00+00:00,399.9686381791394,408.04300941317933,399.8044445989328,407.9680109427222,3999686.381791394,407968010.9427222
2022-05-05 04:00:00+00:00,407.9680109427222,416.06782663288584,407.8649191650072,415.967383706305,3999686.381791394,415967383.70630497
2022-05-05 08:00:00+00:00,415.967383706305,424.11618944514726,415.7784519033613,423.9667564698878,3999686.381791394,423966756.4698878
2022-05-05 12:00:00+00:00,423.9667564698878,432.02833054618674,423.8043131539487,431.96612923347055,3999686.381791394,431966129.23347056
2022-05-05 16:00:00+00:00,431.96612923347055,432.05610303377887,423.77072944319974,423.9667564698878,3999686.381791394,423966756.4698878
2022-05-05 20:00:00+00:00,423.9667564698878,424.0219840099778,415.9010870091101,415.967383706305,3999686.381791394,415967383.70630497
2022-05-06 00:00:00+00:00,415.967383706305,416.0572096955265,407.912616054917,407.9680109427222,3999686.381791394,407968010.9427222
2022-05-06 04:00:00+00:00,407.9680109427222,408.0699977474457,399.8392594768477,399.9686381791394,3999686.381791394,399968638.17913944
2022-05-06 08:00:00+00:00,399.9686381791394,408.0810076705226,399.827722681002,407.9680109427222,3999686.381791394,407968010.9427222
2022-05-06 12:00:00+00:00,407.9680109427222,416.1082108069719,407.88281261365756,415.967383706305,3999686.381791394,415967383.70630497
2022-05-06 16:00:00+00:00,415.967383706305,424.015116675246,415.9370739787743,423.9667564698878,3999686.381791394,423966756.4698878
2022-05-06 20:00:00+00:00,423.9667564698878,432.0922174431629,423.9169466217442,431.96612923347055,3999686.381791394,431966129.23347056
2022-05-07 00:00:00+00:00,431.96612923347055,431.9841570556287,423.7670199023542,423.9667564698878,3999686.381791394,423966756.4698878
2022-05-07 04:00:00+00:00,423.9667564698878,424.0889552810799,415.90611969716707,415.967383706305,3999686.381791394,415967383.70630497
2022-05-07 08:00:00+00:00,415.967383706305,416.0591840270539,407.9015620821225,407.9680109427222,3999686.381791394,407968010.9427222
2022-05-07 12:00:00+00:00,407.9680109427222,407.9949796724,399.8658247770668,399.9686381791394,3999686.381791394,399968638.17913944
2022-05-07 16:00:00+00:00,399.9686381791394,438.01699373253683,399.94536006234176,437.96565880615765,7199435.487224509,788338185.8510838
2022-05-07 20:00:00+00:00,437.96565880615765,443.97816200564944,437.93552430585106,443.96518837884474,7199435.487224509,799137339.0819205
2022-05-08 00:00:00+00:00,443.96518837884474,450.03917650570605,443.80656866236217,449.96471795153184,7199435.487224509,809936492.3127573
2022-05-08 04:00:00+00:00,449.96471795153184,456.0449971289544,449.8663438600011,455.96424752421893,7199435.487224509,820735645.5435941
2022-05-08 08:00:00+00:00,455.96424752421893,462.06152591205506,455.92051002505457,461.963777096906,7199435.487224509,831534798.7744309
2022-05-08 12:00:00+00:00,461.963777096906,467.97727705348166,461.78253923249554,467.9633066695931,7199435.487224509,842333952.0052676
2022-05-08 16:00:00+00:00,467.9633066695931,474.10596161369193,467.90985247356025,473.9628362422802,7199435.487224509,853133105.2361044
2022-05-08 20:00:00+00:00,473.9628362422802,480.02614753522374,473.8256902373372,479.9623658149673,7199435.487224509,863932258.4669411
2022-05-09 00:00:00+00:00,479.9623658149673,480.01872212054457,476.2235172382331,476.362648071355,3999686.381791394,476362648.07135504
2022-05-09 04:00:00+00:00,476.362648071355,483.7403426652348,476.34368920680106,483.56208355857956,3999686.381791394,483562083.55857956
2022-05-09 08:00:00+00:00,483.56208355857956,483.68229659932695,476.34716508649774,476.362648071355,3999686.381791394,476362648.07135504
2022-05-09 12:00:00+00:00,476.362648071355,483.6938079007127,476.2080895529835,483.56208355857956,3999686.381791394,483562083.55857956
2022-05-09 16:00:00+00:00,483.56208355857956,483.6683597136896,476.3354673470219,476.362648071355,3999686.381791394,476362648.07135504
2022-05-09 20:00:00+00:00,476.362648071355,483.60531958141155,476.32352565884963,483.56208355857956,3999686.381791394,483562083.55857956
2022-05-10 00:00:00+00:00,483.56208355857956,483.59225405173686,476.1882393173276,476.362648071355,3999686.381791394,476362648.07135504
2022-05-10 04:00:00+00:00,476.362648071355,483.598909986765,476.25248911424296,483.56208355857956,3999686.381791394,483562083.55857956
2022-05-10 08:00:00+00:00,483.56208355857956,492.4295251203674,483.38321756918145,492.36139359852064,8799310.039941067,1083195065.9167454
2022-05-10 12:00:00+00:00,492.36139359852064,501.1947127355142,492.1840411706882,501.1607036384617,8799310.039941067,1102553548.0046158
2022-05-10 16:00:00+00:00,501.1607036384617,510.0555628353972,501.01473736529556,509.96001367840273,8799310.039941067,1121912030.0924861
2022-05-10 20:00:00+00:00,509.96001367840273,518.9527822885219,509.9427444287739,518.7593237183439,8799310.039941067,1141270512.1803567
2022-05-11 00:00:00+00:00,518.7593237183439,527.7065371904044,518.6553668128724,527.5586337582849,8799310.039941067,1160628994.2682269
2022-05-11 04:00:00+00:00,527.5586337582849,536.4201274404999,527.5075179006553,536.357943798226,8799310.039941067,1179987476.356097
2022-05-11 08:00:00+00:00,536.357943798226,545.218540366306,536.324088989855,545.1572538381671,8799310.039941067,1199345958.4439673
2022-05-11 12:00:00+00:00,545.1572538381671,554.1129743510967,545.0705897444689,553.9565638781081,8799310.039941067,1218704440.5318377
2022-05-11 16:00:00+00:00,553.9565638781081,554.1514461931469,553.7958357540573,553.9565638781081,3999686.381791394,553956563.8781081
2022-05-11 20:00:00+00:00,553.9565638781081,554.0794479640955,547.2590703290953,547.4479833113749,3999686.381791394,547447983.3113749
2022-05-12 00:00:00+00:00,547.4479833113749,547.4993087370152,540.8373723884372,540.9394027446416,3999686.381791394,540939402.7446417
2022-05-12 04:00:00+00:00,540.9394027446416,541.0292766994312,534.329236780645,534.4308221779083,3999686.381791394,534430822.1779083
2022-05-12 08:00:00+00:00,534.4308221779083,534.46235810553,527.7464576969381,527.9222416111751,3999686.381791394,527922241.611175
2022-05-12 12:00:00+00:00,527.9222416111751,528.0090761812686,521.2974311714197,521.4136610444418,3999686.381791394,521413661.04444176
2022-05-12 16:00:00+00:00,521.4136610444418,521.5917291560395,514.7387262708398,514.9050804777086,3999686.381791394,514905080.4777086
2022-05-12 20:00:00+00:00,514.9050804777086,514.9456131710582,508.2970614488785,508.3964999109752,3999686.381791394,508396499.9109752
2022-05-13 00:00:00+00:00,508.3964999109752,508.48483923789684,501.69380914116334,501.88791934424194,3999686.381791394,501887919.344242
2022-05-13 04:00:00+00:00,501.88791934424194,502.01435711467843,495.23811421689254,495.3793387775087,3999686.381791394,495379338.7775087
2022-05-13 08:00:00+00:00,495.3793387775087,495.5689738690961,488.77989265849465,488.8707582107754,3999686.381791394,488870758.21077543
2022-05-13 12:00:00+00:00,488.8707582107754,488.9966308435052,482.32978927300894,482.36217764404216,3999686.381791394,482362177.6440422
2022-05-13 16:00:00+00:00,482.36217764404216,491.6500624466673,482.17933055236324,491.56145632216237,3999686.381791394,491561456.32216233
2022-05-13 20:00:00+00:00,491.56145632216237,499.6914817727167,491.5495455556411,499.5608290857451,3999686.381791394,499560829.08574516
2022-05-14 00:00:00+00:00,499.5608290857451,559.9560934507952,494.7612054275955,495.56114270395375,11999059.145374183,1486683428.1118612
2022-05-14 04:00:00+00:00,495.56114270395375,495.5809505133039,487.55833574979323,487.561769940371,3999686.381791394,487561769.9403709
